"address_x","lat","long","age","community_council_neighborhood","cpd_neighborhood","crashdate","crashlocation","crashseverity","crashseverityid","datecrashreported","dayofweek","gender","injuries","instanceid","lightconditionsprimary","localreportno","mannerofcrash","roadconditionsprimary","roadcontour","roadsurface","sna_neighborhood","typeofperson","weather","zip","injury_type_num","cost","dist","cell_id","lat_cell","long_cell","hood","hood_id"
"21XX FERGUSON RD",39.124798,-84.601516,"UNDER 18","WEST PRICE HILL","WEST PRICE HILL","10/16/2014 07:38:00 AM +0000","01 - NOT AN INTERSECTION","2 - INJURY",2,"10/16/2014 07:45:00 AM +0000","THU","M - MALE","3 - NON-INCAPACITATING","39793C8D-9193-4C59-A436-986EDAE3A038","4 - DARK - LIGHTED ROADWAY","145010259","1 - NOT COLLISION BETWEEN TWO MOTOR VEHICLES IN TRANSPORT","02 - WET","2 - STRAIGHT GRADE","2 - BLACKTOP, BITUMINOUS, ASPHALT","WEST PRICE HILL","P - PEDESTRIAN","2 - CLOUDY","45238",3,0.304,0.169618547444283,1040034,39.1254844504795,-84.6025283357909,"West Price HIll",275981
"29XX MARKBREIT",39.151338,-84.43287,"18-25","N/A","N/A","11/28/2013 02:22:00 AM +0000","01 - NOT AN INTERSECTION","2 - INJURY",2,"11/28/2013 02:23:00 AM +0000","THU","M - MALE","3 - NON-INCAPACITATING","B6C7A86E-3ABC-4A09-BD02-52C602123AD0","4 - DARK - LIGHTED ROADWAY","135012395","1 - NOT COLLISION BETWEEN TWO MOTOR VEHICLES IN TRANSPORT","01 - DRY","1 - STRAIGHT LEVEL","2 - BLACKTOP, BITUMINOUS, ASPHALT","N/A","P - PEDESTRIAN","1 - CLEAR","45209",3,0.304,0.119544229281405,290046,39.1524517595186,-84.4330874039045,"Oakley",202657
"26XX VINE ST",39.130896,-84.508838,"61-70","N/A","N/A","03/22/2018 01:10:00 PM +0000","02 - FOUR-WAY INTERSECTION","2 - INJURY",2,"03/22/2018 02:00:00 PM +0000","THU","M - MALE","2 - POSSIBLE","ABA1FAA7-E403-437D-8DC0-29D5AB4359BE","1 - DAYLIGHT","185004000","1 - NOT COLLISION BETWEEN TWO MOTOR VEHICLES IN TRANSPORT","01 - DRY","1 - STRAIGHT LEVEL","2 - BLACKTOP, BITUMINOUS, ASPHALT","N/A","P - PEDESTRIAN","1 - CLEAR","45219",2,1.103,0.105427657138623,630036,39.1299969699657,-84.5099006046367,"Corryville",200172
"X W CENTRAL PY",39.106837,-84.514309,"61-70","N/A","N/A","10/26/2015 05:45:00 AM +0000","02 - FOUR-WAY INTERSECTION","2 - INJURY",2,"10/26/2015 05:48:00 AM +0000","MON","F - FEMALE","3 - NON-INCAPACITATING","2362EFBC-7E22-4E42-8BDC-D1947CCC6016","4 - DARK - LIGHTED ROADWAY","155015473","1 - NOT COLLISION BETWEEN TWO MOTOR VEHICLES IN TRANSPORT","01 - DRY","1 - STRAIGHT LEVEL","2 - BLACKTOP, BITUMINOUS, ASPHALT","N/A","P - PEDESTRIAN","1 - CLEAR","45202",3,0.304,0.213835869601452,650026,39.107498040077,-84.5144190306818,"Over-The-Rhine",202750
"23XX CLIFTON AV",39.124286,-84.520978,"18-25","N/A","N/A","03/28/2014 02:18:38 AM +0000","02 - FOUR-WAY INTERSECTION","2 - INJURY",2,"03/28/2014 02:18:46 AM +0000","FRI","F - FEMALE","4 - INCAPACITATING","B49B7CA6-ED9F-425E-8C79-87810BDF07C4","4 - DARK - LIGHTED ROADWAY","145002408","1 - NOT COLLISION BETWEEN TWO MOTOR VEHICLES IN TRANSPORT","02 - WET","2 - STRAIGHT GRADE","1 - CONCRETE","N/A","P - PEDESTRIAN","4 - RAIN","45219",4,0.141,0.111432312886956,680033,39.1232493623901,-84.5211966698853,"CUF",273417
"35XX BURNET AV",39.146591,-84.499123,"18-25","AVONDALE","AVONDALE","05/08/2015 02:10:10 PM +0000","01 - NOT AN INTERSECTION","3 - PROPERTY DAMAGE ONLY (PDO)",3,"05/08/2015 02:30:42 PM +0000","FRI","M - MALE","1 - NO INJURY / NONE REPORTED","943DBD02-F40B-4F0B-A39C-1861EC7AA6AA","1 - DAYLIGHT","155006314","1 - NOT COLLISION BETWEEN TWO MOTOR VEHICLES IN TRANSPORT","01 - DRY","1 - STRAIGHT LEVEL","2 - BLACKTOP, BITUMINOUS, ASPHALT","AVONDALE","P - PEDESTRIAN","1 - CLEAR","45229",1,10.082,0.112180131769979,580043,39.1457434947316,-84.4986045403015,"Avondale",199345
"14XX MAIN ST",39.111663,-84.512033,"31-40","N/A","N/A","06/16/2018 01:47:00 AM +0000","01 - NOT AN INTERSECTION","2 - INJURY",2,"06/16/2018 01:47:00 AM +0000","SAT","M - MALE","4 - INCAPACITATING","29825B02-066C-42F0-8BE3-02517D96675F","4 - DARK - LIGHTED ROADWAY","185010562","1 - NOT COLLISION BETWEEN TWO MOTOR VEHICLES IN TRANSPORT","01 - DRY","1 - STRAIGHT LEVEL","2 - BLACKTOP, BITUMINOUS, ASPHALT","N/A","P - PEDESTRIAN","1 - CLEAR","45202",4,0.141,0.167756329929267,640028,39.1119975208634,-84.5121598176568,"Over-The-Rhine",202750
"48XX READING RD",39.173686,-84.466133,"UNDER 18","N/A","N/A","12/22/2015 09:20:29 AM +0000","01 - NOT AN INTERSECTION","2 - INJURY",2,"12/22/2015 09:25:46 AM +0000","TUE","F - FEMALE","3 - NON-INCAPACITATING","84664F97-7729-4365-A18D-435BE8C18F43","1 - DAYLIGHT","155018705","1 - NOT COLLISION BETWEEN TWO MOTOR VEHICLES IN TRANSPORT","02 - WET","1 - STRAIGHT LEVEL","2 - BLACKTOP, BITUMINOUS, ASPHALT","N/A","P - PEDESTRIAN","2 - CLOUDY","45237",3,0.304,0.103513455956805,440055,39.1727279444532,-84.4669755681635,"Bond Hill",199607
"4XX W 9TH ST",39.104125,-84.521406,"41-50","WEST END","WEST  END","11/23/2014 05:36:48 PM +0000","03 - T-INTERSECTION","2 - INJURY",2,"11/23/2014 05:37:01 PM +0000","SUN","F - FEMALE","3 - NON-INCAPACITATING","EFB3C262-7065-42AE-933A-ECF1113EAAB1","4 - DARK - LIGHTED ROADWAY","145012129","1 - NOT COLLISION BETWEEN TWO MOTOR VEHICLES IN TRANSPORT","02 - WET","1 - STRAIGHT LEVEL","2 - BLACKTOP, BITUMINOUS, ASPHALT","WEST END","P - PEDESTRIAN","4 - RAIN","45202",3,0.304,0.149483011646625,680025,39.1052493461075,-84.5211966699144,"West End",276647
"6XX W 3RD ST",39.0969,-84.52285,"18-25","QUEENSGATE","QUEENSGATE","09/16/2013 08:00:00 PM +0000","01 - NOT AN INTERSECTION","3 - PROPERTY DAMAGE ONLY (PDO)",3,"09/16/2013 08:08:00 PM +0000","MON","M - MALE","1 - NO INJURY / NONE REPORTED","6742B959-C72E-4328-B9D8-7D3BC8CB5F67","1 - DAYLIGHT","135010227","1 - NOT COLLISION BETWEEN TWO MOTOR VEHICLES IN TRANSPORT","01 - DRY","1 - STRAIGHT LEVEL","2 - BLACKTOP, BITUMINOUS, ASPHALT","QUEENSGATE","P - PEDESTRIAN","2 - CLOUDY","45203",1,10.082,0.0985930406362864,690021,39.0962496867373,-84.5234558830552,"Central Business District",273189
"15XX LINN ST",39.112971,-84.527784,"OVER 70","N/A","N/A","03/18/2018 09:12:00 AM +0000","02 - FOUR-WAY INTERSECTION","2 - INJURY",2,"03/18/2018 09:30:27 AM +0000","SUN","M - MALE","4 - INCAPACITATING","EE949B58-E35F-4E57-8764-25C914525749","1 - DAYLIGHT","185003810","1 - NOT COLLISION BETWEEN TWO MOTOR VEHICLES IN TRANSPORT","01 - DRY","1 - STRAIGHT LEVEL","2 - BLACKTOP, BITUMINOUS, ASPHALT","N/A","P - PEDESTRIAN","1 - CLEAR","45214",4,0.141,0.213874511565166,710028,39.112000267897,-84.5279743093478,"West End",276647
"55XX COLERAIN AV",39.19052,-84.57083,"51-60","N/A","N/A","12/25/2014 08:54:00 PM +0000","02 - FOUR-WAY INTERSECTION","2 - INJURY",2,"12/25/2014 08:55:00 PM +0000","THU","F - FEMALE","4 - INCAPACITATING","18E9E982-97F3-44B6-AE9D-B606E4935761","4 - DARK - LIGHTED ROADWAY","145013688","1 - NOT COLLISION BETWEEN TWO MOTOR VEHICLES IN TRANSPORT","01 - DRY","1 - STRAIGHT LEVEL","2 - BLACKTOP, BITUMINOUS, ASPHALT","N/A","P - PEDESTRIAN","2 - CLOUDY","45239",4,0.141,0.0971417995975353,900063,39.1907470234387,-84.5708993593275,"Mt. Airy",274620
"49XX GLENWAY",39.112644,-84.587497,"OVER 70","WEST PRICE HILL","WEST PRICE HILL","02/20/2016 01:15:53 PM +0000","02 - FOUR-WAY INTERSECTION","2 - INJURY",2,"02/20/2016 01:15:59 PM +0000","SAT","F - FEMALE","3 - NON-INCAPACITATING","328BE097-C36C-4FFB-8607-71C3F74E4272","1 - DAYLIGHT","165002591","1 - NOT COLLISION BETWEEN TWO MOTOR VEHICLES IN TRANSPORT","01 - DRY","1 - STRAIGHT LEVEL","2 - BLACKTOP, BITUMINOUS, ASPHALT","WEST PRICE HILL","P - PEDESTRIAN","1 - CLEAR","45238",3,0.304,0.108537508404258,970028,39.1119917651659,-84.5867138489149,"West Price HIll",275981
"10XX PURCELL AV",39.111512,-84.564656,"18-25","EAST PRICE HILL","EAST PRICE HILL","04/17/2015 02:08:00 PM +0000","01 - NOT AN INTERSECTION","2 - INJURY",2,"04/17/2015 02:10:00 PM +0000","FRI","M - MALE","1 - NO INJURY / NONE REPORTED","D9261CB4-DBAF-4B68-80FC-4AE735EE6C48","1 - DAYLIGHT","155005250","1 - NOT COLLISION BETWEEN TWO MOTOR VEHICLES IN TRANSPORT","01 - DRY","1 - STRAIGHT LEVEL","2 - BLACKTOP, BITUMINOUS, ASPHALT","EAST PRICE HILL","P - PEDESTRIAN","1 - CLEAR","45205",1,10.082,0.0910180902795156,870028,39.111998523745,-84.5641217202132,"East Price Hill",273561
"2XX GOODMAN ST",39.13657,-84.50235,"18-25","CORRYVILLE","CORRYVILLE","11/21/2014 07:43:00 PM +0000","01 - NOT AN INTERSECTION","2 - INJURY",2,"11/21/2014 07:45:00 PM +0000","FRI","M - MALE","2 - POSSIBLE","B413A911-A1DD-41C7-9DEA-A2D2A5186FA0","4 - DARK - LIGHTED ROADWAY","145012004","1 - NOT COLLISION BETWEEN TWO MOTOR VEHICLES IN TRANSPORT","01 - DRY","1 - STRAIGHT LEVEL","1 - CONCRETE","CORRYVILLE","P - PEDESTRIAN","1 - CLEAR","45219",2,1.103,0.216960849201901,600039,39.136745013415,-84.5031229659084,"Corryville",200172
"30XX QUEEN CITY",39.134933,-84.601008,"51-60","N/A","N/A","03/29/2013 10:02:00 PM +0000","02 - FOUR-WAY INTERSECTION","2 - INJURY",2,"03/29/2013 10:02:00 PM +0000","FRI","FEMALE","3 - NON-INCAPACITATING","94F03621-EB02-4994-8B3D-7514F4B35B75","4 - DARK - LIGHTED ROADWAY","135003896","1 - NOT COLLISION BETWEEN TWO MOTOR VEHICLES IN TRANSPORT","01 - DRY","1 - STRAIGHT LEVEL","2 - BLACKTOP, BITUMINOUS, ASPHALT","N/A","P - PEDESTRIAN","1 - CLEAR","45238",3,0.304,0.157427206026643,1030038,39.1344856351185,-84.6002691236098,"Westwood",204284
"1XX E GALBRAITH RD",39.212545,-84.467896,"51-60","N/A","N/A","06/02/2013 12:20:00 PM +0000","01 - NOT AN INTERSECTION","2 - INJURY",2,"06/02/2013 12:21:00 PM +0000","SUN","M - MALE","3 - NON-INCAPACITATING","77A5104F-8616-49C0-A982-54BF00A57E1C","1 - DAYLIGHT","135006719","1 - NOT COLLISION BETWEEN TWO MOTOR VEHICLES IN TRANSPORT","01 - DRY","1 - STRAIGHT LEVEL","2 - BLACKTOP, BITUMINOUS, ASPHALT","N/A","P - PEDESTRIAN","1 - CLEAR","45216",3,0.304,0.11160483111634,440073,39.2132279743688,-84.466975568013,"Hartwell",201193
"6XX WALNUT ST",39.103029,-84.511312,"51-60","N/A","N/A","10/28/2015 07:50:00 AM +0000","02 - FOUR-WAY INTERSECTION","2 - INJURY",2,"10/28/2015 07:55:00 AM +0000","WED","F - FEMALE","2 - POSSIBLE","07998915-5FF3-47B0-8C85-6B811D93233A","2 - DAWN","155015685","1 - NOT COLLISION BETWEEN TWO MOTOR VEHICLES IN TRANSPORT","02 - WET","1 - STRAIGHT LEVEL","2 - BLACKTOP, BITUMINOUS, ASPHALT","N/A","P - PEDESTRIAN","4 - RAIN","45202",2,1.103,0.120445558999439,640024,39.1029975128329,-84.5121598176752,"Central Business District",273189
"48XX HAMILTON AV",39.179795,-84.543665,"31-40","N/A","N/A","11/12/2012 06:25:00 AM +0000","03 - T-INTERSECTION","2 - INJURY",2,"11/12/2012 06:25:00 AM +0000","MON","F - FEMALE","4 - INCAPACITATING","0C455D6E-9E5D-4613-A01E-AB0618089283","4 - DARK - LIGHTED ROADWAY","125000029","1 - NOT COLLISION BETWEEN TWO MOTOR VEHICLES IN TRANSPORT","02 - WET","2 - STRAIGHT GRADE","2 - BLACKTOP, BITUMINOUS, ASPHALT","N/A","P - PEDESTRIAN","4 - RAIN","45223",4,0.141,0.201079792649824,780058,39.1795009398312,-84.5437888017605,"Northside",274791
"12XX W GALBRAITH",39.216082,-84.530829,"UNKNOWN","COLLEGE HILL","COLLEGE  HILL","05/29/2013 02:48:00 PM +0000","01 - NOT AN INTERSECTION","3 - PROPERTY DAMAGE ONLY (PDO)",3,"05/29/2013 02:50:00 PM +0000","WED","M - MALE","1 - NO INJURY / NONE REPORTED","625FD443-730C-4FC8-8FB0-7F5B292B57E8","1 - DAYLIGHT","135006519","1 - NOT COLLISION BETWEEN TWO MOTOR VEHICLES IN TRANSPORT","01 - DRY","1 - STRAIGHT LEVEL","2 - BLACKTOP, BITUMINOUS, ASPHALT","COLLEGE HILL","P - PEDESTRIAN","1 - CLEAR","45231",1,10.082,0.141585402020321,730074,39.2155007541559,-84.5324927356171,"College Hill",200100
"11XX ELM ST",39.107196,-84.518241,"UNDER 18","OTR","OVER-THE-RHINE","04/25/2018 08:25:00 AM +0000","02 - FOUR-WAY INTERSECTION","2 - INJURY",2,"04/25/2018 10:00:00 AM +0000","WED","F - FEMALE","3 - NON-INCAPACITATING","1545AFF0-5F91-44EB-83E9-D870EFEAAA94","1 - DAYLIGHT","185005729","1 - NOT COLLISION BETWEEN TWO MOTOR VEHICLES IN TRANSPORT","01 - DRY","1 - STRAIGHT LEVEL","2 - BLACKTOP, BITUMINOUS, ASPHALT","OVER-THE-RHINE","P - PEDESTRIAN","1 - CLEAR","45202",3,0.304,0.124141456012407,670026,39.1074989557249,-84.5189374568069,"Over-The-Rhine",202750
"7XX MAIN ST",39.104026,-84.510501,"51-60","N/A","N/A","11/18/2016 01:43:00 PM +0000","02 - FOUR-WAY INTERSECTION","2 - INJURY",2,"11/18/2016 01:45:00 PM +0000","FRI","F - FEMALE","3 - NON-INCAPACITATING","76AB9E2C-F1D6-462C-8572-762A7E0CCF89","1 - DAYLIGHT","165019161","1 - NOT COLLISION BETWEEN TWO MOTOR VEHICLES IN TRANSPORT","01 - DRY","1 - STRAIGHT LEVEL","2 - BLACKTOP, BITUMINOUS, ASPHALT","N/A","P - PEDESTRIAN","1 - CLEAR","45202",3,0.304,0.176644516289697,630024,39.1029969460217,-84.5099006046949,"Central Business District",273189
"82XX VINE ST",39.215058,-84.473643,"OVER 70","HARTWELL","HARTWELL","01/13/2015 12:33:32 PM +0000","02 - FOUR-WAY INTERSECTION","2 - INJURY",2,"01/13/2015 12:35:46 PM +0000","TUE","F - FEMALE","2 - POSSIBLE","150F7BD2-6C51-4D72-91A0-64AD2667705F","1 - DAYLIGHT","155000534","1 - NOT COLLISION BETWEEN TWO MOTOR VEHICLES IN TRANSPORT","01 - DRY","1 - STRAIGHT LEVEL","1 - CONCRETE","HARTWELL","P - PEDESTRIAN","1 - CLEAR","45216",2,1.103,0.191200733380672,470074,39.2154820341971,-84.4737532036424,"Hartwell",201193
"61XX HAMILTON",39.202248,-84.548113,"31-40","N/A","N/A","10/05/2013 09:09:00 PM +0000","01 - NOT AN INTERSECTION","2 - INJURY",2,"10/05/2013 09:09:00 PM +0000","SAT","M - MALE","3 - NON-INCAPACITATING","71016082-1FBF-4268-9728-93E860E415C7","4 - DARK - LIGHTED ROADWAY","135010837","1 - NOT COLLISION BETWEEN TWO MOTOR VEHICLES IN TRANSPORT","02 - WET","1 - STRAIGHT LEVEL","2 - BLACKTOP, BITUMINOUS, ASPHALT","N/A","P - PEDESTRIAN","4 - RAIN","45224",3,0.304,0.149979037599549,800068,39.2020007420096,-84.5483072281875,"College Hill",200100
"47XX MARBURG AV",39.161111,-84.424148,"51-60","N/A","N/A","04/17/2017 12:54:10 PM +0000","02 - FOUR-WAY INTERSECTION","2 - INJURY",2,"04/17/2017 12:54:17 PM +0000","MON","F - FEMALE","3 - NON-INCAPACITATING","BE18F8C1-C8DC-4D3A-A054-7B3E5955F2DC","1 - DAYLIGHT","175005584","1 - NOT COLLISION BETWEEN TWO MOTOR VEHICLES IN TRANSPORT","01 - DRY","1 - STRAIGHT LEVEL","2 - BLACKTOP, BITUMINOUS, ASPHALT","N/A","P - PEDESTRIAN","1 - CLEAR","45209",3,0.304,0.0966352345804496,250050,39.1614431278816,-84.424050564712,"Oakley",202657
"43XX HAMILTON AV",39.168301,-84.540853,"61-70","N/A","N/A","05/24/2017 06:17:00 PM +0000","02 - FOUR-WAY INTERSECTION","2 - INJURY",2,"05/24/2017 06:18:00 PM +0000","WED","F - FEMALE","3 - NON-INCAPACITATING","0C099211-8C2C-4D94-87BE-C5C1C5C1E31D","1 - DAYLIGHT","175007783","1 - NOT COLLISION BETWEEN TWO MOTOR VEHICLES IN TRANSPORT","02 - WET","1 - STRAIGHT LEVEL","2 - BLACKTOP, BITUMINOUS, ASPHALT","N/A","P - PEDESTRIAN","4 - RAIN","45223",3,0.304,0.150991111106231,770053,39.1682509732542,-84.5415295885432,"Northside",274791
"29XX HARRISON",39.147991,-84.597438,"OVER 70","N/A","N/A","08/11/2013 01:05:00 PM +0000","01 - NOT AN INTERSECTION","2 - INJURY",2,"08/11/2013 01:09:00 PM +0000","SUN","F - FEMALE","3 - NON-INCAPACITATING","E33D9474-BEDF-46C6-8D9B-5F53A1F7AE7F","1 - DAYLIGHT","135009262","1 - NOT COLLISION BETWEEN TWO MOTOR VEHICLES IN TRANSPORT","01 - DRY","2 - STRAIGHT GRADE","2 - BLACKTOP, BITUMINOUS, ASPHALT","N/A","P - PEDESTRIAN","1 - CLEAR","45211",3,0.304,0.154838064281399,1020044,39.1479867799255,-84.5980099113622,"Westwood",204284
"42XX VIRGINIA AV",39.166095,-84.551175,"41-50","N/A","N/A","06/29/2014 10:21:00 AM +0000","03 - T-INTERSECTION","2 - INJURY",2,"06/29/2014 10:23:00 AM +0000","SUN","M - MALE","4 - INCAPACITATING","D0EF7667-AA8E-428A-9004-1CA19BC57BE4","1 - DAYLIGHT","145005392","6 - ANGLE","01 - DRY","1 - STRAIGHT LEVEL","2 - BLACKTOP, BITUMINOUS, ASPHALT","N/A","P - PEDESTRIAN","2 - CLOUDY","45223",4,0.141,0.0628876308326086,810052,39.1660005350029,-84.5505664413975,"Northside",274791
"10XX E MCMILLAN",39.125745,-84.486806,"OVER 70","WALNUT HILLS","WALNUT HILLS","11/13/2013 06:30:00 PM +0000","02 - FOUR-WAY INTERSECTION","2 - INJURY",2,"11/13/2013 06:32:00 PM +0000","WED","F - FEMALE","3 - NON-INCAPACITATING","D194EE28-718E-4D8D-821E-27980C3B9BEC","4 - DARK - LIGHTED ROADWAY","135011974","1 - NOT COLLISION BETWEEN TWO MOTOR VEHICLES IN TRANSPORT","01 - DRY","1 - STRAIGHT LEVEL","2 - BLACKTOP, BITUMINOUS, ASPHALT","WALNUT HILLS","P - PEDESTRIAN","1 - CLEAR","45206",3,0.304,0.141446958640806,530034,39.1254888985041,-84.4873084773579,"Walnut Hills",204112
"10XX GRAND AV",39.110859,-84.560653,"31-40","N/A","N/A","11/14/2016 07:30:00 PM +0000","02 - FOUR-WAY INTERSECTION","2 - INJURY",2,"11/14/2016 07:46:00 PM +0000","MON","F - FEMALE","3 - NON-INCAPACITATING","3667A7D1-C59F-4200-86AE-F1F70F04BF4C","4 - DARK - LIGHTED ROADWAY","165018909","1 - NOT COLLISION BETWEEN TWO MOTOR VEHICLES IN TRANSPORT","01 - DRY","1 - STRAIGHT LEVEL","2 - BLACKTOP, BITUMINOUS, ASPHALT","N/A","P - PEDESTRIAN","1 - CLEAR","45205",3,0.304,0.115484758129272,850027,39.1097493501797,-84.5596032940304,"East Price Hill",273561
"51XX GLENWAY",39.1221,-84.60131,"UNDER 18","WEST PRICE HILL","WEST PRICE HILL","02/04/2014 02:55:00 PM +0000","04 - Y-INTERSECTION","2 - INJURY",2,"02/04/2014 04:00:00 PM +0000","TUE","F - FEMALE","2 - POSSIBLE","6CAF1658-1300-49AA-B593-5E5A52275F5F","1 - DAYLIGHT","145001016","1 - NOT COLLISION BETWEEN TWO MOTOR VEHICLES IN TRANSPORT","01 - DRY","1 - STRAIGHT LEVEL","2 - BLACKTOP, BITUMINOUS, ASPHALT","WEST PRICE HILL","P - PEDESTRIAN","2 - CLOUDY","45238",2,1.103,0.106955037889705,1030032,39.1209856242799,-84.6002691235822,"West Price HIll",275981
"23XX COPELEN ST",39.124933,-84.492778,"51-60","WALNUT HILLS","WALNUT HILLS","08/06/2018 09:28:00 AM +0000","01 - NOT AN INTERSECTION","2 - INJURY",2,"08/06/2018 09:28:00 AM +0000","MON","M - MALE","2 - POSSIBLE","B715FA2B-071E-46CA-8DAA-001E0D1BB688","1 - DAYLIGHT","185010873","1 - NOT COLLISION BETWEEN TWO MOTOR VEHICLES IN TRANSPORT","01 - DRY","4 - CURVE GRADE","1 - CONCRETE","WALNUT HILLS","P - PEDESTRIAN","1 - CLEAR","45206",2,1.103,0.111073882263427,550034,39.1254908608637,-84.4918269023792,"Walnut Hills",204112
"2XX E 5TH ST",39.100838,-84.509812,"26-30","N/A","N/A","05/23/2016 12:10:00 PM +0000","02 - FOUR-WAY INTERSECTION","2 - INJURY",2,"05/23/2016 12:12:00 PM +0000","MON","M - MALE","3 - NON-INCAPACITATING","07B70E18-3685-4894-818B-48B280484927","1 - DAYLIGHT","165008033","1 - NOT COLLISION BETWEEN TWO MOTOR VEHICLES IN TRANSPORT","01 - DRY","1 - STRAIGHT LEVEL","2 - BLACKTOP, BITUMINOUS, ASPHALT","N/A","P - PEDESTRIAN","1 - CLEAR","45202",3,0.304,0.218666160415596,630023,39.1007469440215,-84.5099006046997,"Central Business District",273189
"15XX VINE ST",39.113683,-84.516911,"26-30","OTR","OVER-THE-RHINE","04/02/2018 08:46:00 PM +0000","01 - NOT AN INTERSECTION","2 - INJURY",2,"04/02/2018 08:47:00 PM +0000","MON","F - FEMALE","4 - INCAPACITATING","4A9DDAD3-F076-4B5D-B06D-39497DC4CE3D","4 - DARK - LIGHTED ROADWAY","185004546","1 - NOT COLLISION BETWEEN TWO MOTOR VEHICLES IN TRANSPORT","01 - DRY","1 - STRAIGHT LEVEL","2 - BLACKTOP, BITUMINOUS, ASPHALT","OVER-THE-RHINE","P - PEDESTRIAN","1 - CLEAR","45202",4,0.141,0.164119758695227,660029,39.1142485257709,-84.5166782437173,"Over-The-Rhine",202750
"5XX E KING DR",39.135616,-84.496913,"51-60","AVONDALE","AVONDALE","11/01/2013 06:13:00 AM +0000","02 - FOUR-WAY INTERSECTION","2 - INJURY",2,"11/01/2013 06:33:00 AM +0000","FRI","F - FEMALE","4 - INCAPACITATING","592C8307-767A-445D-BE0A-1D62E91A073F","4 - DARK - LIGHTED ROADWAY","135011621","1 - NOT COLLISION BETWEEN TWO MOTOR VEHICLES IN TRANSPORT","01 - DRY","1 - STRAIGHT LEVEL","2 - BLACKTOP, BITUMINOUS, ASPHALT","AVONDALE","P - PEDESTRIAN","2 - CLOUDY","45229",4,0.141,0.155582463186011,570038,39.1344926564727,-84.4963453276164,"Avondale",199345
"23XX CLIFTON",39.122902,-84.519841,"UNDER 18","N/A","N/A","12/22/2012 03:45:36 AM +0000","02 - FOUR-WAY INTERSECTION","2 - INJURY",2,"12/22/2012 03:45:47 AM +0000","SAT","F - FEMALE","2 - POSSIBLE","730F7162-7148-41A8-9D5F-53FAAED3FF59","4 - DARK - LIGHTED ROADWAY","125000723","1 - NOT COLLISION BETWEEN TWO MOTOR VEHICLES IN TRANSPORT","01 - DRY","2 - STRAIGHT GRADE","1 - CONCRETE","N/A","P - PEDESTRIAN","2 - CLOUDY","45219",2,1.103,0.13262461539459,670033,39.1232489699246,-84.5189374567798,"CUF",273417
"49XX GLENWAY AV",39.120254,-84.598802,"31-40","WEST PRICE HILL","WEST PRICE HILL","09/23/2016 04:15:00 PM +0000","03 - T-INTERSECTION","2 - INJURY",2,"09/23/2016 04:30:00 PM +0000","FRI","F - FEMALE","2 - POSSIBLE","274086A9-5756-43D4-89BE-529904056E36","1 - DAYLIGHT","165015556","1 - NOT COLLISION BETWEEN TWO MOTOR VEHICLES IN TRANSPORT","01 - DRY","1 - STRAIGHT LEVEL","2 - BLACKTOP, BITUMINOUS, ASPHALT","WEST PRICE HILL","P - PEDESTRIAN","1 - CLEAR","45238",2,1.103,0.106367951269177,1020032,39.1209867580509,-84.5980099113089,"West Price HIll",275981
"29XX GILBERT AV",39.134151,-84.488171,"51-60","WALNUT HILLS","WALNUT HILLS","03/01/2016 08:50:00 PM +0000","02 - FOUR-WAY INTERSECTION","2 - INJURY",2,"03/01/2016 08:51:00 PM +0000","TUE","M - MALE","3 - NON-INCAPACITATING","01EC744A-162A-4BAA-9D36-83990B2BC433","4 - DARK - LIGHTED ROADWAY","165003165","1 - NOT COLLISION BETWEEN TWO MOTOR VEHICLES IN TRANSPORT","02 - WET","1 - STRAIGHT LEVEL","2 - BLACKTOP, BITUMINOUS, ASPHALT","WALNUT HILLS","P - PEDESTRIAN","2 - CLOUDY","45206",3,0.304,0.153418283868973,530038,39.1344889059406,-84.48730847733,"Walnut Hills",204112
"15XX RACE ST",39.112673,-84.517983,"41-50","N/A","N/A","04/08/2015 10:47:00 AM +0000","02 - FOUR-WAY INTERSECTION","2 - INJURY",2,"04/08/2015 10:49:00 AM +0000","WED","M - MALE","3 - NON-INCAPACITATING","D5969A35-F128-43AE-949D-6D6AF1C728FA","1 - DAYLIGHT","155004824","1 - NOT COLLISION BETWEEN TWO MOTOR VEHICLES IN TRANSPORT","02 - WET","1 - STRAIGHT LEVEL","2 - BLACKTOP, BITUMINOUS, ASPHALT","N/A","P - PEDESTRIAN","4 - RAIN","45202",3,0.304,0.15278493931883,670028,39.1119989597858,-84.5189374567992,"Over-The-Rhine",202750
"29XX GILBERT AV",39.134523,-84.487739,"31-40","N/A","N/A","06/20/2016 10:06:00 PM +0000","01 - NOT AN INTERSECTION","2 - INJURY",2,"06/20/2016 10:55:41 PM +0000","MON","F - FEMALE","3 - NON-INCAPACITATING","C567A42A-0978-4BAA-B2C2-2E219FD56874","4 - DARK - LIGHTED ROADWAY","165009648","1 - NOT COLLISION BETWEEN TWO MOTOR VEHICLES IN TRANSPORT","02 - WET","1 - STRAIGHT LEVEL","2 - BLACKTOP, BITUMINOUS, ASPHALT","N/A","P - PEDESTRIAN","4 - RAIN","45206",3,0.304,0.153418283868973,530038,39.1344889059406,-84.48730847733,"Walnut Hills",204112