"address_x","lat","long","age","community_council_neighborhood","cpd_neighborhood","crashdate","crashlocation","crashseverity","crashseverityid","datecrashreported","dayofweek","gender","injuries","instanceid","lightconditionsprimary","localreportno","mannerofcrash","roadconditionsprimary","roadcontour","roadsurface","sna_neighborhood","typeofperson","weather","zip","injury_type_num","cost","dist","cell_id","lat_cell","long_cell","hood","hood_id"
"19XX HARRISON AV",39.130464,-84.562654,"41-50","SOUTH FAIRMOUNT","SOUTH  FAIRMOUNT","08/03/2016 01:55:00 PM +0000","01 - NOT AN INTERSECTION","2 - INJURY",2,"08/03/2016 01:56:00 PM +0000","WED","M - MALE","2 - POSSIBLE","C724B5DB-F77D-4F4E-8F46-5216A3CD9D94","1 - DAYLIGHT","165012266","3 - HEAD-ON","01 - DRY","3 - CURVE LEVEL","2 - BLACKTOP, BITUMINOUS, ASPHALT","SOUTH FAIRMOUNT","P - PEDESTRIAN","2 - CLOUDY","45214",2,1.103,0.110554607730332,860036,39.1299989759954,-84.5618625071434,"South Fairmount",203599
"23XX BALTIMORE AV",39.149458,-84.562121,"41-50","EAST WESTWOOD","EAST  WESTWOOD","08/08/2015 01:13:00 PM +0000","01 - NOT AN INTERSECTION","2 - INJURY",2,"08/08/2015 01:15:00 PM +0000","SAT","F - FEMALE","2 - POSSIBLE","99997312-D3C8-48FE-A00F-ECD5C786F02D","1 - DAYLIGHT","155011023","1 - NOT COLLISION BETWEEN TWO MOTOR VEHICLES IN TRANSPORT","01 - DRY","1 - STRAIGHT LEVEL","2 - BLACKTOP, BITUMINOUS, ASPHALT","EAST WESTWOOD","P - PEDESTRIAN","1 - CLEAR","45225",2,1.103,0.201092764618112,860045,39.1502489941765,-84.5618625071522,"East Westwood",273574
"26XX HIGHLAND AV",39.129155,-84.502958,"61-70","CORRYVILLE","CORRYVILLE","10/28/2015 07:05:00 AM +0000","02 - FOUR-WAY INTERSECTION","2 - INJURY",2,"10/28/2015 07:05:00 AM +0000","WED","M - MALE","2 - POSSIBLE","41A49FA9-0899-4CEE-960E-EDD17B133AA0","4 - DARK - LIGHTED ROADWAY","155015678","1 - NOT COLLISION BETWEEN TWO MOTOR VEHICLES IN TRANSPORT","02 - WET","2 - STRAIGHT GRADE","2 - BLACKTOP, BITUMINOUS, ASPHALT","CORRYVILLE","P - PEDESTRIAN","4 - RAIN","45219",2,1.103,0.0981104404414378,600036,39.129995007542,-84.503122965925,"Corryville",200172
"53XX WARD ST",39.163768,-84.391869,"18-25","N/A","N/A","08/19/2016 11:33:00 AM +0000","01 - NOT AN INTERSECTION","2 - INJURY",2,"08/19/2016 11:44:00 AM +0000","FRI","M - MALE","2 - POSSIBLE","4F35F3FE-D99A-4CCF-8719-D34E2E0FCFF7","1 - DAYLIGHT","165013262","1 - NOT COLLISION BETWEEN TWO MOTOR VEHICLES IN TRANSPORT","01 - DRY","1 - STRAIGHT LEVEL","2 - BLACKTOP, BITUMINOUS, ASPHALT","N/A","P - PEDESTRIAN","1 - CLEAR","45227",2,1.103,0.011731205428182,110051,39.1636574042023,-84.3924216470149,"Madisonville",201948
"7XX VINE ST",39.104052,-84.512892,"51-60","N/A","N/A","12/17/2016 07:11:00 PM +0000","02 - FOUR-WAY INTERSECTION","2 - INJURY",2,"12/17/2016 07:11:00 PM +0000","SAT","M - MALE","2 - POSSIBLE","AE76055A-7E63-4BB2-9F54-2049287638A0","4 - DARK - LIGHTED ROADWAY","165021091","1 - NOT COLLISION BETWEEN TWO MOTOR VEHICLES IN TRANSPORT","02 - WET","1 - STRAIGHT LEVEL","1 - CONCRETE","N/A","P - PEDESTRIAN","4 - RAIN","45202",2,1.103,0.120445558999439,640024,39.1029975128329,-84.5121598176752,"Central Business District",273189
"76XX READING RD",39.199165,-84.456862,"41-50","ROSELAWN","ROSELAWN","02/27/2015 11:12:00 PM +0000","01 - NOT AN INTERSECTION","2 - INJURY",2,"02/27/2015 11:12:00 PM +0000","FRI","F - FEMALE","4 - INCAPACITATING","A7CDDD2B-E60B-48AB-A143-22F0CFA65001","4 - DARK - LIGHTED ROADWAY","155002783","1 - NOT COLLISION BETWEEN TWO MOTOR VEHICLES IN TRANSPORT","01 - DRY","1 - STRAIGHT LEVEL","2 - BLACKTOP, BITUMINOUS, ASPHALT","ROSELAWN","P - PEDESTRIAN","2 - CLOUDY","45237",4,0.141,0.126024424132378,400067,39.1997219432949,-84.4579387218398,"Roselawn",203265
"43XX ST LAWRENCE AV",39.110808,-84.593077,"18-25","WEST PRICE HILL","WEST PRICE HILL","10/20/2013 06:10:00 PM +0000","01 - NOT AN INTERSECTION","2 - INJURY",2,"10/20/2013 06:20:00 PM +0000","SUN","F - FEMALE","3 - NON-INCAPACITATING","4DE79372-D388-40CD-884E-9DDBC9074ABA","3 - DUSK","135011282","1 - NOT COLLISION BETWEEN TWO MOTOR VEHICLES IN TRANSPORT","01 - DRY","2 - STRAIGHT GRADE","1 - CONCRETE","WEST PRICE HILL","P - PEDESTRIAN","1 - CLEAR","45205",3,0.304,0.160358870092868,1000027,39.1097388854548,-84.5934914865309,"West Price HIll",275981
"41XX HAMILTON AV",39.161806,-84.539018,"UNDER 18","N/A","N/A","09/15/2017 03:00:46 PM +0000","03 - T-INTERSECTION","2 - INJURY",2,"09/15/2017 03:20:53 PM +0000","FRI","F - FEMALE","2 - POSSIBLE","22D2F266-6CA1-4448-86AA-AAE992E85993","1 - DAYLIGHT","175013993","1 - NOT COLLISION BETWEEN TWO MOTOR VEHICLES IN TRANSPORT","01 - DRY","1 - STRAIGHT LEVEL","2 - BLACKTOP, BITUMINOUS, ASPHALT","N/A","P - PEDESTRIAN","1 - CLEAR","45223",2,1.103,0.13574173154969,760050,39.1615009671237,-84.5392703753239,"Northside",274791
"54XX COLERAIN AV",39.190731,-84.570127,"31-40","N/A","N/A","10/24/2015 08:04:00 PM +0000","02 - FOUR-WAY INTERSECTION","2 - INJURY",2,"10/24/2015 08:06:00 PM +0000","SAT","F - FEMALE","3 - NON-INCAPACITATING","BE5C08C7-AA64-4A7B-A61E-B270D1D08D57","4 - DARK - LIGHTED ROADWAY","155015429","1 - NOT COLLISION BETWEEN TWO MOTOR VEHICLES IN TRANSPORT","02 - WET","1 - STRAIGHT LEVEL","1 - CONCRETE","N/A","P - PEDESTRIAN","4 - RAIN","45223",3,0.304,0.0971417995975353,900063,39.1907470234387,-84.5708993593275,"Mt. Airy",274620
"2XX ELM ST",39.098102,-84.515285,"61-70","N/A","N/A","05/06/2018 06:28:00 AM +0000","02 - FOUR-WAY INTERSECTION","2 - INJURY",2,"05/06/2018 06:33:00 AM +0000","SUN","F - FEMALE","3 - NON-INCAPACITATING","04ABFD2C-D275-4F84-A28E-6869BD58D85B","2 - DAWN","185006312","1 - NOT COLLISION BETWEEN TWO MOTOR VEHICLES IN TRANSPORT","01 - DRY","1 - STRAIGHT LEVEL","1 - CONCRETE","N/A","P - PEDESTRIAN","1 - CLEAR","45202",3,0.304,0.190398872345146,650022,39.0984980320062,-84.5144190306992,"Central Business District",273189
"37XX READING RD",39.151685,-84.485636,"51-60","AVONDALE - NORTH AVONDALE","NORTH AVONDALE","05/30/2018 09:55:00 PM +0000","02 - FOUR-WAY INTERSECTION","2 - INJURY",2,"05/30/2018 09:55:00 PM +0000","WED","F - FEMALE","2 - POSSIBLE","7A5AC568-3179-4065-ACF6-49178AA3A427","4 - DARK - LIGHTED ROADWAY","185007608","1 - NOT COLLISION BETWEEN TWO MOTOR VEHICLES IN TRANSPORT","02 - WET","1 - STRAIGHT LEVEL","2 - BLACKTOP, BITUMINOUS, ASPHALT","AVONDALE","P - PEDESTRIAN","4 - RAIN","45229",2,1.103,0.111914086109712,520046,39.1524878739835,-84.4850492648585,"North Avondale",274686
"1XX E 7TH ST",39.103391,-84.510423,"18-25","N/A","N/A","01/08/2016 09:05:00 AM +0000","02 - FOUR-WAY INTERSECTION","2 - INJURY",2,"01/08/2016 09:06:00 AM +0000","FRI","F - FEMALE","4 - INCAPACITATING","471F9905-5535-4E39-9017-C6D97C991F79","1 - DAYLIGHT","165000305","1 - NOT COLLISION BETWEEN TWO MOTOR VEHICLES IN TRANSPORT","02 - WET","1 - STRAIGHT LEVEL","2 - BLACKTOP, BITUMINOUS, ASPHALT","N/A","P - PEDESTRIAN","4 - RAIN","45202",4,0.141,0.176644516289697,630024,39.1029969460217,-84.5099006046949,"Central Business District",273189
"54XX GLENGATE LN",39.172596,-84.435011,"26-30","N/A","N/A","07/14/2015 04:25:11 PM +0000","01 - NOT AN INTERSECTION","2 - INJURY",2,"07/14/2015 04:27:00 PM +0000","TUE","F - FEMALE","2 - POSSIBLE","DB308561-420F-4584-BCE5-16DF1276A227","3 - DUSK","155009658","1 - NOT COLLISION BETWEEN TWO MOTOR VEHICLES IN TRANSPORT","01 - DRY","1 - STRAIGHT LEVEL","2 - BLACKTOP, BITUMINOUS, ASPHALT","N/A","P - PEDESTRIAN","1 - CLEAR","45212",2,1.103,0.141501100573598,300055,39.1727038210053,-84.4353466139523,"Pleasant Ridge",202946
"71XX DILLWARD AV",39.198315,-84.485991,"26-30","CARTHAGE","CARTHAGE","05/02/2015 04:58:00 AM +0000","01 - NOT AN INTERSECTION","2 - INJURY",2,"05/02/2015 05:00:00 AM +0000","SAT","F - FEMALE","4 - INCAPACITATING","BE8AADB6-C8C3-44CD-8F56-A8EE6A4CB397","4 - DARK - LIGHTED ROADWAY","155006028","1 - NOT COLLISION BETWEEN TWO MOTOR VEHICLES IN TRANSPORT","01 - DRY","1 - STRAIGHT LEVEL","2 - BLACKTOP, BITUMINOUS, ASPHALT","CARTHAGE","P - PEDESTRIAN","1 - CLEAR","45216",4,0.141,0.116272526509104,520066,39.197487910546,-84.4850492647153,"Carthage",199885
"61XX GLENWAY AV",39.145083,-84.619211,"UNDER 18","N/A","N/A","07/21/2018 05:00:00 PM +0000","01 - NOT AN INTERSECTION","2 - INJURY",2,"07/23/2018 08:00:00 PM +0000","SAT","M - MALE","2 - POSSIBLE","DF441608-AD84-4ACC-9DC7-65CB0020B2AC","1 - DAYLIGHT","185010243","1 - NOT COLLISION BETWEEN TWO MOTOR VEHICLES IN TRANSPORT","01 - DRY","1 - STRAIGHT LEVEL","2 - BLACKTOP, BITUMINOUS, ASPHALT","N/A","P - PEDESTRIAN","1 - CLEAR","45211",2,1.103,0.121794935418698,1110043,39.1457250022194,-84.6183428189276,"Westwood",204284
"9XX CLINTON SPRINGS AV",39.153935,-84.483532,"UNDER 18","N/A","N/A","02/21/2018 08:15:00 AM +0000","01 - NOT AN INTERSECTION","2 - INJURY",2,"02/21/2018 08:28:00 AM +0000","WED","M - MALE","2 - POSSIBLE","64F8BCBA-EAAD-4F91-9C68-11C32FC0FA11","1 - DAYLIGHT","185002553","1 - NOT COLLISION BETWEEN TWO MOTOR VEHICLES IN TRANSPORT","02 - WET","1 - STRAIGHT LEVEL","2 - BLACKTOP, BITUMINOUS, ASPHALT","N/A","P - PEDESTRIAN","4 - RAIN","45229",2,1.103,0.170758114551297,510047,39.1547367853876,-84.4827900525042,"North Avondale",274686
"1XX HUNTINGTON PL",39.119078,-84.51175,"UNKNOWN","N/A","N/A","06/07/2014 05:04:00 PM +0000","03 - T-INTERSECTION","2 - INJURY",2,"06/07/2014 05:04:00 PM +0000","SAT","M - MALE","3 - NON-INCAPACITATING","3BF2C911-0EA7-41DC-8CD1-1394DEAC2143","1 - DAYLIGHT","145004450","1 - NOT COLLISION BETWEEN TWO MOTOR VEHICLES IN TRANSPORT","01 - DRY","1 - STRAIGHT LEVEL","2 - BLACKTOP, BITUMINOUS, ASPHALT","N/A","P - PEDESTRIAN","1 - CLEAR","45219",3,0.304,0.128863175288191,640031,39.1187475268783,-84.512159817643,"Mt. Auburn",274621
"5XX MILTON ST",39.113023,-84.505978,"18-25","MOUNT AUBURN","MOUNT  AUBURN","07/10/2016 02:15:00 AM +0000","01 - NOT AN INTERSECTION","2 - INJURY",2,"07/10/2016 02:17:00 AM +0000","SUN","F - FEMALE","3 - NON-INCAPACITATING","6CB3C70D-14EC-486D-BE81-CA444793AE5D","4 - DARK - LIGHTED ROADWAY","165010806","1 - NOT COLLISION BETWEEN TWO MOTOR VEHICLES IN TRANSPORT","01 - DRY","2 - STRAIGHT GRADE","2 - BLACKTOP, BITUMINOUS, ASPHALT","MT. AUBURN","P - PEDESTRIAN","1 - CLEAR","45202",3,0.304,0.166044139833159,610028,39.1119956895074,-84.5053821788289,"Mt. Auburn",274621
"4XX ERKENBRECHER AV",39.142737,-84.498566,"41-50","N/A","N/A","06/17/2015 06:15:00 PM +0000","03 - T-INTERSECTION","2 - INJURY",2,"06/17/2015 06:20:00 PM +0000","WED","F - FEMALE","2 - POSSIBLE","B185FAFE-D4A4-47ED-8B92-74D3E3401C3A","1 - DAYLIGHT","155008331","1 - NOT COLLISION BETWEEN TWO MOTOR VEHICLES IN TRANSPORT","01 - DRY","2 - STRAIGHT GRADE","2 - BLACKTOP, BITUMINOUS, ASPHALT","N/A","P - PEDESTRIAN","2 - CLOUDY","45229",2,1.103,0.106130260044447,580042,39.1434934928025,-84.4986045403075,"Avondale",199345
"34XX CLIFTON",39.131687,-84.506119,"18-25","CORRYVILLE","CORRYVILLE","11/03/2013 04:30:00 PM +0000","01 - NOT AN INTERSECTION","2 - INJURY",2,"11/03/2013 04:35:00 PM +0000","SUN","F - FEMALE","3 - NON-INCAPACITATING","D1C3F376-5629-4B74-86C4-F9309697C47D","1 - DAYLIGHT","135011683","1 - NOT COLLISION BETWEEN TWO MOTOR VEHICLES IN TRANSPORT","01 - DRY","1 - STRAIGHT LEVEL","1 - CONCRETE","CORRYVILLE","P - PEDESTRIAN","1 - CLEAR","45220",3,0.304,0.152316322807841,610037,39.1322457072624,-84.5053821787812,"Corryville",200172
"14XX VINE ST",39.111701,-84.515203,"26-30","N/A","N/A","12/01/2015 08:23:00 PM +0000","01 - NOT AN INTERSECTION","2 - INJURY",2,"12/01/2015 08:25:00 PM +0000","TUE","M - MALE","2 - POSSIBLE","612BACD9-C679-473F-8C1C-EEDFADB48800","1 - DAYLIGHT","155017609","1 - NOT COLLISION BETWEEN TWO MOTOR VEHICLES IN TRANSPORT","01 - DRY","1 - STRAIGHT LEVEL","1 - CONCRETE","N/A","P - PEDESTRIAN","1 - CLEAR","45202",2,1.103,0.215255452044015,650028,39.1119980441079,-84.5144190306731,"Over-The-Rhine",202750
"44XX W 8TH ST",39.109166,-84.596601,"18-25","WEST PRICE HILL","WEST PRICE HILL","12/22/2014 04:55:00 PM +0000","01 - NOT AN INTERSECTION","2 - INJURY",2,"12/22/2014 04:55:00 PM +0000","MON","M - MALE","4 - INCAPACITATING","6FAE0480-E2EF-4A9B-8A6D-A6E70DEA8B98","4 - DARK - LIGHTED ROADWAY","145013496","1 - NOT COLLISION BETWEEN TWO MOTOR VEHICLES IN TRANSPORT","01 - DRY","2 - STRAIGHT GRADE","2 - BLACKTOP, BITUMINOUS, ASPHALT","WEST PRICE HILL","P - PEDESTRIAN","2 - CLOUDY","45238",4,0.141,0.135703125772546,1010027,39.1097378389825,-84.5957506989431,"West Price HIll",275981
"30XX GLENHILLS",39.128724,-84.602524,"31-40","N/A","N/A","04/12/2013 12:05:00 PM +0000","01 - NOT AN INTERSECTION","2 - INJURY",2,"04/12/2013 12:11:00 PM +0000","FRI","F - FEMALE","2 - POSSIBLE","2EAFD15C-8E59-4CA6-AB2E-56C9421EB484","1 - DAYLIGHT","135004460","1 - NOT COLLISION BETWEEN TWO MOTOR VEHICLES IN TRANSPORT","01 - DRY","1 - STRAIGHT LEVEL","2 - BLACKTOP, BITUMINOUS, ASPHALT","N/A","P - PEDESTRIAN","1 - CLEAR","45238",2,1.103,0.140681719744942,1040035,39.127734452267,-84.6025283357956,"Westwood",204284
"5XX VINE ST",39.102141,-84.513431,"31-40","N/A","N/A","08/31/2018 08:01:00 PM +0000","02 - FOUR-WAY INTERSECTION","2 - INJURY",2,"08/31/2018 08:10:00 PM +0000","FRI","F - FEMALE","2 - POSSIBLE","4B834C4A-C80B-4D9A-9C11-6669FFDD0BE2","1 - DAYLIGHT","185012224","1 - NOT COLLISION BETWEEN TWO MOTOR VEHICLES IN TRANSPORT","01 - DRY","1 - STRAIGHT LEVEL","1 - CONCRETE","N/A","P - PEDESTRIAN","1 - CLEAR","45202",2,1.103,0.11974297910776,650024,39.1029980360431,-84.5144190306905,"Central Business District",273189
"10XX MARSHALL AV",39.132051,-84.531303,"31-40","N/A","N/A","09/26/2014 06:40:00 AM +0000","02 - FOUR-WAY INTERSECTION","2 - INJURY",2,"09/26/2014 06:41:00 AM +0000","FRI","M - MALE","3 - NON-INCAPACITATING","0501E440-54AD-4C13-BBEE-7865BC5781C7","2 - DAWN","145009197","1 - NOT COLLISION BETWEEN TWO MOTOR VEHICLES IN TRANSPORT","01 - DRY","2 - STRAIGHT GRADE","2 - BLACKTOP, BITUMINOUS, ASPHALT","N/A","P - PEDESTRIAN","1 - CLEAR","45225",3,0.304,0.133180656981336,720037,39.1322505043761,-84.5302335225069,"CUF",273417
"22XX HARRISON",39.137113,-84.575605,"UNDER 18","N/A","N/A","05/30/2014 05:29:00 PM +0000","03 - T-INTERSECTION","2 - INJURY",2,"05/30/2014 05:30:00 PM +0000","FRI","M - MALE","2 - POSSIBLE","FE7CD506-B18F-4FC4-8B08-50A59AF12045","1 - DAYLIGHT","145004120","1 - NOT COLLISION BETWEEN TWO MOTOR VEHICLES IN TRANSPORT","01 - DRY","2 - STRAIGHT GRADE","2 - BLACKTOP, BITUMINOUS, ASPHALT","N/A","P - PEDESTRIAN","1 - CLEAR","45211",2,1.103,0.165074564678681,920039,39.1367457111943,-84.5754177851323,"Westwood",204284
"26XX CLIFTON AV",39.129263,-84.520006,"18-25","N/A","N/A","11/14/2014 05:45:00 PM +0000","03 - T-INTERSECTION","2 - INJURY",2,"11/14/2014 05:45:00 PM +0000","FRI","M - MALE","2 - POSSIBLE","98EA804B-F3EB-4440-879E-D4AD3CF81B95","4 - DARK - LIGHTED ROADWAY","145011674","1 - NOT COLLISION BETWEEN TWO MOTOR VEHICLES IN TRANSPORT","01 - DRY","2 - STRAIGHT GRADE","2 - BLACKTOP, BITUMINOUS, ASPHALT","N/A","P - PEDESTRIAN","1 - CLEAR","45221",2,1.103,0.160512971447994,670036,39.1299989759988,-84.5189374567681,"CUF",273417
"5XX W LIBERTY ST",39.114342,-84.527619,"41-50","N/A","N/A","06/12/2015 11:13:00 PM +0000","02 - FOUR-WAY INTERSECTION","2 - INJURY",2,"06/13/2015 12:25:15 AM +0000","FRI","M - MALE","2 - POSSIBLE","AF96DFF8-CDA3-4504-AB34-63D3F2D171F1","4 - DARK - LIGHTED ROADWAY","155008069","1 - NOT COLLISION BETWEEN TWO MOTOR VEHICLES IN TRANSPORT","02 - WET","1 - STRAIGHT LEVEL","1 - CONCRETE","N/A","P - PEDESTRIAN","4 - RAIN","45214",2,1.103,0.122985652588636,710029,39.1142502699477,-84.5279743093449,"West End",276647
"7XX S FRED SHUTTLESWORTH CR",39.152652,-84.490933,"41-50","N/A","N/A","01/09/2013 09:41:00 AM +0000","01 - NOT AN INTERSECTION","2 - INJURY",2,"01/09/2013 09:41:00 AM +0000","WED","M - MALE","2 - POSSIBLE","553E6064-0643-4103-BA32-A0D53A37CCD8","1 - DAYLIGHT","135000282","1 - NOT COLLISION BETWEEN TWO MOTOR VEHICLES IN TRANSPORT","02 - WET","3 - CURVE LEVEL","2 - BLACKTOP, BITUMINOUS, ASPHALT","N/A","P - PEDESTRIAN","4 - RAIN","45229",2,1.103,0.183401096301813,550046,39.1524908835233,-84.4918269023001,"North Avondale",274686
"9XX CLINTON SPRINGS",39.158011,-84.473261,"UNDER 18","PADDOCK HILLS","PADDOCK  HILLS","01/20/2015 06:58:00 AM +0000","02 - FOUR-WAY INTERSECTION","2 - INJURY",2,"01/20/2015 07:04:00 AM +0000","TUE","F - FEMALE","3 - NON-INCAPACITATING","4B2BABDA-82A1-4A4E-A3ED-0009F53A7878","4 - DARK - LIGHTED ROADWAY","155000806","1 - NOT COLLISION BETWEEN TWO MOTOR VEHICLES IN TRANSPORT","01 - DRY","1 - STRAIGHT LEVEL","2 - BLACKTOP, BITUMINOUS, ASPHALT","NORTH AVONDALE - PADDOCK HILLS","P - PEDESTRIAN","1 - CLEAR","45229",3,0.304,0.125495735628066,470048,39.1569819892313,-84.4737532038496,"North Avondale",274686
"32XX READING RD",39.138781,-84.496045,"18-25","N/A","N/A","08/30/2013 06:28:00 PM +0000","03 - T-INTERSECTION","2 - INJURY",2,"08/30/2013 06:29:00 PM +0000","FRI","F - FEMALE","3 - NON-INCAPACITATING","C78F7D68-4BC7-4E0A-8B29-7DCA943D66C5","1 - DAYLIGHT","135009785","6 - ANGLE","01 - DRY","1 - STRAIGHT LEVEL","2 - BLACKTOP, BITUMINOUS, ASPHALT","N/A","P - PEDESTRIAN","1 - CLEAR","45229",3,0.304,0.10295924843202,570040,39.1389926603091,-84.496345327604,"Avondale",199345
"24XX WESTWOOD NORTHERN BV",39.144126,-84.575171,"UNDER 18","N/A","N/A","06/21/2018 05:30:00 PM +0000","10 - DRIVEWAY/ALLEY ACCESS","2 - INJURY",2,"06/21/2018 05:35:00 PM +0000","THU","M - MALE","3 - NON-INCAPACITATING","A29A714A-B457-4379-8AC5-80C748018975","1 - DAYLIGHT","185008673","1 - NOT COLLISION BETWEEN TWO MOTOR VEHICLES IN TRANSPORT","02 - WET","1 - STRAIGHT LEVEL","2 - BLACKTOP, BITUMINOUS, ASPHALT","N/A","P - PEDESTRIAN","2 - CLOUDY","45211",3,0.304,0.173837529532072,920042,39.1434957170948,-84.5754177851395,"Westwood",204284
"25XX EUCLID AV",39.127363,-84.508432,"18-25","CORRYVILLE","CORRYVILLE","08/04/2014 10:38:00 AM +0000","02 - FOUR-WAY INTERSECTION","2 - INJURY",2,"08/04/2014 10:40:00 AM +0000","MON","F - FEMALE","2 - POSSIBLE","95D8780E-38CA-492F-9A73-D3BDCC3FB557","1 - DAYLIGHT","145006890","1 - NOT COLLISION BETWEEN TWO MOTOR VEHICLES IN TRANSPORT","01 - DRY","3 - CURVE LEVEL","2 - BLACKTOP, BITUMINOUS, ASPHALT","CORRYVILLE","P - PEDESTRIAN","1 - CLEAR","45219",2,1.103,0.216213906420367,620035,39.1277463574527,-84.5076413916964,"Corryville",200172
"9XX WELLS ST",39.109448,-84.569541,"UNDER 18","N/A","N/A","01/26/2017 05:00:00 PM +0000","01 - NOT AN INTERSECTION","2 - INJURY",2,"01/26/2017 06:52:00 PM +0000","THU","F - FEMALE","3 - NON-INCAPACITATING","0836BA1A-A370-4264-AFDF-6D55E95D753D","1 - DAYLIGHT","175001283","1 - NOT COLLISION BETWEEN TWO MOTOR VEHICLES IN TRANSPORT","01 - DRY","1 - STRAIGHT LEVEL","2 - BLACKTOP, BITUMINOUS, ASPHALT","N/A","P - PEDESTRIAN","2 - CLOUDY","45205",3,0.304,0.196289340953965,890027,39.1097475188524,-84.5686401462761,"East Price Hill",273561
"42XX RIDGE AV",39.153096,-84.423416,"OVER 70","N/A","N/A","03/10/2014 03:35:00 PM +0000","02 - FOUR-WAY INTERSECTION","1 - FATAL INJURY",1,"03/10/2014 03:35:00 PM +0000","MON","M - MALE","5 - FATAL","22665BCB-F622-4D70-8EEC-4DEF7024DB56","1 - DAYLIGHT","145001944","1 - NOT COLLISION BETWEEN TWO MOTOR VEHICLES IN TRANSPORT","01 - DRY","1 - STRAIGHT LEVEL","2 - BLACKTOP, BITUMINOUS, ASPHALT","N/A","P - PEDESTRIAN","1 - CLEAR","45209",5,0.046,0.144453232372096,250046,39.1524431234548,-84.4240505647468,"Oakley",202657
"74XX VINE ST",39.197929,-84.476682,"41-50","CARTHAGE","CARTHAGE","11/27/2017 12:35:00 PM +0000","02 - FOUR-WAY INTERSECTION","2 - INJURY",2,"11/27/2017 12:35:00 PM +0000","MON","F - FEMALE","4 - INCAPACITATING","A7A3C6DB-5911-457C-93BF-7A8ABC73D6D5","1 - DAYLIGHT","175018116","1 - NOT COLLISION BETWEEN TWO MOTOR VEHICLES IN TRANSPORT","01 - DRY","1 - STRAIGHT LEVEL","2 - BLACKTOP, BITUMINOUS, ASPHALT","CARTHAGE","P - PEDESTRIAN","1 - CLEAR","45216",4,0.141,0.144777214257091,480066,39.1974832856976,-84.4760124157537,"Carthage",199885
"46XX KINGS RUN DR",39.176571,-84.510011,"31-40","SPRING GROVE VILLAGE","SPRING GROVE VILLAGE","03/01/2017 09:15:00 AM +0000","01 - NOT AN INTERSECTION","2 - INJURY",2,"03/01/2017 09:20:00 AM +0000","WED","F - FEMALE","3 - NON-INCAPACITATING","7558D57D-F1F1-4F01-B197-1AF35C4E39D2","1 - DAYLIGHT","175002960","1 - NOT COLLISION BETWEEN TWO MOTOR VEHICLES IN TRANSPORT","02 - WET","1 - STRAIGHT LEVEL","2 - BLACKTOP, BITUMINOUS, ASPHALT","SPRING GROVE VILLAGE","P - PEDESTRIAN","4 - RAIN","45232",3,0.304,0.15157549764797,630057,39.1772470116069,-84.5099006045349,"Winton Place",204406
"23XX STRATFORD AV",39.127015,-84.522198,"18-25","CUF - HEIGHTS","FAIRVIEW","02/24/2018 10:13:52 PM +0000","03 - T-INTERSECTION","2 - INJURY",2,"02/24/2018 10:47:06 PM +0000","SAT","M - MALE","3 - NON-INCAPACITATING","78664D5F-F387-4B2B-AB01-A0C089E215C9","4 - DARK - LIGHTED ROADWAY","185002761","1 - NOT COLLISION BETWEEN TWO MOTOR VEHICLES IN TRANSPORT","02 - WET","2 - STRAIGHT GRADE","2 - BLACKTOP, BITUMINOUS, ASPHALT","CUF","P - PEDESTRIAN","4 - RAIN","45219",3,0.304,0.110321248608516,680035,39.1277493664531,-84.5211966698781,"CUF",273417
"31XX READING",39.135966,-84.497432,"41-50","N/A","N/A","07/27/2013 01:37:00 AM +0000","01 - NOT AN INTERSECTION","2 - INJURY",2,"07/27/2013 01:39:00 AM +0000","SAT","F - FEMALE","3 - NON-INCAPACITATING","3C80C9B6-AD3D-436F-97F7-D31D6717C711","4 - DARK - LIGHTED ROADWAY","135008878","1 - NOT COLLISION BETWEEN TWO MOTOR VEHICLES IN TRANSPORT","01 - DRY","1 - STRAIGHT LEVEL","2 - BLACKTOP, BITUMINOUS, ASPHALT","N/A","P - PEDESTRIAN","2 - CLOUDY","45229",3,0.304,0.103160318257744,570039,39.1367426583912,-84.4963453276102,"Avondale",199345
"32XX MCHENRY AV",39.144042,-84.574376,"UNDER 18","WESTWOOD","WESTWOOD","10/03/2014 03:58:00 PM +0000","03 - T-INTERSECTION","2 - INJURY",2,"10/03/2014 04:00:00 PM +0000","FRI","M - MALE","3 - NON-INCAPACITATING","683B6A18-E1FA-43E6-943F-EE3356C58902","1 - DAYLIGHT","145009542","1 - NOT COLLISION BETWEEN TWO MOTOR VEHICLES IN TRANSPORT","02 - WET","1 - STRAIGHT LEVEL","2 - BLACKTOP, BITUMINOUS, ASPHALT","WESTWOOD","P - PEDESTRIAN","2 - CLOUDY","45211",3,0.304,0.173837529532072,920042,39.1434957170948,-84.5754177851395,"Westwood",204284