"address_x","lat","long","age","community_council_neighborhood","cpd_neighborhood","crashdate","crashlocation","crashseverity","crashseverityid","datecrashreported","dayofweek","gender","injuries","instanceid","lightconditionsprimary","localreportno","mannerofcrash","roadconditionsprimary","roadcontour","roadsurface","sna_neighborhood","typeofperson","weather","zip","injury_type_num","cost","dist","cell_id","lat_cell","long_cell","hood","hood_id"
"X EHRMAN AV",39.150773,-84.508188,"31-40","AVONDALE","AVONDALE","06/10/2018 09:45:00 PM +0000","03 - T-INTERSECTION","2 - INJURY",2,"06/10/2018 10:00:00 PM +0000","SUN","F - FEMALE","3 - NON-INCAPACITATING","7BB09BD1-5A16-4151-BFF3-31390D7561CF","4 - DARK - LIGHTED ROADWAY","185008126","1 - NOT COLLISION BETWEEN TWO MOTOR VEHICLES IN TRANSPORT","01 - DRY","2 - STRAIGHT GRADE","1 - CONCRETE","AVONDALE","P - PEDESTRIAN","1 - CLEAR","45220",3,0.304,0.105750163267051,620045,39.1502463772312,-84.5076413916456,"Avondale",199345
"8XX W 8TH ST",39.102701,-84.529164,"18-25","QUEENSGATE","QUEENSGATE","03/31/2018 01:36:00 AM +0000","01 - NOT AN INTERSECTION","2 - INJURY",2,"03/31/2018 01:36:00 AM +0000","SAT","F - FEMALE","3 - NON-INCAPACITATING","450CAB72-CA3E-4629-8E33-7A009960D268","4 - DARK - LIGHTED ROADWAY","185004421","1 - NOT COLLISION BETWEEN TWO MOTOR VEHICLES IN TRANSPORT","01 - DRY","1 - STRAIGHT LEVEL","1 - CONCRETE","QUEENSGATE","P - PEDESTRIAN","1 - CLEAR","45203",3,0.304,0.133173705372987,720024,39.1030004776906,-84.5302335225408,"Central Business District",273189
"19XX HARRISON AV",39.125221,-84.544862,"41-50","N/A","N/A","01/17/2015 06:48:00 PM +0000","02 - FOUR-WAY INTERSECTION","2 - INJURY",2,"01/17/2015 07:00:00 PM +0000","SAT","F - FEMALE","3 - NON-INCAPACITATING","7215E33F-2F51-4309-A4D2-1A34E2B96B03","4 - DARK - LIGHTED ROADWAY","155000733","1 - NOT COLLISION BETWEEN TWO MOTOR VEHICLES IN TRANSPORT","01 - DRY","2 - STRAIGHT GRADE","2 - BLACKTOP, BITUMINOUS, ASPHALT","N/A","P - PEDESTRIAN","2 - CLOUDY","45214",3,0.304,0.202355134976786,780034,39.1255008907005,-84.5437888017859,"South Fairmount",203599
"12XX HOPPLE ST",39.138546,-84.537183,"31-40","N/A","N/A","06/13/2016 09:26:00 AM +0000","02 - FOUR-WAY INTERSECTION","2 - INJURY",2,"06/13/2016 09:36:00 AM +0000","MON","M - MALE","2 - POSSIBLE","60667727-B2B5-4452-8FD4-3907FAEA9CBC","1 - DAYLIGHT","165009232","1 - NOT COLLISION BETWEEN TWO MOTOR VEHICLES IN TRANSPORT","01 - DRY","1 - STRAIGHT LEVEL","2 - BLACKTOP, BITUMINOUS, ASPHALT","N/A","P - PEDESTRIAN","1 - CLEAR","45225",2,1.103,0.132634258387202,750040,39.1390009030257,-84.5370111621204,"Camp Washington",199841
"30XX ROBERTSON",39.155794,-84.431686,"51-60","N/A","N/A","04/01/2014 05:00:00 PM +0000","02 - FOUR-WAY INTERSECTION","2 - INJURY",2,"04/01/2014 05:05:00 PM +0000","TUE","M - MALE","3 - NON-INCAPACITATING","E4BEF4E1-E42B-4E35-BF03-B3D35500237E","1 - DAYLIGHT","145002511","1 - NOT COLLISION BETWEEN TWO MOTOR VEHICLES IN TRANSPORT","01 - DRY","1 - STRAIGHT LEVEL","2 - BLACKTOP, BITUMINOUS, ASPHALT","N/A","P - PEDESTRIAN","1 - CLEAR","45209",3,0.304,0.0993482583671825,280047,39.1546996671409,-84.4308281938996,"Oakley",202657
"19XX HARRISON AV",39.131062,-84.561068,"51-60","SOUTH FAIRMOUNT","SOUTH  FAIRMOUNT","08/11/2016 11:33:00 AM +0000","03 - T-INTERSECTION","2 - INJURY",2,"08/11/2016 11:33:00 AM +0000","THU","M - MALE","3 - NON-INCAPACITATING","FAA9BF52-002C-4D2E-A9A3-C1DF6B59CAD7","1 - DAYLIGHT","165012728","1 - NOT COLLISION BETWEEN TWO MOTOR VEHICLES IN TRANSPORT","01 - DRY","4 - CURVE GRADE","2 - BLACKTOP, BITUMINOUS, ASPHALT","NORTH FAIRMOUNT","P - PEDESTRIAN","1 - CLEAR","45214",3,0.304,0.110554607730332,860036,39.1299989759954,-84.5618625071434,"South Fairmount",203599
"13XX DELTA AV",39.137011,-84.426783,"31-40","N/A","N/A","08/17/2018 07:48:00 AM +0000","02 - FOUR-WAY INTERSECTION","2 - INJURY",2,"08/17/2018 07:48:00 AM +0000","FRI","M - MALE","3 - NON-INCAPACITATING","7B3CB3CF-71CD-4F47-BBF6-B1A4663BED3A","1 - DAYLIGHT","185011474","1 - NOT COLLISION BETWEEN TWO MOTOR VEHICLES IN TRANSPORT","02 - WET","2 - STRAIGHT GRADE","2 - BLACKTOP, BITUMINOUS, ASPHALT","N/A","P - PEDESTRIAN","4 - RAIN","45208",3,0.304,0.136514194017171,260039,39.1366953398788,-84.4263097743884,"Hyde Park",201414
"62XX GLENWAY AV",39.14595,-84.62406,"26-30","N/A","N/A","01/26/2015 04:23:00 PM +0000","10 - DRIVEWAY/ALLEY ACCESS","2 - INJURY",2,"01/26/2015 04:26:00 PM +0000","MON","M - MALE","2 - POSSIBLE","F2692C22-1165-4518-B15F-3241E4F7007E","1 - DAYLIGHT","155001100","1 - NOT COLLISION BETWEEN TWO MOTOR VEHICLES IN TRANSPORT","01 - DRY","2 - STRAIGHT GRADE","2 - BLACKTOP, BITUMINOUS, ASPHALT","N/A","P - PEDESTRIAN","1 - CLEAR","45211",2,1.103,0.0780323049375453,1130043,39.1457219055978,-84.6228612418413,"Westwood",204284
"31XX EDEN AV",39.135955,-84.505635,"18-25","CORRYVILLE","CORRYVILLE","06/08/2015 09:00:00 AM +0000","03 - T-INTERSECTION","2 - INJURY",2,"06/08/2015 09:08:00 AM +0000","MON","F - FEMALE","3 - NON-INCAPACITATING","608653FB-47E5-463B-B08B-DD818C69D1A3","1 - DAYLIGHT","155007816","1 - NOT COLLISION BETWEEN TWO MOTOR VEHICLES IN TRANSPORT","01 - DRY","1 - STRAIGHT LEVEL","2 - BLACKTOP, BITUMINOUS, ASPHALT","CORRYVILLE","P - PEDESTRIAN","2 - CLOUDY","45219",3,0.304,0.0928654907953208,610039,39.1367457111998,-84.5053821787705,"Corryville",200172
"1XX E CENTRAL PY",39.106768,-84.513571,"18-25","OTR","OVER-THE-RHINE","07/25/2014 11:30:00 AM +0000","02 - FOUR-WAY INTERSECTION","3 - PROPERTY DAMAGE ONLY (PDO)",3,"07/25/2014 11:30:00 AM +0000","FRI","M - MALE","1 - NO INJURY / NONE REPORTED","5FB9BA6C-125D-41D2-9609-1FB5ABF2C3AA","1 - DAYLIGHT","145006496","1 - NOT COLLISION BETWEEN TWO MOTOR VEHICLES IN TRANSPORT","01 - DRY","1 - STRAIGHT LEVEL","1 - CONCRETE","OVER-THE-RHINE","P - PEDESTRIAN","1 - CLEAR","45202",1,10.082,0.213835869601452,650026,39.107498040077,-84.5144190306818,"Over-The-Rhine",202750
"30XX HARRISON AV",39.150573,-84.600338,"OVER 70","N/A","N/A","01/28/2015 10:42:00 AM +0000","01 - NOT AN INTERSECTION","1 - FATAL INJURY",1,"01/28/2015 10:43:00 AM +0000","WED","M - MALE","5 - FATAL","AC3C6D58-B472-4342-8BDE-8F6CA1E8ACA4","1 - DAYLIGHT","155001203","1 - NOT COLLISION BETWEEN TWO MOTOR VEHICLES IN TRANSPORT","02 - WET","1 - STRAIGHT LEVEL","2 - BLACKTOP, BITUMINOUS, ASPHALT","N/A","P - PEDESTRIAN","1 - CLEAR","45211",5,0.046,0.0841544342540708,1030045,39.1502356477325,-84.6002691236421,"Westwood",204284
"1XX E 2ND ST",39.097209,-84.510907,"UNKNOWN","DOWNTOWN","C. B. D. / RIVERFRONT","03/21/2016 09:00:00 AM +0000","02 - FOUR-WAY INTERSECTION","3 - PROPERTY DAMAGE ONLY (PDO)",3,"03/21/2016 09:03:00 AM +0000","MON","","1 - NO INJURY / NONE REPORTED","8D69381F-49B7-408D-82F7-80491A519B8B","1 - DAYLIGHT","165004204","1 - NOT COLLISION BETWEEN TWO MOTOR VEHICLES IN TRANSPORT","01 - DRY","1 - STRAIGHT LEVEL","1 - CONCRETE","DOWNTOWN","P - PEDESTRIAN","1 - CLEAR","45202",1,10.082,0.150154909578713,630021,39.0962469400188,-84.5099006047094,"Central Business District",273189
"34XX MCHENRY AV",39.145714,-84.572276,"UNDER 18","N/A","N/A","09/13/2015 07:00:11 PM +0000","01 - NOT AN INTERSECTION","2 - INJURY",2,"09/13/2015 07:20:12 PM +0000","SUN","F - FEMALE","3 - NON-INCAPACITATING","E2B2F722-09B8-49A0-B93A-6B3D351BD116","1 - DAYLIGHT","155013087","1 - NOT COLLISION BETWEEN TWO MOTOR VEHICLES IN TRANSPORT","01 - DRY","1 - STRAIGHT LEVEL","2 - BLACKTOP, BITUMINOUS, ASPHALT","N/A","P - PEDESTRIAN","1 - CLEAR","45225",3,0.304,0.132861590917848,910043,39.1457463732763,-84.5731585722355,"East Westwood",273574
"N I71 AT 4-6 MM",39.142989,-84.482428,"31-40","EVANSTON","EVANSTON","07/13/2014 01:57:00 AM +0000","01 - NOT AN INTERSECTION","2 - INJURY",2,"07/13/2014 02:00:00 AM +0000","SUN","M - MALE","2 - POSSIBLE","788BF2C2-DE05-4CA5-B61C-09F987A01B30","4 - DARK - LIGHTED ROADWAY","145005981","1 - NOT COLLISION BETWEEN TWO MOTOR VEHICLES IN TRANSPORT","01 - DRY","1 - STRAIGHT LEVEL","2 - BLACKTOP, BITUMINOUS, ASPHALT","EVANSTON","P - PEDESTRIAN","1 - CLEAR","",2,1.103,0.168758591256136,510042,39.1434867762956,-84.4827900525408,"Evanston",200632
"5XX READING RD",39.108988,-84.505526,"51-60","N/A","N/A","06/07/2016 07:35:00 AM +0000","01 - NOT AN INTERSECTION","2 - INJURY",2,"06/07/2016 07:37:00 AM +0000","TUE","M - MALE","3 - NON-INCAPACITATING","2AEA1CA3-4B31-4921-97A4-9C991E75CA2A","1 - DAYLIGHT","165008875","1 - NOT COLLISION BETWEEN TWO MOTOR VEHICLES IN TRANSPORT","01 - DRY","1 - STRAIGHT LEVEL","2 - BLACKTOP, BITUMINOUS, ASPHALT","N/A","P - PEDESTRIAN","1 - CLEAR","45202",3,0.304,0.11473541529123,610027,39.1097456875309,-84.5053821788343,"Pendleton",202841
"34XX CLIFTON AV",39.142991,-84.519715,"26-30","N/A","N/A","06/13/2017 09:07:00 AM +0000","02 - FOUR-WAY INTERSECTION","2 - INJURY",2,"06/13/2017 09:07:00 AM +0000","TUE","F - FEMALE","2 - POSSIBLE","61AA4176-DAED-4C60-9428-2197C7A298C4","1 - DAYLIGHT","175008866","1 - NOT COLLISION BETWEEN TWO MOTOR VEHICLES IN TRANSPORT","01 - DRY","1 - STRAIGHT LEVEL","2 - BLACKTOP, BITUMINOUS, ASPHALT","N/A","P - PEDESTRIAN","1 - CLEAR","45220",2,1.103,0.108990433484349,670042,39.1434989881264,-84.5189374567449,"Clifton",200052
"26XX JEFFERSON AV",39.129651,-84.512348,"18-25","N/A","N/A","09/29/2017 08:41:12 PM +0000","01 - NOT AN INTERSECTION","2 - INJURY",2,"09/29/2017 08:44:23 PM +0000","FRI","M - MALE","3 - NON-INCAPACITATING","00B0521A-83B6-442E-8D90-FCCB3CD78140","4 - DARK - LIGHTED ROADWAY","175014759","1 - NOT COLLISION BETWEEN TWO MOTOR VEHICLES IN TRANSPORT","01 - DRY","2 - STRAIGHT GRADE","2 - BLACKTOP, BITUMINOUS, ASPHALT","N/A","P - PEDESTRIAN","1 - CLEAR","45221",3,0.304,0.109672164668597,640036,39.1299975368881,-84.5121598176199,"CUF",273417
"XX E 7TH ST",39.104304,-84.512409,"18-25","N/A","N/A","09/02/2016 12:10:00 PM +0000","10 - DRIVEWAY/ALLEY ACCESS","2 - INJURY",2,"09/02/2016 12:16:00 PM +0000","FRI","F - FEMALE","3 - NON-INCAPACITATING","34DEE435-7827-40AA-893E-91ECC7D873D0","1 - DAYLIGHT","165014191","1 - NOT COLLISION BETWEEN TWO MOTOR VEHICLES IN TRANSPORT","01 - DRY","1 - STRAIGHT LEVEL","1 - CONCRETE","N/A","P - PEDESTRIAN","1 - CLEAR","45202",3,0.304,0.149580060022916,640025,39.1052475148416,-84.5121598176706,"Central Business District",273189
"29XX GLENWAY AV",39.112381,-84.560871,"UNDER 18","EAST PRICE HILL","EAST PRICE HILL","10/21/2016 08:20:00 AM +0000","02 - FOUR-WAY INTERSECTION","3 - PROPERTY DAMAGE ONLY (PDO)",3,"10/21/2016 08:20:00 AM +0000","FRI","F - FEMALE","1 - NO INJURY / NONE REPORTED","86DFEE5F-2E21-4B47-99E3-DC38387831A9","1 - DAYLIGHT","165017418","1 - NOT COLLISION BETWEEN TWO MOTOR VEHICLES IN TRANSPORT","02 - WET","1 - STRAIGHT LEVEL","2 - BLACKTOP, BITUMINOUS, ASPHALT","EAST PRICE HILL","P - PEDESTRIAN","2 - CLOUDY","45204",1,10.082,0.126769466139505,860028,39.1119989597824,-84.5618625071355,"East Price Hill",273561
"XX E LIBERTY ST",39.112118,-84.515281,"31-40","N/A","N/A","02/24/2017 07:03:00 PM +0000","01 - NOT AN INTERSECTION","2 - INJURY",2,"02/24/2017 07:04:00 PM +0000","FRI","M - MALE","2 - POSSIBLE","0DB91A5D-7D2A-4FA4-9894-B6F34404E52F","4 - DARK - LIGHTED ROADWAY","175002735","1 - NOT COLLISION BETWEEN TWO MOTOR VEHICLES IN TRANSPORT","01 - DRY","1 - STRAIGHT LEVEL","2 - BLACKTOP, BITUMINOUS, ASPHALT","N/A","P - PEDESTRIAN","2 - CLOUDY","45202",2,1.103,0.215255452044015,650028,39.1119980441079,-84.5144190306731,"Over-The-Rhine",202750
"26XX VICTORY PY",39.127713,-84.483505,"51-60","WALNUT HILLS","WALNUT HILLS","04/20/2017 04:25:00 PM +0000","01 - NOT AN INTERSECTION","2 - INJURY",2,"04/20/2017 04:30:00 PM +0000","THU","M - MALE","2 - POSSIBLE","240256B8-3998-4ECC-BD52-EB762672E463","1 - DAYLIGHT","175005715","1 - NOT COLLISION BETWEEN TWO MOTOR VEHICLES IN TRANSPORT","01 - DRY","1 - STRAIGHT LEVEL","2 - BLACKTOP, BITUMINOUS, ASPHALT","WALNUT HILLS","P - PEDESTRIAN","1 - CLEAR","45206",2,1.103,0.122138324994126,520035,39.1277378537555,-84.4850492649372,"Walnut Hills",204112
"40XX GLENWAY",39.114651,-84.580486,"UNDER 18","WEST PRICE HILL","WEST PRICE HILL","09/30/2014 04:00:00 PM +0000","01 - NOT AN INTERSECTION","2 - INJURY",2,"09/30/2014 04:00:00 PM +0000","TUE","F - FEMALE","3 - NON-INCAPACITATING","56871A7D-8F71-4603-B2FA-A4404FFA7A21","1 - DAYLIGHT","145009364","1 - NOT COLLISION BETWEEN TWO MOTOR VEHICLES IN TRANSPORT","01 - DRY","1 - STRAIGHT LEVEL","2 - BLACKTOP, BITUMINOUS, ASPHALT","WEST PRICE HILL","P - PEDESTRIAN","1 - CLEAR","45205",3,0.304,0.210247943549201,940029,39.1142442525308,-84.5799362107818,"West Price HIll",275981
"XX E MCMICKEN AV",39.115623,-84.514555,"UNDER 18","N/A","N/A","04/11/2016 02:30:00 PM +0000","01 - NOT AN INTERSECTION","2 - INJURY",2,"04/12/2016 12:17:18 PM +0000","MON","M - MALE","3 - NON-INCAPACITATING","9F082D6C-F749-4000-9A07-08F6CFFEE101","1 - DAYLIGHT","165005488","1 - NOT COLLISION BETWEEN TWO MOTOR VEHICLES IN TRANSPORT","02 - WET","1 - STRAIGHT LEVEL","2 - BLACKTOP, BITUMINOUS, ASPHALT","N/A","P - PEDESTRIAN","4 - RAIN","45202",3,0.304,0.156943580658457,650030,39.1164980481358,-84.5144190306643,"Over-The-Rhine",202750
"84XX VINE ST",39.216217,-84.473449,"OVER 70","HARTWELL","HARTWELL","03/07/2018 09:53:00 AM +0000","01 - NOT AN INTERSECTION","2 - INJURY",2,"03/07/2018 09:54:00 AM +0000","WED","F - FEMALE","3 - NON-INCAPACITATING","F56AF1D3-9590-42B9-AB50-FA16C0AE2090","1 - DAYLIGHT","185003246","1 - NOT COLLISION BETWEEN TWO MOTOR VEHICLES IN TRANSPORT","01 - DRY","1 - STRAIGHT LEVEL","2 - BLACKTOP, BITUMINOUS, ASPHALT","HARTWELL","P - PEDESTRIAN","1 - CLEAR","45216",3,0.304,0.191200733380672,470074,39.2154820341971,-84.4737532036424,"Hartwell",201193
"18XX BAYMILLER ST",39.116807,-84.528779,"18-25","N/A","N/A","01/25/2018 02:04:43 PM +0000","02 - FOUR-WAY INTERSECTION","2 - INJURY",2,"01/25/2018 02:06:03 PM +0000","THU","F - FEMALE","2 - POSSIBLE","E42B9728-A9AF-4355-86E4-CE232F36EA19","1 - DAYLIGHT","185001317","1 - NOT COLLISION BETWEEN TWO MOTOR VEHICLES IN TRANSPORT","01 - DRY","1 - STRAIGHT LEVEL","2 - BLACKTOP, BITUMINOUS, ASPHALT","N/A","P - PEDESTRIAN","1 - CLEAR","45214",2,1.103,0.0944231532555501,710030,39.1165002719976,-84.5279743093421,"West End",276647
"30XX HARRISON AV",39.149333,-84.599758,"OVER 70","N/A","N/A","01/28/2015 10:42:00 AM +0000","01 - NOT AN INTERSECTION","1 - FATAL INJURY",1,"01/28/2015 10:43:00 AM +0000","WED","M - MALE","5 - FATAL","4F0637F8-9921-462F-A822-3EFECACF876C","1 - DAYLIGHT","155001203","1 - NOT COLLISION BETWEEN TWO MOTOR VEHICLES IN TRANSPORT","02 - WET","1 - STRAIGHT LEVEL","2 - BLACKTOP, BITUMINOUS, ASPHALT","N/A","P - PEDESTRIAN","1 - CLEAR","45211",5,0.046,0.0841544342540708,1030045,39.1502356477325,-84.6002691236421,"Westwood",204284
"12XX WILLIAM HOWARD TAFT RD",39.126705,-84.48417,"18-25","EAST WALNUT HILLS","EAST WALNUT HILLS","12/03/2013 06:10:00 PM +0000","02 - FOUR-WAY INTERSECTION","2 - INJURY",2,"12/03/2013 06:20:00 PM +0000","TUE","M - MALE","3 - NON-INCAPACITATING","B1D45077-F27C-47D8-9EA7-5AEA2F555146","4 - DARK - LIGHTED ROADWAY","135012506","1 - NOT COLLISION BETWEEN TWO MOTOR VEHICLES IN TRANSPORT","01 - DRY","1 - STRAIGHT LEVEL","2 - BLACKTOP, BITUMINOUS, ASPHALT","WALNUT HILLS","P - PEDESTRIAN","2 - CLOUDY","45206",3,0.304,0.122138324994126,520035,39.1277378537555,-84.4850492649372,"Walnut Hills",204112
"31XX MONTANA AV",39.147753,-84.603299,"41-50","N/A","N/A","01/13/2014 08:30:28 PM +0000","02 - FOUR-WAY INTERSECTION","2 - INJURY",2,"01/13/2014 08:35:41 PM +0000","MON","M - MALE","4 - INCAPACITATING","A41BD378-68C4-4CC1-8C51-2BE37EC2D508","4 - DARK - LIGHTED ROADWAY","145000322","1 - NOT COLLISION BETWEEN TWO MOTOR VEHICLES IN TRANSPORT","02 - WET","1 - STRAIGHT LEVEL","2 - BLACKTOP, BITUMINOUS, ASPHALT","N/A","P - PEDESTRIAN","4 - RAIN","45211",4,0.141,0.112647606254689,1040044,39.1479844683246,-84.6025283358385,"Westwood",204284
"25XX GILBERT AV",39.126799,-84.489214,"18-25","WALNUT HILLS","WALNUT HILLS","04/24/2018 05:15:00 PM +0000","02 - FOUR-WAY INTERSECTION","2 - INJURY",2,"04/24/2018 05:20:00 PM +0000","TUE","F - FEMALE","2 - POSSIBLE","E65B40F6-BAC3-44A9-8090-288C263F61AA","1 - DAYLIGHT","185005693","1 - NOT COLLISION BETWEEN TWO MOTOR VEHICLES IN TRANSPORT","02 - WET","1 - STRAIGHT LEVEL","2 - BLACKTOP, BITUMINOUS, ASPHALT","WALNUT HILLS","P - PEDESTRIAN","4 - RAIN","45206",2,1.103,0.119426029212238,540035,39.1277399033645,-84.4895676898303,"Walnut Hills",204112
"12XX HOPPLE",39.137566,-84.337281,"51-60","N/A","N/A","01/15/2014 02:20:00 PM +0000","01 - NOT AN INTERSECTION","2 - INJURY",2,"01/15/2014 02:20:00 PM +0000","WED","M - MALE","2 - POSSIBLE","98A8B2EE-3B14-4CE8-94E5-2F972BFCE456","1 - DAYLIGHT","145000366","1 - NOT COLLISION BETWEEN TWO MOTOR VEHICLES IN TRANSPORT","01 - DRY","2 - STRAIGHT GRADE","1 - CONCRETE","N/A","P - PEDESTRIAN","2 - CLOUDY","45225",2,1.103,0.149802700077049,30046,39.1523831508322,-84.3743479954349,"Madisonville",201948
"29XX JEFFERSON AV",39.132635,-84.510328,"18-25","CORRYVILLE - HEIGHTS","CLIFTON/UNIVERSITY HEIGHTS","09/03/2014 11:20:01 AM +0000","02 - FOUR-WAY INTERSECTION","2 - INJURY",2,"09/03/2014 11:25:31 AM +0000","WED","F - FEMALE","3 - NON-INCAPACITATING","D41E41F1-2B82-456C-9E32-7E3297FE4697","1 - DAYLIGHT","145008168","1 - NOT COLLISION BETWEEN TWO MOTOR VEHICLES IN TRANSPORT","01 - DRY","1 - STRAIGHT LEVEL","2 - BLACKTOP, BITUMINOUS, ASPHALT","CUF","P - PEDESTRIAN","1 - CLEAR","45221",3,0.304,0.172033063209401,630037,39.1322469719562,-84.5099006046319,"Corryville",200172
"71XX EASTLAWN DR",39.1911,-84.456485,"51-60","ROSELAWN","ROSELAWN","10/21/2014 11:10:00 AM +0000","01 - NOT AN INTERSECTION","2 - INJURY",2,"10/21/2014 11:15:00 AM +0000","TUE","M - MALE","2 - POSSIBLE","80E206EC-A0CB-4880-90B9-59AEC5BF5E0F","1 - DAYLIGHT","145010475","2 - REAR-END","01 - DRY","1 - STRAIGHT LEVEL","2 - BLACKTOP, BITUMINOUS, ASPHALT","ROSELAWN","P - PEDESTRIAN","2 - CLOUDY","45237",2,1.103,0.129272328897939,390063,39.1907203227828,-84.4556795105683,"Roselawn",203265
"2XX W MCMILLAN ST",39.128862,-84.519407,"26-30","N/A","N/A","12/05/2016 04:39:00 PM +0000","01 - NOT AN INTERSECTION","2 - INJURY",2,"12/05/2016 04:40:00 PM +0000","MON","F - FEMALE","2 - POSSIBLE","12B73C18-9AFC-44E4-B038-9822D27E8494","1 - DAYLIGHT","165020234","1 - NOT COLLISION BETWEEN TWO MOTOR VEHICLES IN TRANSPORT","01 - DRY","1 - STRAIGHT LEVEL","2 - BLACKTOP, BITUMINOUS, ASPHALT","N/A","P - PEDESTRIAN","2 - CLOUDY","45219",2,1.103,0.201246014799999,670035,39.1277489739748,-84.518937456772,"CUF",273417
"5XX E LIBERTY ST",39.110249,-84.503417,"31-40","PENDLETON","PENDLETON","08/23/2014 07:46:00 AM +0000","02 - FOUR-WAY INTERSECTION","2 - INJURY",2,"08/23/2014 07:46:00 AM +0000","SAT","F - FEMALE","2 - POSSIBLE","4D2CD2A8-0E01-487C-BCF9-8AF6EA966FB7","1 - DAYLIGHT","145007693","6 - ANGLE","01 - DRY","1 - STRAIGHT LEVEL","2 - BLACKTOP, BITUMINOUS, ASPHALT","PENDLETON","P - PEDESTRIAN","1 - CLEAR","45202",2,1.103,0.133867425431041,600027,39.1097449898829,-84.5031229659748,"Central Business District",273189
"34XX VINE ST",39.142458,-84.508746,"UNDER 18","CORRYVILLE","CLIFTON","11/26/2016 09:13:00 PM +0000","03 - T-INTERSECTION","1 - FATAL INJURY",1,"11/26/2016 09:30:00 PM +0000","SAT","F - FEMALE","5 - FATAL","65E84F82-B537-4C5E-9FC7-82C53E915907","4 - DARK - LIGHTED ROADWAY","165019675","1 - NOT COLLISION BETWEEN TWO MOTOR VEHICLES IN TRANSPORT","01 - DRY","3 - CURVE LEVEL","2 - BLACKTOP, BITUMINOUS, ASPHALT","CUF","P - PEDESTRIAN","2 - CLOUDY","45220",5,0.046,0.100801020998403,620042,39.1434963713055,-84.5076413916608,"Avondale",199345
"31XX MATHERS ST",39.138038,-84.484443,"UNDER 18","N/A","N/A","06/06/2015 07:22:00 PM +0000","03 - T-INTERSECTION","2 - INJURY",2,"06/06/2015 07:24:00 PM +0000","SAT","M - MALE","3 - NON-INCAPACITATING","92A5F66D-53EB-428B-907E-860020C9D2C5","1 - DAYLIGHT","155007753","1 - NOT COLLISION BETWEEN TWO MOTOR VEHICLES IN TRANSPORT","01 - DRY","1 - STRAIGHT LEVEL","2 - BLACKTOP, BITUMINOUS, ASPHALT","N/A","P - PEDESTRIAN","1 - CLEAR","45206",3,0.304,0.12275322923318,520040,39.1389878629605,-84.4850492649015,"Walnut Hills",204112
"29XX HARRISON AV",39.145352,-84.597006,"UNDER 18","WESTWOOD","WESTWOOD","08/19/2016 03:30:00 PM +0000","01 - NOT AN INTERSECTION","2 - INJURY",2,"08/19/2016 03:35:00 PM +0000","FRI","F - FEMALE","3 - NON-INCAPACITATING","09080ADF-91AB-4E18-BA7B-68F004F469B5","1 - DAYLIGHT","165013280","1 - NOT COLLISION BETWEEN TWO MOTOR VEHICLES IN TRANSPORT","01 - DRY","1 - STRAIGHT LEVEL","2 - BLACKTOP, BITUMINOUS, ASPHALT","WESTWOOD","P - PEDESTRIAN","1 - CLEAR","45211",3,0.304,0.190116562438301,1020043,39.1457367781064,-84.5980099113577,"Westwood",204284
"XX FINDLAY ST",39.117722,-84.51838,"51-60","N/A","N/A","07/01/2015 03:30:00 AM +0000","01 - NOT AN INTERSECTION","2 - INJURY",2,"07/01/2015 05:26:08 AM +0000","WED","M - MALE","3 - NON-INCAPACITATING","648C7574-2504-44E7-A614-28AB585D7847","4 - DARK - LIGHTED ROADWAY","155008955","1 - NOT COLLISION BETWEEN TWO MOTOR VEHICLES IN TRANSPORT","01 - DRY","1 - STRAIGHT LEVEL","1 - CONCRETE","N/A","P - PEDESTRIAN","1 - CLEAR","45202",3,0.304,0.0959134813148922,670031,39.1187489658714,-84.5189374567876,"Over-The-Rhine",202750
"50XX GLENCROSSING WY",39.129479,-84.610397,"41-50","N/A","N/A","12/22/2017 02:17:00 PM +0000","01 - NOT AN INTERSECTION","2 - INJURY",2,"12/22/2017 02:21:00 PM +0000","FRI","M - MALE","2 - POSSIBLE","459E455C-7219-43AB-AF46-F0F6B93AAE83","1 - DAYLIGHT","175019458","1 - NOT COLLISION BETWEEN TWO MOTOR VEHICLES IN TRANSPORT","02 - WET","1 - STRAIGHT LEVEL","2 - BLACKTOP, BITUMINOUS, ASPHALT","N/A","P - PEDESTRIAN","2 - CLOUDY","45238",2,1.103,0.148660775628165,1070036,39.1299806600342,-84.6093059719269,"Westwood",204284
"5XX E 13TH ST",39.156801,-84.471411,"18-25","N/A","N/A","12/20/2017 02:20:00 PM +0000","03 - T-INTERSECTION","2 - INJURY",2,"12/20/2017 02:33:00 PM +0000","WED","M - MALE","3 - NON-INCAPACITATING","A49DA02B-527C-4DB7-BAB8-6C4F6F4D4D32","1 - DAYLIGHT","175019378","1 - NOT COLLISION BETWEEN TWO MOTOR VEHICLES IN TRANSPORT","01 - DRY","2 - STRAIGHT GRADE","2 - BLACKTOP, BITUMINOUS, ASPHALT","N/A","P - PEDESTRIAN","1 - CLEAR","45202",3,0.304,0.116289435094817,460048,39.1569806806934,-84.4714939918873,"Evanston",200632