"address_x","lat","long","age","community_council_neighborhood","cpd_neighborhood","crashdate","crashlocation","crashseverity","crashseverityid","datecrashreported","dayofweek","gender","injuries","instanceid","lightconditionsprimary","localreportno","mannerofcrash","roadconditionsprimary","roadcontour","roadsurface","sna_neighborhood","typeofperson","weather","zip","injury_type_num","cost","dist","cell_id","lat_cell","long_cell","hood","hood_id"
"35XX READING RD",39.146723,-84.488343,"UNDER 18","N/A","N/A","02/10/2016 08:14:00 AM +0000","02 - FOUR-WAY INTERSECTION","2 - INJURY",2,"02/10/2016 08:14:00 AM +0000","WED","F - FEMALE","3 - NON-INCAPACITATING","23AB65BF-8D9E-4C13-B1EE-EC5BCAC27F7F","1 - DAYLIGHT","165002011","1 - NOT COLLISION BETWEEN TWO MOTOR VEHICLES IN TRANSPORT","02 - WET","1 - STRAIGHT LEVEL","2 - BLACKTOP, BITUMINOUS, ASPHALT","N/A","P - PEDESTRIAN","6 - SNOW","45229",3,0.304,0.120146160367375,530043,39.1457389152205,-84.4873084772951,"Avondale",199345
"34XX WARSAW AV",39.110796,-84.567875,"51-60","N/A","N/A","10/23/2014 02:05:35 PM +0000","02 - FOUR-WAY INTERSECTION","2 - INJURY",2,"10/23/2014 02:06:36 PM +0000","THU","M - MALE","2 - POSSIBLE","06B9BFDF-8BDB-4E3F-980F-82156E6821D4","1 - DAYLIGHT","145010587","1 - NOT COLLISION BETWEEN TWO MOTOR VEHICLES IN TRANSPORT","01 - DRY","1 - STRAIGHT LEVEL","2 - BLACKTOP, BITUMINOUS, ASPHALT","N/A","P - PEDESTRIAN","1 - CLEAR","45205",2,1.103,0.196289340953965,890027,39.1097475188524,-84.5686401462761,"East Price Hill",273561
"25XX VINE ST",39.128163,-84.511318,"18-25","N/A","N/A","09/28/2016 07:46:00 PM +0000","02 - FOUR-WAY INTERSECTION","2 - INJURY",2,"09/28/2016 07:50:00 PM +0000","WED","F - FEMALE","2 - POSSIBLE","64828B26-419D-4F39-8DEF-CE420F020B6B","4 - DARK - LIGHTED ROADWAY","165015892","1 - NOT COLLISION BETWEEN TWO MOTOR VEHICLES IN TRANSPORT","02 - WET","1 - STRAIGHT LEVEL","2 - BLACKTOP, BITUMINOUS, ASPHALT","N/A","P - PEDESTRIAN","4 - RAIN","45219",2,1.103,0.102353645738888,640035,39.1277475348877,-84.5121598176245,"CUF",273417
"31XX BURNET AV",39.135056,-84.501696,"61-70","CORRYVILLE","CORRYVILLE","07/23/2017 12:23:00 PM +0000","02 - FOUR-WAY INTERSECTION","2 - INJURY",2,"07/23/2017 12:23:00 PM +0000","SUN","M - MALE","3 - NON-INCAPACITATING","16FC2EC3-F7B7-46C3-AE8B-D02AA21B09AF","1 - DAYLIGHT","175010934","6 - ANGLE","01 - DRY","2 - STRAIGHT GRADE","2 - BLACKTOP, BITUMINOUS, ASPHALT","CORRYVILLE","P - PEDESTRIAN","2 - CLOUDY","45229",3,0.304,0.0990311442875128,590038,39.1344942700738,-84.5008637530982,"Avondale",199345
"16XX ELMORE CT",39.15678,-84.542796,"31-40","NORTHSIDE","NORTHSIDE","12/11/2013 04:32:00 PM +0000","01 - NOT AN INTERSECTION","2 - INJURY",2,"12/11/2013 04:33:00 PM +0000","WED","M - MALE","2 - POSSIBLE","9AC16524-D37C-4C8D-9230-743ACFA0B962","1 - DAYLIGHT","135012776","1 - NOT COLLISION BETWEEN TWO MOTOR VEHICLES IN TRANSPORT","01 - DRY","1 - STRAIGHT LEVEL","2 - BLACKTOP, BITUMINOUS, ASPHALT","NORTHSIDE","P - PEDESTRIAN","1 - CLEAR","45223",2,1.103,0.113174293832393,780048,39.1570009194145,-84.5437888017711,"Northside",274791
"77XX READING RD",39.203721,-84.454367,"41-50","ROSELAWN","ROSELAWN","09/07/2016 12:41:00 PM +0000","01 - NOT AN INTERSECTION","3 - PROPERTY DAMAGE ONLY (PDO)",3,"09/07/2016 12:45:00 PM +0000","WED","F - FEMALE","1 - NO INJURY / NONE REPORTED","D3A8D5CD-D944-491A-9714-F1836D8F8F6F","1 - DAYLIGHT","165014522","1 - NOT COLLISION BETWEEN TWO MOTOR VEHICLES IN TRANSPORT","01 - DRY","2 - STRAIGHT GRADE","1 - CONCRETE","ROSELAWN","P - PEDESTRIAN","1 - CLEAR","45237",1,10.082,0.131444735749724,390069,39.2042203320082,-84.4556795105153,"Roselawn",203265
"13XX E MCMILLAN ST",39.125833,-84.482158,"51-60","N/A","N/A","12/07/2017 03:54:00 PM +0000","03 - T-INTERSECTION","3 - PROPERTY DAMAGE ONLY (PDO)",3,"12/07/2017 03:58:00 PM +0000","THU","F - FEMALE","1 - NO INJURY / NONE REPORTED","F5A47D3C-E15E-4ADE-8D68-ED8C99916B35","1 - DAYLIGHT","175018691","1 - NOT COLLISION BETWEEN TWO MOTOR VEHICLES IN TRANSPORT","01 - DRY","1 - STRAIGHT LEVEL","2 - BLACKTOP, BITUMINOUS, ASPHALT","N/A","P - PEDESTRIAN","1 - CLEAR","45206",1,10.082,0.119355331731805,520034,39.1254878519124,-84.4850492649444,"Walnut Hills",204112
"9XX COLUMBIA PY",39.10036,-84.50249,"18-25","N/A","N/A","08/16/2018 11:29:00 AM +0000","01 - NOT AN INTERSECTION","2 - INJURY",2,"08/16/2018 11:29:00 AM +0000","THU","F - FEMALE","3 - NON-INCAPACITATING","47F79259-F3F6-4666-BFAC-1C2C88D9BEAF","1 - DAYLIGHT","185011416","7 - SIDESWIPE, SAME DIRECTION","02 - WET","3 - CURVE LEVEL","2 - BLACKTOP, BITUMINOUS, ASPHALT","N/A","P - PEDESTRIAN","2 - CLOUDY","45202",3,0.304,0.192718797802158,600023,39.1007449820152,-84.503122965997,"Central Business District",273189
"21XX STATE AV",39.124947,-84.544442,"41-50","SOUTH FAIRMOUNT","SOUTH  FAIRMOUNT","09/01/2017 06:58:00 PM +0000","01 - NOT AN INTERSECTION","2 - INJURY",2,"09/01/2017 07:01:00 PM +0000","FRI","M - MALE","3 - NON-INCAPACITATING","13F0679D-C19B-46FE-B699-19E9B0B94F05","1 - DAYLIGHT","175013166","1 - NOT COLLISION BETWEEN TWO MOTOR VEHICLES IN TRANSPORT","02 - WET","1 - STRAIGHT LEVEL","2 - BLACKTOP, BITUMINOUS, ASPHALT","NORTH FAIRMOUNT","P - PEDESTRIAN","4 - RAIN","45214",3,0.304,0.202355134976786,780034,39.1255008907005,-84.5437888017859,"South Fairmount",203599
"7XX PEDRETTI AV",39.108267,-84.599057,"41-50","N/A","N/A","03/12/2015 07:31:00 PM +0000","03 - T-INTERSECTION","2 - INJURY",2,"03/12/2015 07:31:00 PM +0000","THU","F - FEMALE","3 - NON-INCAPACITATING","51434C0F-AD6D-4D53-AF9F-7C48F84CEC43","3 - DUSK","155003498","1 - NOT COLLISION BETWEEN TWO MOTOR VEHICLES IN TRANSPORT","01 - DRY","1 - STRAIGHT LEVEL","2 - BLACKTOP, BITUMINOUS, ASPHALT","N/A","P - PEDESTRIAN","1 - CLEAR","45238",3,0.304,0.115744194108042,1020026,39.1074867470764,-84.5980099112823,"West Price HIll",275981
"84XX ANTHONY WAYNE AV",39.21591,-84.46206,"51-60","N/A","N/A","04/06/2015 04:35:00 PM +0000","01 - NOT AN INTERSECTION","2 - INJURY",2,"04/06/2015 04:35:00 PM +0000","MON","F - FEMALE","4 - INCAPACITATING","4B08F700-5812-46E0-9A53-D5F080847ED2","1 - DAYLIGHT","155004714","1 - NOT COLLISION BETWEEN TWO MOTOR VEHICLES IN TRANSPORT","02 - WET","1 - STRAIGHT LEVEL","2 - BLACKTOP, BITUMINOUS, ASPHALT","N/A","P - PEDESTRIAN","4 - RAIN","45216",4,0.141,0.150409435942708,420074,39.2154750523954,-84.4624571446978,"Hartwell",201193
"18XX BALTIMORE AV",39.133391,-84.556769,"UNDER 18","N/A","N/A","07/02/2016 09:22:00 PM +0000","01 - NOT AN INTERSECTION","2 - INJURY",2,"07/02/2016 09:24:00 PM +0000","SAT","M - MALE","3 - NON-INCAPACITATING","3A1F6554-CE87-4980-8383-734628ACE442","4 - DARK - LIGHTED ROADWAY","165010309","1 - NOT COLLISION BETWEEN TWO MOTOR VEHICLES IN TRANSPORT","01 - DRY","1 - STRAIGHT LEVEL","2 - BLACKTOP, BITUMINOUS, ASPHALT","N/A","P - PEDESTRIAN","1 - CLEAR","45225",3,0.304,0.174279055131436,840038,39.1344997214259,-84.5573440809079,"North Fairmount",274707
"35XX EDWARDS",39.141448,-84.442567,"61-70","N/A","N/A","04/01/2014 02:30:00 PM +0000","01 - NOT AN INTERSECTION","2 - INJURY",2,"04/01/2014 02:30:00 PM +0000","TUE","F - FEMALE","4 - INCAPACITATING","66ABE564-2BCE-424B-99C5-951957B9178A","1 - DAYLIGHT","145002506","1 - NOT COLLISION BETWEEN TWO MOTOR VEHICLES IN TRANSPORT","01 - DRY","1 - STRAIGHT LEVEL","2 - BLACKTOP, BITUMINOUS, ASPHALT","N/A","P - PEDESTRIAN","1 - CLEAR","45208",4,0.141,0.098231433686423,330041,39.1412096908286,-84.4421242452358,"Hyde Park",201414
"9XX RACE ST",39.105718,-84.516035,"41-50","N/A","N/A","08/23/2018 02:10:00 PM +0000","02 - FOUR-WAY INTERSECTION","2 - INJURY",2,"08/23/2018 02:11:00 PM +0000","THU","F - FEMALE","3 - NON-INCAPACITATING","32B2C933-148F-46F6-BD63-8DFBAF50059D","1 - DAYLIGHT","185011782","1 - NOT COLLISION BETWEEN TWO MOTOR VEHICLES IN TRANSPORT","01 - DRY","1 - STRAIGHT LEVEL","2 - BLACKTOP, BITUMINOUS, ASPHALT","N/A","P - PEDESTRIAN","1 - CLEAR","45202",3,0.304,0.0641728565424756,660025,39.1052485176777,-84.5166782437338,"Central Business District",273189
"23XX CLIFTON AV",39.127999,-84.520013,"18-25","N/A","N/A","09/12/2014 11:30:03 PM +0000","02 - FOUR-WAY INTERSECTION","2 - INJURY",2,"09/12/2014 11:31:22 PM +0000","FRI","M - MALE","3 - NON-INCAPACITATING","BA08F0C1-8050-4D31-B367-2756D3FB4407","4 - DARK - LIGHTED ROADWAY","145008586","1 - NOT COLLISION BETWEEN TWO MOTOR VEHICLES IN TRANSPORT","01 - DRY","2 - STRAIGHT GRADE","1 - CONCRETE","N/A","P - PEDESTRIAN","1 - CLEAR","45219",3,0.304,0.201246014799999,670035,39.1277489739748,-84.518937456772,"CUF",273417
"24XX HARRISON AV",39.140554,-84.580345,"51-60","WESTWOOD","WESTWOOD","04/01/2016 07:50:00 PM +0000","02 - FOUR-WAY INTERSECTION","2 - INJURY",2,"04/01/2016 07:56:00 PM +0000","FRI","M - MALE","2 - POSSIBLE","BF076297-E25D-4416-98B4-4BA376C13907","3 - DUSK","165004860","1 - NOT COLLISION BETWEEN TWO MOTOR VEHICLES IN TRANSPORT","01 - DRY","1 - STRAIGHT LEVEL","2 - BLACKTOP, BITUMINOUS, ASPHALT","WESTWOOD","P - PEDESTRIAN","1 - CLEAR","45211",2,1.103,0.16375710671912,940041,39.1412442758999,-84.5799362108161,"Westwood",204284
"23XX KEMPER LN",39.122808,-84.488735,"UNDER 18","WALNUT HILLS","WALNUT HILLS","04/18/2016 05:10:00 PM +0000","01 - NOT AN INTERSECTION","2 - INJURY",2,"04/18/2016 05:12:00 PM +0000","MON","M - MALE","2 - POSSIBLE","5FF40BB0-E45B-44C0-950F-C2CD1FF32B0D","1 - DAYLIGHT","165005840","1 - NOT COLLISION BETWEEN TWO MOTOR VEHICLES IN TRANSPORT","01 - DRY","1 - STRAIGHT LEVEL","2 - BLACKTOP, BITUMINOUS, ASPHALT","WALNUT HILLS","P - PEDESTRIAN","1 - CLEAR","45206",2,1.103,0.152690536862763,540033,39.1232398996106,-84.4895676898438,"Walnut Hills",204112
"38XX W 8TH",39.106055,-84.577541,"51-60","N/A","N/A","12/15/2014 06:58:00 AM +0000","03 - T-INTERSECTION","2 - INJURY",2,"12/15/2014 07:06:00 AM +0000","MON","M - MALE","2 - POSSIBLE","72718678-EEA4-4740-A09A-2F46AE6A2521","1 - DAYLIGHT","145013163","1 - NOT COLLISION BETWEEN TWO MOTOR VEHICLES IN TRANSPORT","01 - DRY","1 - STRAIGHT LEVEL","2 - BLACKTOP, BITUMINOUS, ASPHALT","N/A","P - PEDESTRIAN","1 - CLEAR","45205",2,1.103,0.192667945350222,930025,39.1052449859447,-84.5776769979574,"East Price Hill",273561
"16XX CARLL",39.134478,-84.550057,"UNDER 18","NORTH FAIRMOUNT","NORTH FAIRMOUNT","02/14/2015 01:10:00 PM +0000","01 - NOT AN INTERSECTION","2 - INJURY",2,"02/14/2015 01:12:00 PM +0000","SAT","M - MALE","4 - INCAPACITATING","0EF95DA8-6791-4C90-B8A6-AF1A666B41FC","1 - DAYLIGHT","155002044","1 - NOT COLLISION BETWEEN TWO MOTOR VEHICLES IN TRANSPORT","02 - WET","1 - STRAIGHT LEVEL","2 - BLACKTOP, BITUMINOUS, ASPHALT","NORTH FAIRMOUNT","P - PEDESTRIAN","6 - SNOW","45225",4,0.141,0.0730938035226895,810038,39.1345005064218,-84.5505664414015,"North Fairmount",274707
"16XX GILSEY",39.133153,-84.574716,"UNDER 18","N/A","N/A","05/25/2013 04:20:00 PM +0000","02 - FOUR-WAY INTERSECTION","2 - INJURY",2,"05/25/2013 04:20:00 PM +0000","SAT","M - MALE","2 - POSSIBLE","F9E82278-7DE9-48FC-BF89-D0E5EAC4FBA8","1 - DAYLIGHT","135006372","1 - NOT COLLISION BETWEEN TWO MOTOR VEHICLES IN TRANSPORT","01 - DRY","2 - STRAIGHT GRADE","2 - BLACKTOP, BITUMINOUS, ASPHALT","N/A","P - PEDESTRIAN","1 - CLEAR","45205",2,1.103,0.144703284923436,920037,39.1322457072569,-84.5754177851274,"Westwood",204284
"23XX VICTORY PY",39.185208,-84.421963,"61-70","N/A","N/A","08/20/2018 06:20:00 PM +0000","02 - FOUR-WAY INTERSECTION","3 - PROPERTY DAMAGE ONLY (PDO)",3,"08/20/2018 06:21:00 PM +0000","MON","M - MALE","1 - NO INJURY / NONE REPORTED","A8B8AAB9-7174-4454-A555-27708038E743","1 - DAYLIGHT","185011652","1 - NOT COLLISION BETWEEN TWO MOTOR VEHICLES IN TRANSPORT","01 - DRY","1 - STRAIGHT LEVEL","2 - BLACKTOP, BITUMINOUS, ASPHALT","N/A","P - PEDESTRIAN","1 - CLEAR","45206",1,10.082,0.0882990931156774,240061,39.1861908714121,-84.4217913551822,"Pleasant Ridge",202946
"15XX CENTRAL PKWY",39.113423,-84.520471,"51-60","N/A","N/A","01/03/2017 09:15:00 PM +0000","02 - FOUR-WAY INTERSECTION","2 - INJURY",2,"01/03/2017 09:15:00 PM +0000","TUE","M - MALE","4 - INCAPACITATING","F285F4D7-4350-42C9-BC58-6A6F8B061241","4 - DARK - LIGHTED ROADWAY","175000130","1 - NOT COLLISION BETWEEN TWO MOTOR VEHICLES IN TRANSPORT","02 - WET","1 - STRAIGHT LEVEL","2 - BLACKTOP, BITUMINOUS, ASPHALT","N/A","P - PEDESTRIAN","4 - RAIN","45214",4,0.141,0.105926392119189,680029,39.1142493542549,-84.5211966698999,"Over-The-Rhine",202750
"2XX E COURT ST",39.106113,-84.510359,"51-60","N/A","N/A","12/01/2017 09:23:00 AM +0000","01 - NOT AN INTERSECTION","3 - PROPERTY DAMAGE ONLY (PDO)",3,"12/01/2017 09:35:00 AM +0000","FRI","M - MALE","1 - NO INJURY / NONE REPORTED","917A963B-44DC-4496-8013-771D7FE005C8","1 - DAYLIGHT","175018335","1 - NOT COLLISION BETWEEN TWO MOTOR VEHICLES IN TRANSPORT","01 - DRY","1 - STRAIGHT LEVEL","2 - BLACKTOP, BITUMINOUS, ASPHALT","N/A","P - PEDESTRIAN","1 - CLEAR","45202",1,10.082,0.212349218642573,630025,39.1052469480212,-84.50990060469,"Central Business District",273189
"34XX BOUDINOT AV",39.149586,-84.602922,"41-50","N/A","N/A","12/10/2014 06:17:00 PM +0000","02 - FOUR-WAY INTERSECTION","2 - INJURY",2,"12/10/2014 06:17:00 PM +0000","WED","M - MALE","3 - NON-INCAPACITATING","38FB28E0-E8AC-4DAA-ABCD-CFCCFF5FF9F3","4 - DARK - LIGHTED ROADWAY","145012945","1 - NOT COLLISION BETWEEN TWO MOTOR VEHICLES IN TRANSPORT","01 - DRY","1 - STRAIGHT LEVEL","2 - BLACKTOP, BITUMINOUS, ASPHALT","N/A","P - PEDESTRIAN","2 - CLOUDY","45211",3,0.304,0.0861827264949543,1040045,39.1502344701054,-84.6025283358433,"Westwood",204284
"X W SEYMOUR AV",39.194131,-84.479441,"UNKNOWN","CARTHAGE","CARTHAGE","01/06/2015 07:03:00 AM +0000","01 - NOT AN INTERSECTION","3 - PROPERTY DAMAGE ONLY (PDO)",3,"01/06/2015 07:05:00 AM +0000","TUE","","1 - NO INJURY / NONE REPORTED","715B2739-0038-45E1-BFD6-10B038CC3B6F","4 - DARK - LIGHTED ROADWAY","155000193","1 - NOT COLLISION BETWEEN TWO MOTOR VEHICLES IN TRANSPORT","03 - SNOW","1 - STRAIGHT LEVEL","2 - BLACKTOP, BITUMINOUS, ASPHALT","CARTHAGE","P - PEDESTRIAN","2 - CLOUDY","45216",1,10.082,0.184611660613781,500065,39.1952356835974,-84.4805308400933,"Carthage",199885
"2XX ELM ST",39.098982,-84.514955,"61-70","N/A","N/A","05/06/2018 06:28:00 AM +0000","02 - FOUR-WAY INTERSECTION","2 - INJURY",2,"05/06/2018 06:33:00 AM +0000","SUN","M - MALE","3 - NON-INCAPACITATING","04ABFD2C-D275-4F84-A28E-6869BD58D85B","2 - DAWN","185006312","1 - NOT COLLISION BETWEEN TWO MOTOR VEHICLES IN TRANSPORT","01 - DRY","1 - STRAIGHT LEVEL","1 - CONCRETE","N/A","P - PEDESTRIAN","1 - CLEAR","45202",3,0.304,0.190398872345146,650022,39.0984980320062,-84.5144190306992,"Central Business District",273189
"30XX WALTER AV",39.135196,-84.487441,"41-50","WALNUT HILLS","WALNUT HILLS","12/18/2015 07:50:00 PM +0000","03 - T-INTERSECTION","2 - INJURY",2,"12/18/2015 08:16:58 PM +0000","FRI","M - MALE","2 - POSSIBLE","D8D2A37A-6091-4A41-AEAB-4BD6A14A51BE","4 - DARK - LIGHTED ROADWAY","155018506","1 - NOT COLLISION BETWEEN TWO MOTOR VEHICLES IN TRANSPORT","01 - DRY","1 - STRAIGHT LEVEL","2 - BLACKTOP, BITUMINOUS, ASPHALT","WALNUT HILLS","P - PEDESTRIAN","1 - CLEAR","45206",2,1.103,0.153418283868973,530038,39.1344889059406,-84.48730847733,"Walnut Hills",204112
"10XX SUNSET",39.111709,-84.584366,"31-40","WEST PRICE HILL","WEST PRICE HILL","01/12/2014 11:45:00 AM +0000","01 - NOT AN INTERSECTION","2 - INJURY",2,"01/12/2014 11:45:00 AM +0000","SUN","F - FEMALE","3 - NON-INCAPACITATING","E28A728E-CDCA-45DB-9009-5120DD9603DF","1 - DAYLIGHT","145000291","1 - NOT COLLISION BETWEEN TWO MOTOR VEHICLES IN TRANSPORT","01 - DRY","1 - STRAIGHT LEVEL","2 - BLACKTOP, BITUMINOUS, ASPHALT","WEST PRICE HILL","P - PEDESTRIAN","1 - CLEAR","45205",3,0.304,0.118163941401582,960028,39.1119926372405,-84.5844546362565,"West Price HIll",275981
"29XX HARRISON AV",39.145808,-84.594244,"18-25","WESTWOOD","WESTWOOD","12/18/2016 05:53:00 PM +0000","01 - NOT AN INTERSECTION","2 - INJURY",2,"12/18/2016 05:58:00 PM +0000","SUN","M - MALE","3 - NON-INCAPACITATING","20772B58-8BAE-46B6-9BE6-776FCDD9E480","4 - DARK - LIGHTED ROADWAY","165021142","1 - NOT COLLISION BETWEEN TWO MOTOR VEHICLES IN TRANSPORT","01 - DRY","1 - STRAIGHT LEVEL","2 - BLACKTOP, BITUMINOUS, ASPHALT","WESTWOOD","P - PEDESTRIAN","2 - CLOUDY","45211",3,0.304,0.123980119970065,1000043,39.1457389152122,-84.5934914865961,"Westwood",204284
"51XX GLENWAY",39.12248,-84.60289,"UNDER 18","WEST PRICE HILL","WEST PRICE HILL","02/04/2014 02:55:00 PM +0000","04 - Y-INTERSECTION","2 - INJURY",2,"02/04/2014 04:00:00 PM +0000","TUE","F - FEMALE","3 - NON-INCAPACITATING","6CAF1658-1300-49AA-B593-5E5A52275F5F","1 - DAYLIGHT","145001016","1 - NOT COLLISION BETWEEN TWO MOTOR VEHICLES IN TRANSPORT","01 - DRY","1 - STRAIGHT LEVEL","2 - BLACKTOP, BITUMINOUS, ASPHALT","WEST PRICE HILL","P - PEDESTRIAN","2 - CLOUDY","45238",3,0.304,0.184005042253514,1040033,39.1232344486913,-84.6025283357861,"West Price HIll",275981
"35XX DUCK CREEK RD",39.1661,-84.419133,"18-25","N/A","N/A","12/20/2014 09:00:00 PM +0000","03 - T-INTERSECTION","2 - INJURY",2,"12/20/2014 09:00:00 PM +0000","SAT","M - MALE","3 - NON-INCAPACITATING","1C10E50E-71E4-4016-88FC-6B22B1EC8299","4 - DARK - LIGHTED ROADWAY","145013445","1 - NOT COLLISION BETWEEN TWO MOTOR VEHICLES IN TRANSPORT","01 - DRY","1 - STRAIGHT LEVEL","2 - BLACKTOP, BITUMINOUS, ASPHALT","N/A","P - PEDESTRIAN","1 - CLEAR","45213",3,0.304,0.0992749755075061,220052,39.1659361943969,-84.4172729368332,"Madisonville",201948
"S I75 AT 2-5 MM",39.125172,-84.534264,"51-60","N/A","N/A","02/18/2016 10:00:00 PM +0000","01 - NOT AN INTERSECTION","2 - INJURY",2,"02/18/2016 10:00:00 PM +0000","THU","M - MALE","4 - INCAPACITATING","14B92F0C-0BB8-40FF-9D77-450AFC27DE3E","4 - DARK - LIGHTED ROADWAY","165002505","2 - REAR-END","01 - DRY","3 - CURVE LEVEL","2 - BLACKTOP, BITUMINOUS, ASPHALT","N/A","P - PEDESTRIAN","2 - CLOUDY","45202",4,0.141,0.194748763471638,740034,39.1255008034852,-84.5347519489179,"Camp Washington",199841
"27XX CLIFTON AV",39.132561,-84.519933,"18-25","CORRYVILLE - HEIGHTS","CLIFTON/UNIVERSITY HEIGHTS","10/21/2017 12:13:00 PM +0000","01 - NOT AN INTERSECTION","2 - INJURY",2,"10/21/2017 12:13:02 PM +0000","SAT","F - FEMALE","3 - NON-INCAPACITATING","080A3C23-0E77-496D-99CD-941F054691E7","1 - DAYLIGHT","175016015","1 - NOT COLLISION BETWEEN TWO MOTOR VEHICLES IN TRANSPORT","01 - DRY","1 - STRAIGHT LEVEL","2 - BLACKTOP, BITUMINOUS, ASPHALT","CUF","P - PEDESTRIAN","2 - CLOUDY","45221",3,0.304,0.119868645581965,670037,39.132248978022,-84.5189374567643,"CUF",273417
"27XX W NORTH BEND RD",39.188758,-84.574041,"18-25","N/A","N/A","10/01/2017 06:40:22 PM +0000","01 - NOT AN INTERSECTION","2 - INJURY",2,"10/01/2017 06:45:26 PM +0000","SUN","M - MALE","3 - NON-INCAPACITATING","5CB76D99-7988-4D6A-AA42-8924DD0B8CFA","1 - DAYLIGHT","175014852","1 - NOT COLLISION BETWEEN TWO MOTOR VEHICLES IN TRANSPORT","01 - DRY","2 - STRAIGHT GRADE","1 - CONCRETE","N/A","P - PEDESTRIAN","1 - CLEAR","45239",3,0.304,0.107921722860371,910062,39.1884964106778,-84.573158572277,"Mt. Airy",274620
"1XX E MEHRING WY",39.096185,-84.505454,"18-25","N/A","N/A","04/03/2017 03:13:00 PM +0000","01 - NOT AN INTERSECTION","2 - INJURY",2,"04/03/2017 04:42:51 PM +0000","MON","M - MALE","2 - POSSIBLE","9A854799-6EFB-478D-A0EF-E114911A7635","1 - DAYLIGHT","175004768","5 - BACKING","01 - DRY","1 - STRAIGHT LEVEL","1 - CONCRETE","N/A","P - PEDESTRIAN","1 - CLEAR","45202",2,1.103,0.118378216029619,610021,39.0962456756563,-84.5053821788661,"Central Business District",273189
"21XX NORTH BEND RD",39.202937,-84.561886,"51-60","N/A","N/A","09/19/2014 10:40:00 AM +0000","01 - NOT AN INTERSECTION","2 - INJURY",2,"09/19/2014 10:42:00 AM +0000","FRI","F - FEMALE","3 - NON-INCAPACITATING","E8F2619B-7108-4377-BD97-AC782AECB007","1 - DAYLIGHT","145008887","1 - NOT COLLISION BETWEEN TWO MOTOR VEHICLES IN TRANSPORT","01 - DRY","1 - STRAIGHT LEVEL","2 - BLACKTOP, BITUMINOUS, ASPHALT","N/A","P - PEDESTRIAN","1 - CLEAR","45224",3,0.304,0.172125585974945,860068,39.2019990403577,-84.5618625071748,"College Hill",200100
"67XX BRAMBLE AV",39.149763,-84.381055,"41-50","N/A","N/A","04/13/2016 06:00:00 AM +0000","01 - NOT AN INTERSECTION","3 - PROPERTY DAMAGE ONLY (PDO)",3,"04/13/2016 01:45:00 PM +0000","WED","F - FEMALE","1 - NO INJURY / NONE REPORTED","B7D48043-17FD-4DD3-818E-1966B6042CF0","4 - DARK - LIGHTED ROADWAY","165005545","1 - NOT COLLISION BETWEEN TWO MOTOR VEHICLES IN TRANSPORT","01 - DRY","1 - STRAIGHT LEVEL","2 - BLACKTOP, BITUMINOUS, ASPHALT","N/A","P - PEDESTRIAN","1 - CLEAR","45227",1,10.082,0.0899317813949709,70045,39.1501456247961,-84.3833848196868,"Madisonville",201948
"37XX GLENWAY AV",39.113625,-84.574732,"31-40","EAST PRICE HILL","EAST PRICE HILL","05/03/2018 10:00:00 PM +0000","01 - NOT AN INTERSECTION","1 - FATAL INJURY",1,"05/03/2018 10:01:00 PM +0000","THU","M - MALE","5 - FATAL","2306C312-293F-46F9-8B05-FEDE8970136D","4 - DARK - LIGHTED ROADWAY","185006170","1 - NOT COLLISION BETWEEN TWO MOTOR VEHICLES IN TRANSPORT","01 - DRY","2 - STRAIGHT GRADE","2 - BLACKTOP, BITUMINOUS, ASPHALT","EAST PRICE HILL","P - PEDESTRIAN","1 - CLEAR","45205",5,0.046,0.102120491797152,920029,39.1142456914777,-84.5754177851081,"East Price Hill",273561
"49XX HAWAIIAN TE",39.183064,-84.562051,"61-70","MOUNT AIRY","MOUNT AIRY","08/31/2016 10:50:00 AM +0000","01 - NOT AN INTERSECTION","2 - INJURY",2,"08/31/2016 03:00:00 PM +0000","WED","F - FEMALE","3 - NON-INCAPACITATING","17775E0F-CE3D-430E-8CF5-1C6445DD0495","1 - DAYLIGHT","165014092","1 - NOT COLLISION BETWEEN TWO MOTOR VEHICLES IN TRANSPORT","01 - DRY","1 - STRAIGHT LEVEL","1 - CONCRETE","MT. AIRY","P - PEDESTRIAN","1 - CLEAR","45223",3,0.304,0.146095980246969,860060,39.1839990243406,-84.5618625071669,"Mt. Airy",274620
"33XX BOWLING GREEN CT",39.144244,-84.554753,"UNDER 18","MILLVALE","MILLVALE","02/12/2018 10:55:00 PM +0000","01 - NOT AN INTERSECTION","2 - INJURY",2,"02/12/2018 11:03:00 PM +0000","MON","M - MALE","3 - NON-INCAPACITATING","92BF62B8-3461-4B01-BBCA-49688C185962","4 - DARK - LIGHTED ROADWAY","185002183","1 - NOT COLLISION BETWEEN TWO MOTOR VEHICLES IN TRANSPORT","01 - DRY","1 - STRAIGHT LEVEL","2 - BLACKTOP, BITUMINOUS, ASPHALT","MILLVALE","P - PEDESTRIAN","1 - CLEAR","45225",3,0.304,0.104868948527426,830042,39.1435000348523,-84.5550848677573,"East Westwood",273574