"address_x","lat","long","age","community_council_neighborhood","cpd_neighborhood","crashdate","crashlocation","crashseverity","crashseverityid","datecrashreported","dayofweek","gender","injuries","instanceid","lightconditionsprimary","localreportno","mannerofcrash","roadconditionsprimary","roadcontour","roadsurface","sna_neighborhood","typeofperson","weather","zip","injury_type_num","cost","dist","cell_id","lat_cell","long_cell","hood","hood_id"
"9XX WILLIAM HOWARD TAFT RD",39.128282,-84.488062,"UNDER 18","WALNUT HILLS","WALNUT HILLS","03/16/2017 05:43:00 PM +0000","02 - FOUR-WAY INTERSECTION","2 - INJURY",2,"03/16/2017 05:46:00 PM +0000","THU","F - FEMALE","4 - INCAPACITATING","37586A98-261C-41F4-B6A9-038642BD93B0","1 - DAYLIGHT","175003844","1 - NOT COLLISION BETWEEN TWO MOTOR VEHICLES IN TRANSPORT","01 - DRY","1 - STRAIGHT LEVEL","2 - BLACKTOP, BITUMINOUS, ASPHALT","WALNUT HILLS","P - PEDESTRIAN","1 - CLEAR","45206",4,0.141,0.0960502492615706,530035,39.1277389003643,-84.4873084773509,"Walnut Hills",204112
"15XX VINE ST",39.112256,-84.515726,"18-25","N/A","N/A","02/28/2015 10:05:00 PM +0000","02 - FOUR-WAY INTERSECTION","2 - INJURY",2,"02/28/2015 10:12:00 PM +0000","SAT","M - MALE","3 - NON-INCAPACITATING","9AABAF63-208A-41C3-A3DC-8C8AC9E0BCDE","4 - DARK - LIGHTED ROADWAY","155002842","1 - NOT COLLISION BETWEEN TWO MOTOR VEHICLES IN TRANSPORT","01 - DRY","1 - STRAIGHT LEVEL","2 - BLACKTOP, BITUMINOUS, ASPHALT","N/A","P - PEDESTRIAN","1 - CLEAR","45202",3,0.304,0.171496320726417,660028,39.1119985237487,-84.5166782437214,"Over-The-Rhine",202750
"35XX MONTEITH AV",39.141083,-84.436315,"31-40","N/A","N/A","01/11/2018 07:31:00 PM +0000","03 - T-INTERSECTION","2 - INJURY",2,"01/11/2018 07:32:00 PM +0000","THU","M - MALE","4 - INCAPACITATING","3F2C5047-F2A1-4E4B-9672-FB74931A69CD","5 - DARK – ROADWAY NOT LIGHTED","185000557","1 - NOT COLLISION BETWEEN TWO MOTOR VEHICLES IN TRANSPORT","02 - WET","2 - STRAIGHT GRADE","1 - CONCRETE","N/A","P - PEDESTRIAN","2 - CLOUDY","45208",4,0.141,0.130168667922048,300041,39.1412038030812,-84.4353466140785,"Hyde Park",201414
"42XX GLENWAY AV",39.114292,-84.584683,"UNDER 18","WEST PRICE HILL","WEST PRICE HILL","06/18/2015 08:07:00 PM +0000","03 - T-INTERSECTION","2 - INJURY",2,"06/18/2015 08:12:00 PM +0000","THU","F - FEMALE","3 - NON-INCAPACITATING","42B3DE00-5FB2-4C69-A97F-AD79D27AEA45","1 - DAYLIGHT","155008361","1 - NOT COLLISION BETWEEN TWO MOTOR VEHICLES IN TRANSPORT","02 - WET","1 - STRAIGHT LEVEL","2 - BLACKTOP, BITUMINOUS, ASPHALT","WEST PRICE HILL","P - PEDESTRIAN","4 - RAIN","45205",3,0.304,0.172205980786715,960029,39.1142426391663,-84.5844546362597,"West Price HIll",275981
"82XX VINE ST",39.209691,-84.473773,"51-60","HARTWELL","HARTWELL","08/06/2017 12:09:00 PM +0000","01 - NOT AN INTERSECTION","2 - INJURY",2,"08/06/2017 12:09:00 PM +0000","SUN","F - FEMALE","3 - NON-INCAPACITATING","FF95FE4B-F109-4D6B-8970-912FE6556FBA","1 - DAYLIGHT","175011761","1 - NOT COLLISION BETWEEN TWO MOTOR VEHICLES IN TRANSPORT","02 - WET","1 - STRAIGHT LEVEL","2 - BLACKTOP, BITUMINOUS, ASPHALT","HARTWELL","P - PEDESTRIAN","2 - CLOUDY","45216",3,0.304,0.0894603757825397,470071,39.2087320290315,-84.4737532036663,"Hartwell",201193
"21XX BEECHMONT",39.093349,-84.386452,"41-50","N/A","N/A","12/17/2013 02:30:35 PM +0000","01 - NOT AN INTERSECTION","2 - INJURY",2,"12/18/2013 10:30:40 AM +0000","TUE","M - MALE","3 - NON-INCAPACITATING","1E207A24-2891-4C5D-99F9-0406C3166CB9","1 - DAYLIGHT","135012946","1 - NOT COLLISION BETWEEN TWO MOTOR VEHICLES IN TRANSPORT","01 - DRY","1 - STRAIGHT LEVEL","2 - BLACKTOP, BITUMINOUS, ASPHALT","N/A","P - PEDESTRIAN","1 - CLEAR","45230",3,0.304,0.14178494751516,80020,39.0938986246261,-84.3856440263623,"Mt. Washington",274624
"17XX DANA AV",39.145709,-84.468645,"41-50","N/A","N/A","12/22/2016 05:45:00 AM +0000","02 - FOUR-WAY INTERSECTION","2 - INJURY",2,"12/22/2016 05:45:00 AM +0000","THU","M - MALE","3 - NON-INCAPACITATING","E4D0F7C2-9DFA-4471-AAEE-2F4C8B2C6C8A","4 - DARK - LIGHTED ROADWAY","165021374","1 - NOT COLLISION BETWEEN TWO MOTOR VEHICLES IN TRANSPORT","01 - DRY","1 - STRAIGHT LEVEL","2 - BLACKTOP, BITUMINOUS, ASPHALT","N/A","P - PEDESTRIAN","1 - CLEAR","45207",3,0.304,0.113390210814365,450043,39.1457293200554,-84.4692347800517,"Evanston",200632
"25XX AUBURN AV",39.127313,-84.509136,"41-50","MOUNT AUBURN","CORRYVILLE","06/23/2016 10:29:00 AM +0000","01 - NOT AN INTERSECTION","2 - INJURY",2,"06/23/2016 10:30:00 AM +0000","THU","F - FEMALE","2 - POSSIBLE","26EDE98A-C4A6-4658-B8D9-88AD23076F96","1 - DAYLIGHT","165009784","1 - NOT COLLISION BETWEEN TWO MOTOR VEHICLES IN TRANSPORT","01 - DRY","1 - STRAIGHT LEVEL","2 - BLACKTOP, BITUMINOUS, ASPHALT","CORRYVILLE","P - PEDESTRIAN","1 - CLEAR","45219",2,1.103,0.13432532964,630035,39.1277469679745,-84.5099006046416,"Corryville",200172
"67XX BRAMBLE AV",39.151509,-84.380859,"61-70","N/A","N/A","10/04/2017 06:45:00 AM +0000","03 - T-INTERSECTION","2 - INJURY",2,"10/04/2017 06:50:00 AM +0000","WED","M - MALE","2 - POSSIBLE","B4D93C50-31DA-47D5-8332-3BDE404FE49A","1 - DAYLIGHT","175014989","1 - NOT COLLISION BETWEEN TWO MOTOR VEHICLES IN TRANSPORT","01 - DRY","1 - STRAIGHT LEVEL","2 - BLACKTOP, BITUMINOUS, ASPHALT","N/A","P - PEDESTRIAN","1 - CLEAR","45227",2,1.103,0.151350738541991,60046,39.152392571981,-84.3811256133215,"Madisonville",201948
"52XX WHETSEL AV",39.163389,-84.393681,"UNDER 18","N/A","N/A","08/19/2016 05:40:00 PM +0000","02 - FOUR-WAY INTERSECTION","2 - INJURY",2,"08/19/2016 05:50:00 PM +0000","FRI","F - FEMALE","3 - NON-INCAPACITATING","AB431DBA-8D5E-4EBF-8309-2685D68994C7","1 - DAYLIGHT","165013299","1 - NOT COLLISION BETWEEN TWO MOTOR VEHICLES IN TRANSPORT","01 - DRY","2 - STRAIGHT GRADE","2 - BLACKTOP, BITUMINOUS, ASPHALT","N/A","P - PEDESTRIAN","1 - CLEAR","45227",3,0.304,0.0952621246731642,120051,39.1636602395017,-84.3946808543194,"Madisonville",201948
"9XX W 8TH ST",39.102793,-84.53092,"51-60","N/A","N/A","02/09/2015 08:45:00 PM +0000","01 - NOT AN INTERSECTION","3 - PROPERTY DAMAGE ONLY (PDO)",3,"02/10/2015 10:15:00 AM +0000","MON","F - FEMALE","1 - NO INJURY / NONE REPORTED","75C94A05-9DB6-4CDB-A7AF-BBD8D7557F19","4 - DARK - LIGHTED ROADWAY","155001823","1 - NOT COLLISION BETWEEN TWO MOTOR VEHICLES IN TRANSPORT","01 - DRY","1 - STRAIGHT LEVEL","2 - BLACKTOP, BITUMINOUS, ASPHALT","N/A","P - PEDESTRIAN","1 - CLEAR","45203",1,10.082,0.133173705372987,720024,39.1030004776906,-84.5302335225408,"Central Business District",273189
"3XX CALHOUN ST",39.127535,-84.518522,"18-25","N/A","N/A","09/20/2014 03:25:00 AM +0000","01 - NOT AN INTERSECTION","2 - INJURY",2,"09/20/2014 04:14:55 AM +0000","SAT","F - FEMALE","4 - INCAPACITATING","5A5D11D8-5BFB-4C7E-8266-0E710C0C7CD3","4 - DARK - LIGHTED ROADWAY","145008922","1 - NOT COLLISION BETWEEN TWO MOTOR VEHICLES IN TRANSPORT","01 - DRY","1 - STRAIGHT LEVEL","2 - BLACKTOP, BITUMINOUS, ASPHALT","N/A","P - PEDESTRIAN","1 - CLEAR","45221",4,0.141,0.201246014799999,670035,39.1277489739748,-84.518937456772,"CUF",273417
"72XX READING RD",39.193275,-84.461344,"UNDER 18","ROSELAWN","ROSELAWN","10/02/2017 03:57:00 PM +0000","02 - FOUR-WAY INTERSECTION","2 - INJURY",2,"10/02/2017 03:57:00 PM +0000","MON","M - MALE","2 - POSSIBLE","DDA57755-C4C0-44EE-9710-D83FE62E008E","1 - DAYLIGHT","175014900","1 - NOT COLLISION BETWEEN TWO MOTOR VEHICLES IN TRANSPORT","01 - DRY","1 - STRAIGHT LEVEL","2 - BLACKTOP, BITUMINOUS, ASPHALT","ROSELAWN","P - PEDESTRIAN","1 - CLEAR","45237",2,1.103,0.0884711481681918,420064,39.1929750362783,-84.4624571447836,"Roselawn",203265
"25XX WARSAW AV",39.106768,-84.553863,"OVER 70","N/A","N/A","12/09/2017 11:21:00 AM +0000","01 - NOT AN INTERSECTION","1 - FATAL INJURY",1,"12/09/2017 11:23:00 AM +0000","SAT","M - MALE","5 - FATAL","D13F6F86-EB4F-4F28-A9EE-03B98F530277","1 - DAYLIGHT","175018781","2 - REAR-END","01 - DRY","4 - CURVE GRADE","2 - BLACKTOP, BITUMINOUS, ASPHALT","N/A","P - PEDESTRIAN","2 - CLOUDY","45204",5,0.046,0.100908988400508,820026,39.1075002637913,-84.5528256545869,"Lower Price Hill",276431
"3XX MAIN ST",39.115072,-84.512231,"41-50","N/A","N/A","01/21/2016 06:35:00 AM +0000","03 - T-INTERSECTION","2 - INJURY",2,"01/21/2016 06:37:00 AM +0000","THU","M - MALE","3 - NON-INCAPACITATING","954D5646-B182-40A5-AEDC-AF8F7A632923","4 - DARK - LIGHTED ROADWAY","165001012","1 - NOT COLLISION BETWEEN TWO MOTOR VEHICLES IN TRANSPORT","02 - WET","1 - STRAIGHT LEVEL","1 - CONCRETE","N/A","P - PEDESTRIAN","1 - CLEAR","45202",3,0.304,0.050013654852428,640029,39.1142475228691,-84.5121598176522,"Over-The-Rhine",202750
"1XX W 7TH ST",39.103771,-84.517057,"41-50","N/A","N/A","06/18/2017 04:15:00 PM +0000","01 - NOT AN INTERSECTION","2 - INJURY",2,"06/18/2017 04:20:00 PM +0000","SUN","M - MALE","2 - POSSIBLE","454FEAB2-023C-40AA-B321-D1D4FFA21492","1 - DAYLIGHT","175009140","1 - NOT COLLISION BETWEEN TWO MOTOR VEHICLES IN TRANSPORT","01 - DRY","1 - STRAIGHT LEVEL","2 - BLACKTOP, BITUMINOUS, ASPHALT","N/A","P - PEDESTRIAN","1 - CLEAR","45202",2,1.103,0.143742576569493,660024,39.1029985156525,-84.5166782437379,"Central Business District",273189
"5XX DAVID ST",39.111094,-84.524696,"UNDER 18","WEST END","WEST  END","05/31/2018 05:15:00 PM +0000","01 - NOT AN INTERSECTION","2 - INJURY",2,"05/31/2018 05:17:00 PM +0000","THU","M - MALE","2 - POSSIBLE","BAA02149-9CD5-464C-8457-7040EE4286F4","1 - DAYLIGHT","185007649","1 - NOT COLLISION BETWEEN TWO MOTOR VEHICLES IN TRANSPORT","01 - DRY","1 - STRAIGHT LEVEL","2 - BLACKTOP, BITUMINOUS, ASPHALT","WEST END","P - PEDESTRIAN","1 - CLEAR","45214",2,1.103,0.113837971614036,700028,39.1120000062748,-84.5257150961806,"West End",276647
"5XX READING RD",39.110279,-84.506274,"41-50","PENDLETON","PENDLETON","05/24/2016 04:55:16 PM +0000","03 - T-INTERSECTION","2 - INJURY",2,"05/24/2016 05:00:21 PM +0000","TUE","F - FEMALE","2 - POSSIBLE","F8AEFF0B-21CB-4453-9D56-8EF34F17E3BD","1 - DAYLIGHT","165008110","1 - NOT COLLISION BETWEEN TWO MOTOR VEHICLES IN TRANSPORT","01 - DRY","1 - STRAIGHT LEVEL","1 - CONCRETE","PENDLETON","P - PEDESTRIAN","1 - CLEAR","45202",2,1.103,0.11473541529123,610027,39.1097456875309,-84.5053821788343,"Pendleton",202841
"23XX RAVINE",39.127781,-84.525341,"18-25","N/A","N/A","08/14/2018 01:00:10 PM +0000","06 - FIVE-POINT, OR MORE","3 - PROPERTY DAMAGE ONLY (PDO)",3,"08/14/2018 02:00:12 PM +0000","TUE","M - MALE","1 - NO INJURY / NONE REPORTED","C9CFFE3B-D8A2-4E67-95FA-59BA9AAA0754","1 - DAYLIGHT","185011294","1 - NOT COLLISION BETWEEN TWO MOTOR VEHICLES IN TRANSPORT","01 - DRY","1 - STRAIGHT LEVEL","2 - BLACKTOP, BITUMINOUS, ASPHALT","N/A","P - PEDESTRIAN","1 - CLEAR","45219",1,10.082,0.108826699169522,700035,39.1277500205836,-84.5257150961587,"CUF",273417
"55XX GLENWAY",39.130133,-84.610521,"41-50","WESTWOOD","WESTWOOD","06/24/2013 06:00:00 PM +0000","01 - NOT AN INTERSECTION","2 - INJURY",2,"06/24/2013 06:00:00 PM +0000","MON","M - MALE","3 - NON-INCAPACITATING","21FC7139-BFD9-4BFB-A00E-8B2A1A55D7C2","1 - DAYLIGHT","135007660","1 - NOT COLLISION BETWEEN TWO MOTOR VEHICLES IN TRANSPORT","01 - DRY","1 - STRAIGHT LEVEL","1 - CONCRETE","WESTWOOD","P - PEDESTRIAN","1 - CLEAR","45238",3,0.304,0.104617690559851,1080036,39.1299793081422,-84.6115651838021,"Westwood",204284
"30XX READING RD",39.135726,-84.498121,"31-40","N/A","N/A","04/27/2018 03:33:00 PM +0000","02 - FOUR-WAY INTERSECTION","2 - INJURY",2,"04/27/2018 03:36:00 PM +0000","FRI","F - FEMALE","3 - NON-INCAPACITATING","BE18D748-1690-49F8-95F1-40FF8840B7B5","1 - DAYLIGHT","185005848","1 - NOT COLLISION BETWEEN TWO MOTOR VEHICLES IN TRANSPORT","01 - DRY","1 - STRAIGHT LEVEL","2 - BLACKTOP, BITUMINOUS, ASPHALT","N/A","P - PEDESTRIAN","1 - CLEAR","45206",3,0.304,0.109953328257555,580039,39.1367434870107,-84.4986045403254,"Avondale",199345
"N I75 AT 3-5 MM",39.134761,-84.531973,"51-60","N/A","N/A","08/03/2017 11:00:00 AM +0000","01 - NOT AN INTERSECTION","2 - INJURY",2,"08/03/2017 11:00:00 AM +0000","THU","M - MALE","4 - INCAPACITATING","875BB920-F907-4EE6-A08C-0EAF6D05EA6B","1 - DAYLIGHT","175011588","1 - NOT COLLISION BETWEEN TWO MOTOR VEHICLES IN TRANSPORT","01 - DRY","1 - STRAIGHT LEVEL","2 - BLACKTOP, BITUMINOUS, ASPHALT","N/A","P - PEDESTRIAN","1 - CLEAR","45211",4,0.141,0.12515730810916,730038,39.1345006808666,-84.532492735702,"Camp Washington",199841
"60XX RIDGE AV",39.181637,-84.426624,"31-40","N/A","N/A","11/23/2016 10:16:00 PM +0000","02 - FOUR-WAY INTERSECTION","2 - INJURY",2,"11/23/2016 10:18:00 PM +0000","WED","M - MALE","3 - NON-INCAPACITATING","E0B9FCA1-F548-4EC5-AAE0-7937C581184E","4 - DARK - LIGHTED ROADWAY","165019512","1 - NOT COLLISION BETWEEN TWO MOTOR VEHICLES IN TRANSPORT","02 - WET","1 - STRAIGHT LEVEL","2 - BLACKTOP, BITUMINOUS, ASPHALT","N/A","P - PEDESTRIAN","4 - RAIN","45213",3,0.304,0.0941196764546656,260059,39.1816953627268,-84.4263097742127,"Pleasant Ridge",202946
"42XX HAMILTON AV",39.164154,-84.539903,"UNDER 18","N/A","N/A","07/21/2014 05:38:00 PM +0000","01 - NOT AN INTERSECTION","2 - INJURY",2,"07/21/2014 05:50:00 PM +0000","MON","M - MALE","3 - NON-INCAPACITATING","11A55106-C82B-4867-AD17-68C77E68483E","1 - DAYLIGHT","145006354","1 - NOT COLLISION BETWEEN TWO MOTOR VEHICLES IN TRANSPORT","01 - DRY","1 - STRAIGHT LEVEL","2 - BLACKTOP, BITUMINOUS, ASPHALT","N/A","P - PEDESTRIAN","1 - CLEAR","45223",3,0.304,0.141331827100357,760051,39.1637509691681,-84.5392703753223,"Northside",274791
"26XX JEFFERSON AV",39.128895,-84.511791,"18-25","CORRYVILLE","CORRYVILLE","11/10/2016 06:16:00 PM +0000","02 - FOUR-WAY INTERSECTION","3 - PROPERTY DAMAGE ONLY (PDO)",3,"11/10/2016 06:18:00 PM +0000","THU","F - FEMALE","1 - NO INJURY / NONE REPORTED","F8254AFA-8646-4644-86C4-55BEC6DA295A","4 - DARK - LIGHTED ROADWAY","165018665","1 - NOT COLLISION BETWEEN TWO MOTOR VEHICLES IN TRANSPORT","01 - DRY","1 - STRAIGHT LEVEL","2 - BLACKTOP, BITUMINOUS, ASPHALT","CORRYVILLE","P - PEDESTRIAN","1 - CLEAR","45219",1,10.082,0.109672164668597,640036,39.1299975368881,-84.5121598176199,"CUF",273417
"10XX LINN ST",39.108022,-84.527986,"UNDER 18","N/A","N/A","01/10/2017 02:52:00 PM +0000","03 - T-INTERSECTION","2 - INJURY",2,"01/10/2017 02:55:00 PM +0000","TUE","F - FEMALE","3 - NON-INCAPACITATING","E40A6AAF-E56E-4F2E-A57C-A07681F272CD","1 - DAYLIGHT","175000504","1 - NOT COLLISION BETWEEN TWO MOTOR VEHICLES IN TRANSPORT","02 - WET","1 - STRAIGHT LEVEL","2 - BLACKTOP, BITUMINOUS, ASPHALT","N/A","P - PEDESTRIAN","4 - RAIN","45203",3,0.304,0.117782205634713,710026,39.1075002637932,-84.5279743093535,"West End",276647
"5XX VINE ST",39.100521,-84.513881,"26-30","N/A","N/A","08/31/2018 08:01:00 PM +0000","02 - FOUR-WAY INTERSECTION","2 - INJURY",2,"08/31/2018 08:10:00 PM +0000","FRI","M - MALE","2 - POSSIBLE","4B834C4A-C80B-4D9A-9C11-6669FFDD0BE2","1 - DAYLIGHT","185012224","1 - NOT COLLISION BETWEEN TWO MOTOR VEHICLES IN TRANSPORT","01 - DRY","1 - STRAIGHT LEVEL","1 - CONCRETE","N/A","P - PEDESTRIAN","1 - CLEAR","45202",2,1.103,0.161026622116359,650023,39.100748034025,-84.5144190306949,"Central Business District",273189
"36XX BOUDINOT",39.153703,-84.602121,"18-25","N/A","N/A","10/04/2014 09:45:00 AM +0000","02 - FOUR-WAY INTERSECTION","2 - INJURY",2,"10/04/2014 09:52:00 AM +0000","SAT","F - FEMALE","2 - POSSIBLE","95CBE3E5-5F50-4789-8C19-FFA5A7335BC5","1 - DAYLIGHT","145009585","1 - NOT COLLISION BETWEEN TWO MOTOR VEHICLES IN TRANSPORT","01 - DRY","1 - STRAIGHT LEVEL","2 - BLACKTOP, BITUMINOUS, ASPHALT","N/A","P - PEDESTRIAN","1 - CLEAR","45211",2,1.103,0.127181482983904,1040047,39.1547344736649,-84.6025283358528,"Westwood",204284
"25XX MONTANA AV",39.154728,-84.580901,"41-50","N/A","N/A","06/04/2018 03:50:00 PM +0000","01 - NOT AN INTERSECTION","2 - INJURY",2,"06/04/2018 03:52:00 PM +0000","MON","F - FEMALE","2 - POSSIBLE","A9C67CD8-D8E7-40AA-BC78-D9F187B659BD","1 - DAYLIGHT","185007849","1 - NOT COLLISION BETWEEN TWO MOTOR VEHICLES IN TRANSPORT","01 - DRY","3 - CURVE LEVEL","2 - BLACKTOP, BITUMINOUS, ASPHALT","N/A","P - PEDESTRIAN","1 - CLEAR","45211",2,1.103,0.0873494472687188,940047,39.1547442875447,-84.5799362108333,"Westwood",204284
"10XX MAIN ST",39.107499,-84.510779,"41-50","N/A","N/A","11/07/2016 08:15:00 AM +0000","01 - NOT AN INTERSECTION","2 - INJURY",2,"11/07/2016 08:19:00 AM +0000","MON","M - MALE","3 - NON-INCAPACITATING","2014FE30-9504-49A2-A068-3C0052B95297","1 - DAYLIGHT","165018401","1 - NOT COLLISION BETWEEN TWO MOTOR VEHICLES IN TRANSPORT","01 - DRY","1 - STRAIGHT LEVEL","2 - BLACKTOP, BITUMINOUS, ASPHALT","N/A","P - PEDESTRIAN","1 - CLEAR","45202",3,0.304,0.125174399232344,630026,39.1074969500199,-84.5099006046852,"Over-The-Rhine",202750
"24XX RIVERSIDE DR",39.124882,-84.463924,"61-70","EAST END","EAST  END","10/13/2016 07:15:00 PM +0000","01 - NOT AN INTERSECTION","2 - INJURY",2,"10/13/2016 07:24:00 PM +0000","THU","M - MALE","4 - INCAPACITATING","E4E9E507-3B66-43FB-9CF9-E32BA485D8B6","4 - DARK - LIGHTED ROADWAY","165016891","1 - NOT COLLISION BETWEEN TWO MOTOR VEHICLES IN TRANSPORT","01 - DRY","1 - STRAIGHT LEVEL","1 - CONCRETE","EAST END","P - PEDESTRIAN","1 - CLEAR","45202",4,0.141,0.157908172283869,420034,39.1254749875569,-84.4624571450408,"Hyde Park",201414
"29XX FERGUSON RD",39.136039,-84.600443,"UNDER 18","N/A","N/A","05/03/2013 11:40:00 AM +0000","10 - DRIVEWAY/ALLEY ACCESS","2 - INJURY",2,"05/03/2013 11:50:00 AM +0000","FRI","M - MALE","3 - NON-INCAPACITATING","5554DA2B-8E2F-423A-9DC0-2CA872F94C86","1 - DAYLIGHT","135005347","1 - NOT COLLISION BETWEEN TWO MOTOR VEHICLES IN TRANSPORT","01 - DRY","2 - STRAIGHT GRADE","2 - BLACKTOP, BITUMINOUS, ASPHALT","N/A","P - PEDESTRIAN","1 - CLEAR","45238",3,0.304,0.11295927076107,1030039,39.1367356369226,-84.6002691236144,"Westwood",204284
"CLIFTON AV",39.127611,-84.518943,"18-25","N/A","N/A","05/23/2013 02:34:00 PM +0000","01 - NOT AN INTERSECTION","2 - INJURY",2,"05/23/2013 02:34:00 PM +0000","THU","M - MALE","4 - INCAPACITATING","2577AE76-4DD7-462D-9AC3-F5DFB78EE31A","1 - DAYLIGHT","135006286","1 - NOT COLLISION BETWEEN TWO MOTOR VEHICLES IN TRANSPORT","01 - DRY","2 - STRAIGHT GRADE","2 - BLACKTOP, BITUMINOUS, ASPHALT","N/A","P - PEDESTRIAN","2 - CLOUDY","45220",4,0.141,0.201246014799999,670035,39.1277489739748,-84.518937456772,"CUF",273417
"7XX EZZARD CHARLES DR",39.109973,-84.525838,"UNDER 18","N/A","N/A","03/17/2015 07:00:00 PM +0000","01 - NOT AN INTERSECTION","2 - INJURY",2,"03/17/2015 07:01:00 PM +0000","TUE","M - MALE","4 - INCAPACITATING","333CA825-5950-4FB6-97D0-18BA3411EE09","1 - DAYLIGHT","155003734","1 - NOT COLLISION BETWEEN TWO MOTOR VEHICLES IN TRANSPORT","01 - DRY","1 - STRAIGHT LEVEL","2 - BLACKTOP, BITUMINOUS, ASPHALT","N/A","P - PEDESTRIAN","1 - CLEAR","45203",4,0.141,0.114276681297856,700027,39.1097500042276,-84.5257150961837,"West End",276647
"29XX MONTANA",39.148544,-84.597695,"26-30","WESTWOOD","WESTWOOD","10/19/2015 11:15:00 AM +0000","02 - FOUR-WAY INTERSECTION","2 - INJURY",2,"10/19/2015 11:16:00 AM +0000","MON","F - FEMALE","2 - POSSIBLE","2C748C52-DE36-4697-A46F-EEB00ED01795","1 - DAYLIGHT","155015282","1 - NOT COLLISION BETWEEN TWO MOTOR VEHICLES IN TRANSPORT","01 - DRY","1 - STRAIGHT LEVEL","2 - BLACKTOP, BITUMINOUS, ASPHALT","WESTWOOD","P - PEDESTRIAN","1 - CLEAR","45211",2,1.103,0.154838064281399,1020044,39.1479867799255,-84.5980099113622,"Westwood",204284
"62XX CORBLY ST",39.094602,-84.385776,"UNDER 18","N/A","N/A","11/18/2014 04:45:00 PM +0000","01 - NOT AN INTERSECTION","2 - INJURY",2,"11/18/2014 04:45:00 PM +0000","TUE","M - MALE","2 - POSSIBLE","91F3B25F-8738-432A-AB18-44F61E165299","1 - DAYLIGHT","145011857","1 - NOT COLLISION BETWEEN TWO MOTOR VEHICLES IN TRANSPORT","02 - WET","1 - STRAIGHT LEVEL","2 - BLACKTOP, BITUMINOUS, ASPHALT","N/A","P - PEDESTRIAN","2 - CLOUDY","45230",2,1.103,0.14178494751516,80020,39.0938986246261,-84.3856440263623,"Mt. Washington",274624
"52XX GLENWAY AV",39.125837,-84.604011,"51-60","WEST PRICE HILL","WEST PRICE HILL","03/07/2017 08:40:00 PM +0000","01 - NOT AN INTERSECTION","2 - INJURY",2,"03/07/2017 08:44:00 PM +0000","TUE","M - MALE","3 - NON-INCAPACITATING","F35D18E8-5681-4DF0-98F9-CDF2BCD55A8F","4 - DARK - LIGHTED ROADWAY","175003382","1 - NOT COLLISION BETWEEN TWO MOTOR VEHICLES IN TRANSPORT","01 - DRY","1 - STRAIGHT LEVEL","2 - BLACKTOP, BITUMINOUS, ASPHALT","WEST PRICE HILL","P - PEDESTRIAN","1 - CLEAR","45238",3,0.304,0.172605695210224,1050034,39.1254832294555,-84.6047875479134,"West Price HIll",275981
"5XX STRAIGHT ST",39.129517,-84.523898,"18-25","CUF - HEIGHTS","CLIFTON/UNIVERSITY HEIGHTS","09/13/2016 05:50:00 PM +0000","02 - FOUR-WAY INTERSECTION","3 - PROPERTY DAMAGE ONLY (PDO)",3,"09/13/2016 05:55:00 PM +0000","TUE","F - FEMALE","1 - NO INJURY / NONE REPORTED","ED74F2ED-9709-4088-A27E-24DFC4FAA3A6","1 - DAYLIGHT","165014927","1 - NOT COLLISION BETWEEN TWO MOTOR VEHICLES IN TRANSPORT","01 - DRY","1 - STRAIGHT LEVEL","2 - BLACKTOP, BITUMINOUS, ASPHALT","CUF","P - PEDESTRIAN","1 - CLEAR","45219",1,10.082,0.128204519492498,690036,39.1299997173588,-84.5234558830045,"CUF",273417
"53XX HOLLAND DR",39.187413,-84.51284,"31-40","WINTON HILLS","WINTON HILLS","07/12/2014 10:30:00 PM +0000","01 - NOT AN INTERSECTION","2 - INJURY",2,"07/12/2014 10:45:00 PM +0000","SAT","M - MALE","3 - NON-INCAPACITATING","4DA0F0CF-EB49-42A9-A220-B9A34A30FA72","4 - DARK - LIGHTED ROADWAY","145005973","1 - NOT COLLISION BETWEEN TWO MOTOR VEHICLES IN TRANSPORT","01 - DRY","1 - STRAIGHT LEVEL","2 - BLACKTOP, BITUMINOUS, ASPHALT","WINTON HILLS","P - PEDESTRIAN","1 - CLEAR","45232",3,0.304,0.105002859545786,640062,39.1884975886344,-84.5121598175,"Winton Hills",276110
"55XX GLENWAY AV",39.130836,-84.609654,"UNDER 18","N/A","N/A","08/13/2018 05:40:00 PM +0000","03 - T-INTERSECTION","2 - INJURY",2,"08/13/2018 06:18:00 PM +0000","MON","M - MALE","3 - NON-INCAPACITATING","BF86D1D1-068E-4167-9D86-80E35C373186","1 - DAYLIGHT","185011265","1 - NOT COLLISION BETWEEN TWO MOTOR VEHICLES IN TRANSPORT","01 - DRY","1 - STRAIGHT LEVEL","2 - BLACKTOP, BITUMINOUS, ASPHALT","N/A","P - PEDESTRIAN","1 - CLEAR","45238",3,0.304,0.148660775628165,1070036,39.1299806600342,-84.6093059719269,"Westwood",204284