"address_x","lat","long","age","community_council_neighborhood","cpd_neighborhood","crashdate","crashlocation","crashseverity","crashseverityid","datecrashreported","dayofweek","gender","injuries","instanceid","lightconditionsprimary","localreportno","mannerofcrash","roadconditionsprimary","roadcontour","roadsurface","sna_neighborhood","typeofperson","weather","zip","injury_type_num","cost","dist","cell_id","lat_cell","long_cell","hood","hood_id"
"3XX CHARLES ST",39.106454,-84.51975,"18-25","N/A","N/A","08/20/2014 01:05:00 PM +0000","03 - T-INTERSECTION","2 - INJURY",2,"08/20/2014 01:15:00 PM +0000","WED","F - FEMALE","2 - POSSIBLE","65355A2E-1235-4461-A568-1736C88F780A","1 - DAYLIGHT","145007542","1 - NOT COLLISION BETWEEN TWO MOTOR VEHICLES IN TRANSPORT","01 - DRY","1 - STRAIGHT LEVEL","1 - CONCRETE","N/A","P - PEDESTRIAN","1 - CLEAR","45202",2,1.103,0.124141456012407,670026,39.1074989557249,-84.5189374568069,"Over-The-Rhine",202750
"8XX ROCKDALE AV",39.144496,-84.491408,"51-60","N/A","N/A","12/23/2014 07:55:00 PM +0000","02 - FOUR-WAY INTERSECTION","2 - INJURY",2,"12/23/2014 07:55:00 PM +0000","TUE","F - FEMALE","2 - POSSIBLE","53AA3DEE-723C-424A-B77C-E4C73458B2CD","4 - DARK - LIGHTED ROADWAY","145013584","1 - NOT COLLISION BETWEEN TWO MOTOR VEHICLES IN TRANSPORT","02 - WET","1 - STRAIGHT LEVEL","2 - BLACKTOP, BITUMINOUS, ASPHALT","N/A","P - PEDESTRIAN","4 - RAIN","45229",2,1.103,0.0997927092020308,550042,39.1434908759816,-84.4918269023265,"Avondale",199345
"28XX LINWOOD AV",39.137071,-84.438154,"18-25","N/A","N/A","02/28/2017 08:44:06 AM +0000","01 - NOT AN INTERSECTION","2 - INJURY",2,"02/28/2017 08:45:07 AM +0000","TUE","F - FEMALE","4 - INCAPACITATING","2712B189-0D98-4253-B89F-11B83ACF747D","1 - DAYLIGHT","175002890","1 - NOT COLLISION BETWEEN TWO MOTOR VEHICLES IN TRANSPORT","02 - WET","1 - STRAIGHT LEVEL","2 - BLACKTOP, BITUMINOUS, ASPHALT","N/A","P - PEDESTRIAN","4 - RAIN","45208",4,0.141,0.122397573439027,310039,39.1367058066428,-84.4376058243559,"Hyde Park",201414
"11XX VINE ST",39.107528,-84.5137,"41-50","N/A","N/A","10/27/2015 04:00:00 PM +0000","02 - FOUR-WAY INTERSECTION","2 - INJURY",2,"10/27/2015 04:00:00 PM +0000","TUE","F - FEMALE","2 - POSSIBLE","C8E79A2C-C7FC-43B0-B59E-76774A957EEB","1 - DAYLIGHT","155015625","1 - NOT COLLISION BETWEEN TWO MOTOR VEHICLES IN TRANSPORT","02 - WET","2 - STRAIGHT GRADE","2 - BLACKTOP, BITUMINOUS, ASPHALT","N/A","P - PEDESTRIAN","4 - RAIN","45202",2,1.103,0.213835869601452,650026,39.107498040077,-84.5144190306818,"Over-The-Rhine",202750
"20XX HIGHLAND AV",39.118505,-84.504201,"UNDER 18","MOUNT AUBURN","MOUNT  AUBURN","04/08/2016 07:04:33 AM +0000","02 - FOUR-WAY INTERSECTION","2 - INJURY",2,"04/08/2016 08:04:35 AM +0000","FRI","M - MALE","3 - NON-INCAPACITATING","4AC72A94-7604-4C7E-89CB-7AE9DA01A056","1 - DAYLIGHT","165005226","1 - NOT COLLISION BETWEEN TWO MOTOR VEHICLES IN TRANSPORT","01 - DRY","1 - STRAIGHT LEVEL","2 - BLACKTOP, BITUMINOUS, ASPHALT","MT. AUBURN","P - PEDESTRIAN","1 - CLEAR","45219",3,0.304,0.110390774191481,600031,39.1187449977388,-84.5031229659527,"Mt. Auburn",274621
"25XX GILBERT AV",39.127089,-84.490961,"26-30","N/A","N/A","04/29/2015 08:15:00 AM +0000","02 - FOUR-WAY INTERSECTION","2 - INJURY",2,"04/29/2015 08:17:00 AM +0000","WED","M - MALE","2 - POSSIBLE","04CA97AE-0839-4D19-9F80-B106DA9857F9","1 - DAYLIGHT","155005846","1 - NOT COLLISION BETWEEN TWO MOTOR VEHICLES IN TRANSPORT","01 - DRY","1 - STRAIGHT LEVEL","2 - BLACKTOP, BITUMINOUS, ASPHALT","N/A","P - PEDESTRIAN","1 - CLEAR","45206",2,1.103,0.114663851473545,550035,39.1277408627559,-84.4918269023726,"Walnut Hills",204112
"10XX BROADWAY ST",39.106957,-84.507121,"61-70","DOWNTOWN - PENDLETON","C. B. D. / RIVERFRONT","11/05/2017 09:20:00 PM +0000","01 - NOT AN INTERSECTION","2 - INJURY",2,"11/06/2017 02:30:00 AM +0000","SUN","F - FEMALE","3 - NON-INCAPACITATING","110022BB-AEDA-458C-AC17-70BDA6740241","4 - DARK - LIGHTED ROADWAY","175017029","1 - NOT COLLISION BETWEEN TWO MOTOR VEHICLES IN TRANSPORT","01 - DRY","2 - STRAIGHT GRADE","1 - CONCRETE","PENDLETON","P - PEDESTRIAN","1 - CLEAR","45202",3,0.304,0.119267762967107,620026,39.1074963395879,-84.5076413917421,"Central Business District",273189
"35XX ERIE AV",39.14091,-84.415456,"26-30","N/A","N/A","06/16/2016 10:10:00 PM +0000","01 - NOT AN INTERSECTION","2 - INJURY",2,"06/16/2016 10:12:00 PM +0000","THU","M - MALE","3 - NON-INCAPACITATING","FF377645-2685-4A68-9213-85DAA1D0510C","4 - DARK - LIGHTED ROADWAY","165009467","1 - NOT COLLISION BETWEEN TWO MOTOR VEHICLES IN TRANSPORT","01 - DRY","3 - CURVE LEVEL","2 - BLACKTOP, BITUMINOUS, ASPHALT","N/A","P - PEDESTRIAN","1 - CLEAR","45208",3,0.304,0.123987109789415,210041,39.1411837847455,-84.4150137279377,"Hyde Park",201414
"4XX E 3RD ST",39.099304,-84.506446,"51-60","N/A","N/A","07/28/2016 06:35:00 AM +0000","02 - FOUR-WAY INTERSECTION","2 - INJURY",2,"07/28/2016 06:45:00 AM +0000","THU","M - MALE","2 - POSSIBLE","666F3241-BAB4-4B48-AA05-BAEC94D85781","4 - DARK - LIGHTED ROADWAY","165011860","1 - NOT COLLISION BETWEEN TWO MOTOR VEHICLES IN TRANSPORT","02 - WET","2 - STRAIGHT GRADE","2 - BLACKTOP, BITUMINOUS, ASPHALT","N/A","P - PEDESTRIAN","4 - RAIN","45202",2,1.103,0.18987963955642,610022,39.0984956776372,-84.5053821788608,"Central Business District",273189
"10XX CARSON AV",39.111141,-84.573971,"51-60","N/A","N/A","09/03/2017 05:10:00 PM +0000","03 - T-INTERSECTION","2 - INJURY",2,"09/03/2017 05:21:00 PM +0000","SUN","F - FEMALE","2 - POSSIBLE","73C45A0B-028B-4BE7-A771-F89FD148737C","1 - DAYLIGHT","175013280","1 - NOT COLLISION BETWEEN TWO MOTOR VEHICLES IN TRANSPORT","01 - DRY","1 - STRAIGHT LEVEL","2 - BLACKTOP, BITUMINOUS, ASPHALT","N/A","P - PEDESTRIAN","1 - CLEAR","45205",2,1.103,0.110900946383676,910028,39.1119963435579,-84.5731585722027,"East Price Hill",273561
"9XX BURTON AV",39.151935,-84.485355,"UNDER 18","AVONDALE - NORTH AVONDALE","NORTH AVONDALE","11/16/2015 07:00:00 AM +0000","02 - FOUR-WAY INTERSECTION","2 - INJURY",2,"11/16/2015 07:00:00 AM +0000","MON","F - FEMALE","4 - INCAPACITATING","B4FDAF2A-2D61-423E-B403-5031CC916CB4","2 - DAWN","155016662","1 - NOT COLLISION BETWEEN TWO MOTOR VEHICLES IN TRANSPORT","01 - DRY","1 - STRAIGHT LEVEL","2 - BLACKTOP, BITUMINOUS, ASPHALT","AVONDALE","P - PEDESTRIAN","1 - CLEAR","45229",4,0.141,0.111914086109712,520046,39.1524878739835,-84.4850492648585,"North Avondale",274686
"3XX E MCMILLAN ST",39.127566,-84.503558,"UNDER 18","N/A","N/A","04/12/2013 03:57:00 PM +0000","02 - FOUR-WAY INTERSECTION","2 - INJURY",2,"04/12/2013 03:57:00 PM +0000","FRI","M - MALE","2 - POSSIBLE","0E89EB44-2617-40BB-B1C8-DC3433D4ABA4","1 - DAYLIGHT","135004468","1 - NOT COLLISION BETWEEN TWO MOTOR VEHICLES IN TRANSPORT","01 - DRY","1 - STRAIGHT LEVEL","2 - BLACKTOP, BITUMINOUS, ASPHALT","N/A","P - PEDESTRIAN","2 - CLOUDY","45219",2,1.103,0.140647432171651,600035,39.1277450055828,-84.5031229659305,"Corryville",200172
"5XX E 13TH ST",39.110257,-84.505821,"UNDER 18","N/A","N/A","08/27/2016 07:30:00 PM +0000","01 - NOT AN INTERSECTION","2 - INJURY",2,"08/27/2016 07:33:00 PM +0000","SAT","M - MALE","3 - NON-INCAPACITATING","1E3DDC44-8CA8-4887-9EBD-BB9D207831AF","1 - DAYLIGHT","165013831","1 - NOT COLLISION BETWEEN TWO MOTOR VEHICLES IN TRANSPORT","01 - DRY","1 - STRAIGHT LEVEL","2 - BLACKTOP, BITUMINOUS, ASPHALT","N/A","P - PEDESTRIAN","2 - CLOUDY","45202",3,0.304,0.11473541529123,610027,39.1097456875309,-84.5053821788343,"Pendleton",202841
"32XX CLIFTON AV",39.128015,-84.518443,"51-60","N/A","N/A","07/13/2018 03:00:00 PM +0000","10 - DRIVEWAY/ALLEY ACCESS","2 - INJURY",2,"07/13/2018 03:02:00 PM +0000","FRI","F - FEMALE","2 - POSSIBLE","A985B387-43F4-4A58-A020-4F223EEC649C","1 - DAYLIGHT","185009731","1 - NOT COLLISION BETWEEN TWO MOTOR VEHICLES IN TRANSPORT","01 - DRY","1 - STRAIGHT LEVEL","2 - BLACKTOP, BITUMINOUS, ASPHALT","N/A","P - PEDESTRIAN","1 - CLEAR","45220",2,1.103,0.201246014799999,670035,39.1277489739748,-84.518937456772,"CUF",273417
"1XX HUNTINGTON PL",39.118868,-84.51164,"18-25","N/A","N/A","06/07/2014 05:04:00 PM +0000","03 - T-INTERSECTION","2 - INJURY",2,"06/07/2014 05:04:00 PM +0000","SAT","F - FEMALE","3 - NON-INCAPACITATING","3BF2C911-0EA7-41DC-8CD1-1394DEAC2143","1 - DAYLIGHT","145004450","1 - NOT COLLISION BETWEEN TWO MOTOR VEHICLES IN TRANSPORT","01 - DRY","1 - STRAIGHT LEVEL","2 - BLACKTOP, BITUMINOUS, ASPHALT","N/A","P - PEDESTRIAN","1 - CLEAR","45219",3,0.304,0.128863175288191,640031,39.1187475268783,-84.512159817643,"Mt. Auburn",274621
"4XX E 3RD ST",39.099465,-84.506051,"51-60","N/A","N/A","09/02/2016 07:26:00 AM +0000","02 - FOUR-WAY INTERSECTION","2 - INJURY",2,"09/02/2016 07:26:00 AM +0000","FRI","F - FEMALE","4 - INCAPACITATING","92402B61-E31C-493C-B63A-746A2FEAC633","1 - DAYLIGHT","165014183","1 - NOT COLLISION BETWEEN TWO MOTOR VEHICLES IN TRANSPORT","01 - DRY","2 - STRAIGHT GRADE","2 - BLACKTOP, BITUMINOUS, ASPHALT","N/A","P - PEDESTRIAN","1 - CLEAR","45202",4,0.141,0.18987963955642,610022,39.0984956776372,-84.5053821788608,"Central Business District",273189
"31XX OBSERVATORY AV",39.137551,-84.426848,"61-70","N/A","N/A","03/03/2018 07:30:00 AM +0000","02 - FOUR-WAY INTERSECTION","2 - INJURY",2,"04/16/2018 12:30:00 PM +0000","SAT","M - MALE","3 - NON-INCAPACITATING","255A9790-4B78-461A-856D-EF511A29625D","2 - DAWN","185005275","1 - NOT COLLISION BETWEEN TWO MOTOR VEHICLES IN TRANSPORT","02 - WET","1 - STRAIGHT LEVEL","2 - BLACKTOP, BITUMINOUS, ASPHALT","N/A","P - PEDESTRIAN","3 - FOG, SMOG, SMOKE","45208",3,0.304,0.136514194017171,260039,39.1366953398788,-84.4263097743884,"Hyde Park",201414
"29XX ERIE AV",39.139038,-84.434099,"OVER 70","N/A","N/A","11/01/2016 07:13:00 PM +0000","02 - FOUR-WAY INTERSECTION","2 - INJURY",2,"11/01/2016 07:14:00 PM +0000","TUE","F - FEMALE","4 - INCAPACITATING","CE6D5E43-C68C-4D44-A892-65673BA08908","4 - DARK - LIGHTED ROADWAY","165018079","1 - NOT COLLISION BETWEEN TWO MOTOR VEHICLES IN TRANSPORT","01 - DRY","2 - STRAIGHT GRADE","2 - BLACKTOP, BITUMINOUS, ASPHALT","N/A","P - PEDESTRIAN","1 - CLEAR","45208",4,0.141,0.117302206354184,290040,39.1389517520225,-84.4330874039583,"Hyde Park",201414
"23XX VINE",39.123212,-84.513859,"51-60","N/A","N/A","07/15/2013 11:25:00 AM +0000","01 - NOT AN INTERSECTION","2 - INJURY",2,"07/15/2013 12:38:00 PM +0000","MON","F - FEMALE","2 - POSSIBLE","A3D7B8E7-78A4-41D8-9DC8-23D10808661A","1 - DAYLIGHT","135008580","1 - NOT COLLISION BETWEEN TWO MOTOR VEHICLES IN TRANSPORT","01 - DRY","2 - STRAIGHT GRADE","1 - CONCRETE","N/A","P - PEDESTRIAN","1 - CLEAR","45219",2,1.103,0.197794737798975,650033,39.1232480541718,-84.5144190306512,"Mt. Auburn",274621
"9XX WELLS ST",39.109119,-84.569209,"26-30","N/A","N/A","07/03/2017 11:16:59 AM +0000","01 - NOT AN INTERSECTION","2 - INJURY",2,"07/03/2017 11:20:37 AM +0000","MON","M - MALE","3 - NON-INCAPACITATING","0A1EEE55-CD6A-42EC-8B44-BA561B0E162A","1 - DAYLIGHT","175009865","1 - NOT COLLISION BETWEEN TWO MOTOR VEHICLES IN TRANSPORT","01 - DRY","1 - STRAIGHT LEVEL","2 - BLACKTOP, BITUMINOUS, ASPHALT","N/A","P - PEDESTRIAN","1 - CLEAR","45205",3,0.304,0.196289340953965,890027,39.1097475188524,-84.5686401462761,"East Price Hill",273561
"5XX ELBERON AV",39.101714,-84.565863,"UNDER 18","EAST PRICE HILL","EAST PRICE HILL","08/19/2017 06:20:00 PM +0000","02 - FOUR-WAY INTERSECTION","2 - INJURY",2,"08/19/2017 06:28:00 PM +0000","SAT","F - FEMALE","2 - POSSIBLE","6DE89027-C367-429B-ABC4-59AD3641C459","1 - DAYLIGHT","175012416","1 - NOT COLLISION BETWEEN TWO MOTOR VEHICLES IN TRANSPORT","01 - DRY","2 - STRAIGHT GRADE","2 - BLACKTOP, BITUMINOUS, ASPHALT","EAST PRICE HILL","P - PEDESTRIAN","1 - CLEAR","45205",2,1.103,0.200462189880794,880023,39.1007480340209,-84.5663809332542,"East Price Hill",273561
"60XX RIDGE AV",39.182031,-84.426291,"UNDER 18","N/A","N/A","07/11/2018 10:00:00 AM +0000","02 - FOUR-WAY INTERSECTION","2 - INJURY",2,"07/11/2018 10:05:00 AM +0000","WED","M - MALE","3 - NON-INCAPACITATING","C0571E1E-2ABE-40C5-B027-780079609C82","1 - DAYLIGHT","185009621","1 - NOT COLLISION BETWEEN TWO MOTOR VEHICLES IN TRANSPORT","01 - DRY","1 - STRAIGHT LEVEL","2 - BLACKTOP, BITUMINOUS, ASPHALT","N/A","P - PEDESTRIAN","1 - CLEAR","45213",3,0.304,0.0941196764546656,260059,39.1816953627268,-84.4263097742127,"Pleasant Ridge",202946
"18XX SUNNYBROOK DR",39.206534,-84.455422,"18-25","ROSELAWN","ROSELAWN","09/12/2018 06:28:00 PM +0000","01 - NOT AN INTERSECTION","2 - INJURY",2,"09/12/2018 06:28:00 PM +0000","WED","M - MALE","2 - POSSIBLE","564AE09F-A4A7-4783-9E39-6E8001D0E087","1 - DAYLIGHT","185012873","1 - NOT COLLISION BETWEEN TWO MOTOR VEHICLES IN TRANSPORT","01 - DRY","3 - CURVE LEVEL","2 - BLACKTOP, BITUMINOUS, ASPHALT","ROSELAWN","P - PEDESTRIAN","2 - CLOUDY","45237",2,1.103,0.111828969846448,390070,39.2064703335436,-84.4556795105065,"Roselawn",203265
"4XX KINGS RUN CT",39.177718,-84.510438,"18-25","SPRING GROVE VILLAGE","SPRING GROVE VILLAGE","11/27/2014 01:00:00 AM +0000","10 - DRIVEWAY/ALLEY ACCESS","2 - INJURY",2,"11/27/2014 10:51:00 AM +0000","THU","F - FEMALE","4 - INCAPACITATING","4D1EF9CB-D8E8-483D-B3F8-D313DC1E4C02","6 - DARK – UNKNOWN ROADWAY LIGHTING","145012296","1 - NOT COLLISION BETWEEN TWO MOTOR VEHICLES IN TRANSPORT","01 - DRY","1 - STRAIGHT LEVEL","2 - BLACKTOP, BITUMINOUS, ASPHALT","SPRING GROVE VILLAGE","P - PEDESTRIAN","9 - OTHER/UNKNOWN","45232",4,0.141,0.15157549764797,630057,39.1772470116069,-84.5099006045349,"Winton Place",204406
"19XX E SEYMOUR AV",39.186739,-84.458911,"51-60","ROSELAWN","ROSELAWN","02/23/2016 10:21:02 AM +0000","01 - NOT AN INTERSECTION","2 - INJURY",2,"02/23/2016 10:22:34 AM +0000","TUE","M - MALE","4 - INCAPACITATING","411C24C9-7A9F-44BA-A547-14AB2929410D","1 - DAYLIGHT","165002764","9 - UNKNOWN","01 - DRY","1 - STRAIGHT LEVEL","2 - BLACKTOP, BITUMINOUS, ASPHALT","ROSELAWN","P - PEDESTRIAN","1 - CLEAR","45237",4,0.141,0.19448303428667,400061,39.1862219339061,-84.4579387218923,"Roselawn",203265
"4XX DIXMYTH AV",39.140945,-84.520756,"26-30","CLIFTON","CLIFTON","08/07/2018 06:15:00 PM +0000","01 - NOT AN INTERSECTION","2 - INJURY",2,"08/07/2018 08:45:00 PM +0000","TUE","M - MALE","2 - POSSIBLE","750E408B-9922-4FF6-91B5-F107A0EFBD50","1 - DAYLIGHT","185010983","1 - NOT COLLISION BETWEEN TWO MOTOR VEHICLES IN TRANSPORT","01 - DRY","1 - STRAIGHT LEVEL","2 - BLACKTOP, BITUMINOUS, ASPHALT","CLIFTON","P - PEDESTRIAN","1 - CLEAR","45220",2,1.103,0.209845136997768,680041,39.1412493786237,-84.5211966698563,"Clifton",200052
"21XX FERGUSON RD",39.123072,-84.601343,"18-25","N/A","N/A","03/13/2018 07:23:00 AM +0000","03 - T-INTERSECTION","2 - INJURY",2,"03/13/2018 07:23:00 AM +0000","TUE","M - MALE","3 - NON-INCAPACITATING","ABAE2A09-F6B0-48C4-BAC2-FF60871586D8","2 - DAWN","185003543","1 - NOT COLLISION BETWEEN TWO MOTOR VEHICLES IN TRANSPORT","01 - DRY","1 - STRAIGHT LEVEL","2 - BLACKTOP, BITUMINOUS, ASPHALT","N/A","P - PEDESTRIAN","1 - CLEAR","45238",3,0.304,0.112246244027341,1030033,39.1232356260881,-84.6002691235868,"West Price HIll",275981
"7XX CENTRAL AV",39.101744,-84.519832,"31-40","N/A","N/A","10/01/2015 09:19:00 AM +0000","02 - FOUR-WAY INTERSECTION","2 - INJURY",2,"10/01/2015 09:19:00 AM +0000","THU","F - FEMALE","2 - POSSIBLE","C631DE99-90A0-4FE8-B2EE-1C901C73FF41","1 - DAYLIGHT","155014185","1 - NOT COLLISION BETWEEN TWO MOTOR VEHICLES IN TRANSPORT","01 - DRY","1 - STRAIGHT LEVEL","2 - BLACKTOP, BITUMINOUS, ASPHALT","N/A","P - PEDESTRIAN","2 - CLOUDY","45203",2,1.103,0.122208332178405,670023,39.1007489496279,-84.5189374568186,"Central Business District",273189
"32XX WERK RD",39.140131,-84.613453,"UNDER 18","N/A","N/A","03/20/2017 08:16:00 PM +0000","02 - FOUR-WAY INTERSECTION","2 - INJURY",2,"03/20/2017 08:17:00 PM +0000","MON","M - MALE","2 - POSSIBLE","2B699EB4-6FDD-43A4-AA88-37E693E88477","4 - DARK - LIGHTED ROADWAY","175004053","1 - NOT COLLISION BETWEEN TWO MOTOR VEHICLES IN TRANSPORT","02 - WET","1 - STRAIGHT LEVEL","2 - BLACKTOP, BITUMINOUS, ASPHALT","N/A","P - PEDESTRIAN","4 - RAIN","45211",2,1.103,0.0883069931771373,1090041,39.1412279210317,-84.6138243956165,"Westwood",204284
"52XX PADDOCK RD",39.183861,-84.477411,"51-60","N/A","N/A","11/24/2015 06:00:00 PM +0000","03 - T-INTERSECTION","2 - INJURY",2,"11/24/2015 06:30:00 PM +0000","TUE","F - FEMALE","3 - NON-INCAPACITATING","73C62F02-C7C6-4511-8B52-D48B03649286","4 - DARK - LIGHTED ROADWAY","155017188","1 - NOT COLLISION BETWEEN TWO MOTOR VEHICLES IN TRANSPORT","01 - DRY","1 - STRAIGHT LEVEL","2 - BLACKTOP, BITUMINOUS, ASPHALT","N/A","P - PEDESTRIAN","1 - CLEAR","45237",3,0.304,0.153264966383981,490060,39.1839844967459,-84.4782716279271,"Bond Hill",199607
"3XX W MCMILLAN ST",39.127687,-84.525301,"18-25","CUF - HEIGHTS","FAIRVIEW","02/11/2017 05:21:00 PM +0000","02 - FOUR-WAY INTERSECTION","2 - INJURY",2,"02/11/2017 05:21:00 PM +0000","SAT","F - FEMALE","2 - POSSIBLE","DD3C0058-4D85-40EB-9FFD-406D0763AD4D","1 - DAYLIGHT","175002067","1 - NOT COLLISION BETWEEN TWO MOTOR VEHICLES IN TRANSPORT","01 - DRY","2 - STRAIGHT GRADE","2 - BLACKTOP, BITUMINOUS, ASPHALT","CUF","P - PEDESTRIAN","1 - CLEAR","45219",2,1.103,0.108826699169522,700035,39.1277500205836,-84.5257150961587,"CUF",273417
"35XX MOONEY AV",39.143041,-84.445299,"51-60","N/A","N/A","12/22/2016 06:32:06 PM +0000","03 - T-INTERSECTION","2 - INJURY",2,"12/22/2016 06:44:14 PM +0000","THU","F - FEMALE","3 - NON-INCAPACITATING","ACFFFE48-B98C-486E-B88D-F753BCF4EE6D","4 - DARK - LIGHTED ROADWAY","165021405","1 - NOT COLLISION BETWEEN TWO MOTOR VEHICLES IN TRANSPORT","01 - DRY","1 - STRAIGHT LEVEL","1 - CONCRETE","N/A","P - PEDESTRIAN","1 - CLEAR","45208",3,0.304,0.0945899054724247,340042,39.1434615675952,-84.4443834558598,"Hyde Park",201414
"56XX MADISON RD",39.159542,-84.395028,"UNDER 18","MADISONVILLE","MADISONVILLE","09/25/2014 08:40:00 PM +0000","03 - T-INTERSECTION","2 - INJURY",2,"09/25/2014 08:40:00 PM +0000","THU","F - FEMALE","3 - NON-INCAPACITATING","D75ECBB3-600C-4A86-B522-A2AC44612531","4 - DARK - LIGHTED ROADWAY","145009183","1 - NOT COLLISION BETWEEN TWO MOTOR VEHICLES IN TRANSPORT","01 - DRY","1 - STRAIGHT LEVEL","1 - CONCRETE","MADISONVILLE","P - PEDESTRIAN","1 - CLEAR","45227",3,0.304,0.180163551966964,120049,39.1591602383577,-84.3946808543317,"Madisonville",201948
"25XX CLIFTON AV",39.128901,-84.520408,"UNDER 18","N/A","N/A","04/17/2018 03:40:00 PM +0000","03 - T-INTERSECTION","2 - INJURY",2,"04/17/2018 03:40:00 PM +0000","TUE","M - MALE","2 - POSSIBLE","1873F0E8-7726-4F1C-A164-DD7CFF300CB7","1 - DAYLIGHT","185004106","1 - NOT COLLISION BETWEEN TWO MOTOR VEHICLES IN TRANSPORT","01 - DRY","1 - STRAIGHT LEVEL","1 - CONCRETE","N/A","P - PEDESTRIAN","1 - CLEAR","45219",2,1.103,0.194041347980605,680036,39.1299993684835,-84.5211966698744,"CUF",273417
"34XX WARSAW AV",39.109406,-84.567916,"31-40","EAST PRICE HILL","EAST PRICE HILL","04/02/2018 12:08:00 PM +0000","02 - FOUR-WAY INTERSECTION","2 - INJURY",2,"04/02/2018 12:08:00 PM +0000","MON","M - MALE","4 - INCAPACITATING","14BF3B38-BD46-4C76-84FA-5C7B964C1E71","1 - DAYLIGHT","185004520","1 - NOT COLLISION BETWEEN TWO MOTOR VEHICLES IN TRANSPORT","01 - DRY","2 - STRAIGHT GRADE","2 - BLACKTOP, BITUMINOUS, ASPHALT","EAST PRICE HILL","P - PEDESTRIAN","1 - CLEAR","45205",4,0.141,0.196289340953965,890027,39.1097475188524,-84.5686401462761,"East Price Hill",273561
"19XX HARRISON AV",39.130511,-84.562088,"61-70","SOUTH FAIRMOUNT","SOUTH  FAIRMOUNT","02/01/2018 08:09:00 PM +0000","02 - FOUR-WAY INTERSECTION","2 - INJURY",2,"02/01/2018 08:09:00 PM +0000","THU","M - MALE","3 - NON-INCAPACITATING","8E132AE1-7987-48C1-816D-95E4D0453339","4 - DARK - LIGHTED ROADWAY","185001608","1 - NOT COLLISION BETWEEN TWO MOTOR VEHICLES IN TRANSPORT","01 - DRY","4 - CURVE GRADE","2 - BLACKTOP, BITUMINOUS, ASPHALT","SOUTH FAIRMOUNT","P - PEDESTRIAN","2 - CLOUDY","45214",3,0.304,0.110554607730332,860036,39.1299989759954,-84.5618625071434,"South Fairmount",203599
"5XX CENTRAL AV",39.101032,-84.519089,"61-70","N/A","N/A","06/26/2018 05:13:00 PM +0000","02 - FOUR-WAY INTERSECTION","2 - INJURY",2,"06/26/2018 07:12:05 PM +0000","TUE","M - MALE","2 - POSSIBLE","62BC01A1-5B49-4446-968D-9DEFA7CCE9DE","1 - DAYLIGHT","185008913","1 - NOT COLLISION BETWEEN TWO MOTOR VEHICLES IN TRANSPORT","02 - WET","1 - STRAIGHT LEVEL","2 - BLACKTOP, BITUMINOUS, ASPHALT","N/A","P - PEDESTRIAN","2 - CLOUDY","45203",2,1.103,0.122208332178405,670023,39.1007489496279,-84.5189374568186,"Central Business District",273189
"27XX SHORT VINE ST",39.130331,-84.510258,"41-50","N/A","N/A","04/24/2018 07:35:00 PM +0000","02 - FOUR-WAY INTERSECTION","2 - INJURY",2,"04/24/2018 07:37:00 PM +0000","TUE","M - MALE","3 - NON-INCAPACITATING","51DFC0BA-526A-48CB-8BA5-90E3699F11DF","3 - DUSK","185005704","1 - NOT COLLISION BETWEEN TWO MOTOR VEHICLES IN TRANSPORT","02 - WET","1 - STRAIGHT LEVEL","2 - BLACKTOP, BITUMINOUS, ASPHALT","N/A","P - PEDESTRIAN","2 - CLOUDY","45219",3,0.304,0.105427657138623,630036,39.1299969699657,-84.5099006046367,"Corryville",200172
"32XX BURNET AV",39.135751,-84.500391,"18-25","CORRYVILLE","CORRYVILLE","01/08/2018 02:05:00 PM +0000","02 - FOUR-WAY INTERSECTION","3 - PROPERTY DAMAGE ONLY (PDO)",3,"01/08/2018 02:08:00 PM +0000","MON","F - FEMALE","1 - NO INJURY / NONE REPORTED","D7770595-4C1D-4E05-A0DB-6C9214F6CE52","1 - DAYLIGHT","185000385","1 - NOT COLLISION BETWEEN TWO MOTOR VEHICLES IN TRANSPORT","02 - WET","1 - STRAIGHT LEVEL","2 - BLACKTOP, BITUMINOUS, ASPHALT","CORRYVILLE","P - PEDESTRIAN","2 - CLOUDY","45229",1,10.082,0.0954384293094114,590039,39.1367442720186,-84.5008637530924,"Corryville",200172
"9XX WALNUT ST",39.105761,-84.512958,"61-70","N/A","N/A","04/12/2017 02:39:00 PM +0000","02 - FOUR-WAY INTERSECTION","2 - INJURY",2,"04/12/2017 02:39:00 PM +0000","WED","M - MALE","3 - NON-INCAPACITATING","1707DF88-A539-4D0E-9B4E-B56C58C8ECDD","1 - DAYLIGHT","175005334","1 - NOT COLLISION BETWEEN TWO MOTOR VEHICLES IN TRANSPORT","01 - DRY","1 - STRAIGHT LEVEL","1 - CONCRETE","N/A","P - PEDESTRIAN","1 - CLEAR","45202",3,0.304,0.149580060022916,640025,39.1052475148416,-84.5121598176706,"Central Business District",273189