"address_x","lat","long","age","community_council_neighborhood","cpd_neighborhood","crashdate","crashlocation","crashseverity","crashseverityid","datecrashreported","dayofweek","gender","injuries","instanceid","lightconditionsprimary","localreportno","mannerofcrash","roadconditionsprimary","roadcontour","roadsurface","sna_neighborhood","typeofperson","weather","zip","injury_type_num","cost","dist","cell_id","lat_cell","long_cell","hood","hood_id"
"XX E MCMILLAN ST",39.126958,-84.509526,"18-25","MOUNT AUBURN","CORRYVILLE","10/10/2015 03:31:00 AM +0000","01 - NOT AN INTERSECTION","3 - PROPERTY DAMAGE ONLY (PDO)",3,"10/10/2015 03:31:00 AM +0000","SAT","M - MALE","1 - NO INJURY / NONE REPORTED","B13AAACB-F334-46EB-88B6-BBF6AAEA9A7C","4 - DARK - LIGHTED ROADWAY","155014695","1 - NOT COLLISION BETWEEN TWO MOTOR VEHICLES IN TRANSPORT","01 - DRY","2 - STRAIGHT GRADE","2 - BLACKTOP, BITUMINOUS, ASPHALT","CORRYVILLE","P - PEDESTRIAN","1 - CLEAR","45219",1,10.082,0.13432532964,630035,39.1277469679745,-84.5099006046416,"Corryville",200172
"39XX ZINSLE AV",39.184783,-84.402389,"UNDER 18","N/A","N/A","06/25/2018 12:56:00 PM +0000","01 - NOT AN INTERSECTION","2 - INJURY",2,"06/25/2018 01:10:00 PM +0000","MON","M - MALE","2 - POSSIBLE","FD0B6D33-A1B5-4AF6-A245-775C0F99957A","1 - DAYLIGHT","185008846","1 - NOT COLLISION BETWEEN TWO MOTOR VEHICLES IN TRANSPORT","02 - WET","4 - CURVE GRADE","2 - BLACKTOP, BITUMINOUS, ASPHALT","N/A","P - PEDESTRIAN","2 - CLOUDY","45213",2,1.103,0.106609647592152,160060,39.183921151228,-84.4037176852515,"Kennedy Heights",201559
"11XX CLIFTON HILLS AV",39.146105,-84.534868,"UNDER 18","CLIFTON","CLIFTON","03/08/2013 04:24:00 PM +0000","01 - NOT AN INTERSECTION","2 - INJURY",2,"03/08/2013 04:26:00 PM +0000","FRI","M - MALE","4 - INCAPACITATING","AAB5930B-866E-443D-BB08-C0BBA34AEFAD","1 - DAYLIGHT","135002954","1 - NOT COLLISION BETWEEN TWO MOTOR VEHICLES IN TRANSPORT","01 - DRY","1 - STRAIGHT LEVEL","2 - BLACKTOP, BITUMINOUS, ASPHALT","CLIFTON","P - PEDESTRIAN","1 - CLEAR","45220",4,0.141,0.164107659482629,740043,39.1457508219488,-84.534751948899,"Clifton",200052
"9XX CENTRAL AV",39.104746,-84.520642,"OVER 70","WEST END","WEST  END","10/11/2016 08:07:00 PM +0000","01 - NOT AN INTERSECTION","1 - FATAL INJURY",1,"10/11/2016 08:07:00 PM +0000","TUE","F - FEMALE","5 - FATAL","5AFCFDCD-8660-4075-8EF8-2223C1F08968","4 - DARK - LIGHTED ROADWAY","165016748","1 - NOT COLLISION BETWEEN TWO MOTOR VEHICLES IN TRANSPORT","01 - DRY","1 - STRAIGHT LEVEL","2 - BLACKTOP, BITUMINOUS, ASPHALT","WEST END","P - PEDESTRIAN","1 - CLEAR","45214",5,0.046,0.149483011646625,680025,39.1052493461075,-84.5211966699144,"West End",276647
"19XX MADISON RD",39.132085,-84.464234,"61-70","N/A","N/A","08/18/2014 02:50:00 PM +0000","01 - NOT AN INTERSECTION","2 - INJURY",2,"08/18/2014 02:53:00 PM +0000","MON","M - MALE","4 - INCAPACITATING","A65C4850-768B-42C1-8995-B93DD496CD51","1 - DAYLIGHT","145007460","1 - NOT COLLISION BETWEEN TWO MOTOR VEHICLES IN TRANSPORT","01 - DRY","4 - CURVE GRADE","2 - BLACKTOP, BITUMINOUS, ASPHALT","N/A","P - PEDESTRIAN","2 - CLOUDY","45208",4,0.141,0.111617834717118,430037,39.132226475198,-84.4647163566176,"Evanston",200632
"56XX COLERAIN AV",39.195171,-84.574682,"UNDER 18","N/A","N/A","11/09/2017 05:43:35 PM +0000","01 - NOT AN INTERSECTION","2 - INJURY",2,"11/09/2017 05:48:45 PM +0000","THU","M - MALE","3 - NON-INCAPACITATING","2C4287BE-A8DE-43D0-9E52-DC4A6307CA58","1 - DAYLIGHT","175017227","1 - NOT COLLISION BETWEEN TWO MOTOR VEHICLES IN TRANSPORT","01 - DRY","2 - STRAIGHT GRADE","2 - BLACKTOP, BITUMINOUS, ASPHALT","N/A","P - PEDESTRIAN","1 - CLEAR","45239",3,0.304,0.110658471749885,920065,39.1952457621091,-84.575417785195,"Mt. Airy",274620
"20XX CENTRAL PY",39.119342,-84.523791,"61-70","N/A","N/A","02/15/2018 02:08:00 PM +0000","02 - FOUR-WAY INTERSECTION","2 - INJURY",2,"02/15/2018 02:08:00 PM +0000","THU","M - MALE","2 - POSSIBLE","E0509913-7F3B-42C6-8C05-38DC1EF47F6E","1 - DAYLIGHT","185002295","1 - NOT COLLISION BETWEEN TWO MOTOR VEHICLES IN TRANSPORT","02 - WET","1 - STRAIGHT LEVEL","2 - BLACKTOP, BITUMINOUS, ASPHALT","N/A","P - PEDESTRIAN","4 - RAIN","45214",2,1.103,0.118957669819715,690031,39.1187497071708,-84.5234558830214,"Over-The-Rhine",202750
"16XX W NORTH BEND",39.20189,-84.54787,"41-50","COLLEGE HILL","COLLEGE  HILL","12/05/2013 05:49:01 PM +0000","02 - FOUR-WAY INTERSECTION","2 - INJURY",2,"12/05/2013 11:06:03 PM +0000","THU","F - FEMALE","3 - NON-INCAPACITATING","B3E36F73-6B0E-498A-B889-A43CC18DE5BA","3 - DUSK","135012595","1 - NOT COLLISION BETWEEN TWO MOTOR VEHICLES IN TRANSPORT","02 - WET","1 - STRAIGHT LEVEL","1 - CONCRETE","COLLEGE HILL","P - PEDESTRIAN","4 - RAIN","45224",3,0.304,0.149979037599549,800068,39.2020007420096,-84.5483072281875,"College Hill",200100
"4XX E 3RD ST",39.099715,-84.506481,"51-60","N/A","N/A","09/02/2016 07:26:00 AM +0000","02 - FOUR-WAY INTERSECTION","2 - INJURY",2,"09/02/2016 07:26:00 AM +0000","FRI","F - FEMALE","4 - INCAPACITATING","057194A0-0F97-4070-AC75-B388E6CFF618","1 - DAYLIGHT","165014183","1 - NOT COLLISION BETWEEN TWO MOTOR VEHICLES IN TRANSPORT","01 - DRY","2 - STRAIGHT GRADE","2 - BLACKTOP, BITUMINOUS, ASPHALT","N/A","P - PEDESTRIAN","1 - CLEAR","45202",4,0.141,0.101899627084652,610023,39.1007456796175,-84.5053821788555,"Central Business District",273189
"4XX FOREST AV",39.147198,-84.499051,"UNDER 18","N/A","N/A","03/08/2018 06:56:00 AM +0000","02 - FOUR-WAY INTERSECTION","2 - INJURY",2,"03/08/2018 06:56:00 AM +0000","THU","F - FEMALE","3 - NON-INCAPACITATING","63CC0330-2486-4426-A77A-7CD9D1D2F944","2 - DAWN","185003283","1 - NOT COLLISION BETWEEN TWO MOTOR VEHICLES IN TRANSPORT","02 - WET","1 - STRAIGHT LEVEL","2 - BLACKTOP, BITUMINOUS, ASPHALT","N/A","P - PEDESTRIAN","1 - CLEAR","45229",3,0.304,0.128462791680917,580044,39.14799349666,-84.4986045402955,"Avondale",199345
"XX E 5TH ST",39.100676,-84.513068,"OVER 70","N/A","N/A","09/01/2015 08:45:00 AM +0000","01 - NOT AN INTERSECTION","2 - INJURY",2,"09/01/2015 08:47:00 AM +0000","TUE","F - FEMALE","3 - NON-INCAPACITATING","83F3FF57-0BDF-4D67-8B72-C1832865247E","1 - DAYLIGHT","155012316","1 - NOT COLLISION BETWEEN TWO MOTOR VEHICLES IN TRANSPORT","02 - WET","1 - STRAIGHT LEVEL","2 - BLACKTOP, BITUMINOUS, ASPHALT","N/A","P - PEDESTRIAN","1 - CLEAR","45202",3,0.304,0.129375284706794,640023,39.1007475108233,-84.5121598176799,"Central Business District",273189
"47XX RED BANK EX",39.159141,-84.40624,"31-40","N/A","N/A","03/11/2013 11:50:00 AM +0000","02 - FOUR-WAY INTERSECTION","2 - INJURY",2,"03/11/2013 11:55:00 AM +0000","MON","M - MALE","3 - NON-INCAPACITATING","925E7BB2-D7C5-41C1-93C7-1B264A1BAC85","1 - DAYLIGHT","135003072","1 - NOT COLLISION BETWEEN TWO MOTOR VEHICLES IN TRANSPORT","02 - WET","1 - STRAIGHT LEVEL","2 - BLACKTOP, BITUMINOUS, ASPHALT","N/A","P - PEDESTRIAN","4 - RAIN","45227",3,0.304,0.0881126473471907,170049,39.1591737601183,-84.4059768935114,"Madisonville",201948
"26XX WESTWOOD NORTHERN BV",39.150228,-84.587043,"UNDER 18","WESTWOOD","WESTWOOD","04/24/2017 02:36:00 PM +0000","01 - NOT AN INTERSECTION","2 - INJURY",2,"04/24/2017 02:38:00 PM +0000","MON","F - FEMALE","3 - NON-INCAPACITATING","80A098BD-6F5B-47CA-A100-384B21AA11E5","1 - DAYLIGHT","175005919","1 - NOT COLLISION BETWEEN TWO MOTOR VEHICLES IN TRANSPORT","01 - DRY","4 - CURVE GRADE","2 - BLACKTOP, BITUMINOUS, ASPHALT","WESTWOOD","P - PEDESTRIAN","1 - CLEAR","45211",3,0.304,0.11601246984561,970045,39.1502417975637,-84.5867138489743,"Westwood",204284
"20XX W NORTH BEND RD",39.202956,-84.561727,"UNDER 18","N/A","N/A","06/18/2018 05:10:00 PM +0000","03 - T-INTERSECTION","2 - INJURY",2,"06/18/2018 05:13:00 PM +0000","MON","F - FEMALE","2 - POSSIBLE","A4B107A4-A600-4D18-8A85-E955E1EEDB4E","1 - DAYLIGHT","185008500","1 - NOT COLLISION BETWEEN TWO MOTOR VEHICLES IN TRANSPORT","01 - DRY","1 - STRAIGHT LEVEL","2 - BLACKTOP, BITUMINOUS, ASPHALT","N/A","P - PEDESTRIAN","1 - CLEAR","45224",2,1.103,0.172125585974945,860068,39.2019990403577,-84.5618625071748,"College Hill",200100
"17XX FERNWOOD ST",39.13111,-84.473754,"31-40","N/A","N/A","02/15/2015 04:41:00 PM +0000","03 - T-INTERSECTION","3 - PROPERTY DAMAGE ONLY (PDO)",3,"02/15/2015 04:41:00 PM +0000","SUN","M - MALE","1 - NO INJURY / NONE REPORTED","CC242CFC-FB57-4458-A1E1-EE06696970AF","1 - DAYLIGHT","155002094","6 - ANGLE","01 - DRY","1 - STRAIGHT LEVEL","2 - BLACKTOP, BITUMINOUS, ASPHALT","N/A","P - PEDESTRIAN","1 - CLEAR","45206",1,10.082,0.121017919131647,470037,39.132231970073,-84.4737532039372,"Evanston",200632
"19XX LOSANTIVILLE",39.191048,-84.454685,"41-50","ROSELAWN","ROSELAWN","03/18/2014 09:25:00 AM +0000","01 - NOT AN INTERSECTION","2 - INJURY",2,"03/18/2014 09:30:00 AM +0000","TUE","F - FEMALE","4 - INCAPACITATING","6D08C581-20D6-48D8-A280-A8CDFBB6EB02","1 - DAYLIGHT","145002145","1 - NOT COLLISION BETWEEN TWO MOTOR VEHICLES IN TRANSPORT","01 - DRY","1 - STRAIGHT LEVEL","2 - BLACKTOP, BITUMINOUS, ASPHALT","ROSELAWN","P - PEDESTRIAN","1 - CLEAR","45237",4,0.141,0.129272328897939,390063,39.1907203227828,-84.4556795105683,"Roselawn",203265
"2XX E LIBERTY ST",39.112682,-84.512197,"51-60","N/A","N/A","11/24/2014 07:29:14 AM +0000","02 - FOUR-WAY INTERSECTION","2 - INJURY",2,"11/24/2014 07:30:14 AM +0000","MON","F - FEMALE","3 - NON-INCAPACITATING","23B28150-14C9-4700-97C9-1C50FA481F3C","1 - DAYLIGHT","145012146","1 - NOT COLLISION BETWEEN TWO MOTOR VEHICLES IN TRANSPORT","02 - WET","1 - STRAIGHT LEVEL","2 - BLACKTOP, BITUMINOUS, ASPHALT","N/A","P - PEDESTRIAN","4 - RAIN","45202",3,0.304,0.167756329929267,640028,39.1119975208634,-84.5121598176568,"Over-The-Rhine",202750
"4XX E KING DR",39.135661,-84.499978,"UNDER 18","N/A","N/A","06/06/2014 09:58:00 AM +0000","02 - FOUR-WAY INTERSECTION","2 - INJURY",2,"06/06/2014 10:02:00 AM +0000","FRI","F - FEMALE","2 - POSSIBLE","0205B993-BFCB-4662-922B-077D33EE5FBE","1 - DAYLIGHT","145004389","1 - NOT COLLISION BETWEEN TWO MOTOR VEHICLES IN TRANSPORT","01 - DRY","2 - STRAIGHT GRADE","2 - BLACKTOP, BITUMINOUS, ASPHALT","N/A","P - PEDESTRIAN","1 - CLEAR","45229",2,1.103,0.0954384293094114,590039,39.1367442720186,-84.5008637530924,"Corryville",200172
"26XX BURNET AV",39.129197,-84.501507,"18-25","AVONDALE","AVONDALE","06/02/2016 11:12:00 PM +0000","01 - NOT AN INTERSECTION","2 - INJURY",2,"06/02/2016 11:14:00 PM +0000","THU","F - FEMALE","2 - POSSIBLE","2401A730-762D-408D-ACF6-4DDE5A028AA1","4 - DARK - LIGHTED ROADWAY","165008642","1 - NOT COLLISION BETWEEN TWO MOTOR VEHICLES IN TRANSPORT","01 - DRY","2 - STRAIGHT GRADE","2 - BLACKTOP, BITUMINOUS, ASPHALT","AVONDALE","P - PEDESTRIAN","2 - CLOUDY","45219",2,1.103,0.122628933634827,590036,39.1299942661819,-84.5008637531097,"Avondale",199345
"12XX SLIKER AV",39.115418,-84.583255,"41-50","N/A","N/A","05/27/2017 06:28:00 PM +0000","01 - NOT AN INTERSECTION","2 - INJURY",2,"05/27/2017 06:32:00 PM +0000","SAT","F - FEMALE","2 - POSSIBLE","A46C1673-B058-4E9D-8F3A-4F9AB127BE41","1 - DAYLIGHT","175007955","1 - NOT COLLISION BETWEEN TWO MOTOR VEHICLES IN TRANSPORT","01 - DRY","1 - STRAIGHT LEVEL","1 - CONCRETE","N/A","P - PEDESTRIAN","1 - CLEAR","45205",2,1.103,0.10824340096922,950030,39.1164934695894,-84.5821954235497,"West Price HIll",275981
"44XX W 8TH ST",39.108135,-84.599107,"61-70","N/A","N/A","03/07/2018 04:05:00 PM +0000","03 - T-INTERSECTION","2 - INJURY",2,"03/07/2018 04:06:00 PM +0000","WED","M - MALE","3 - NON-INCAPACITATING","1BB1B0FE-BA24-49E4-BE30-EA64F49FFF92","1 - DAYLIGHT","185003266","1 - NOT COLLISION BETWEEN TWO MOTOR VEHICLES IN TRANSPORT","01 - DRY","1 - STRAIGHT LEVEL","1 - CONCRETE","N/A","P - PEDESTRIAN","2 - CLOUDY","45238",3,0.304,0.115744194108042,1020026,39.1074867470764,-84.5980099112823,"West Price HIll",275981
"4XX ELBERON AV",39.097948,-84.567238,"UNDER 18","N/A","N/A","07/08/2016 09:34:22 PM +0000","01 - NOT AN INTERSECTION","2 - INJURY",2,"07/08/2016 09:34:33 PM +0000","FRI","M - MALE","2 - POSSIBLE","B1B16A58-65F1-4F3A-B9C4-EDC48E4C3036","4 - DARK - LIGHTED ROADWAY","165010749","1 - NOT COLLISION BETWEEN TWO MOTOR VEHICLES IN TRANSPORT","01 - DRY","1 - STRAIGHT LEVEL","2 - BLACKTOP, BITUMINOUS, ASPHALT","N/A","P - PEDESTRIAN","1 - CLEAR","45205",2,1.103,0.120480548717646,880022,39.098498032002,-84.5663809332528,"East Price Hill",273561
"22XX READING",39.121595,-84.502159,"41-50","MOUNT AUBURN","MOUNT  AUBURN","08/27/2013 04:25:00 PM +0000","02 - FOUR-WAY INTERSECTION","2 - INJURY",2,"08/27/2013 04:30:00 PM +0000","TUE","F - FEMALE","3 - NON-INCAPACITATING","188F09C6-EF84-4761-AE1E-D7E3170725B2","1 - DAYLIGHT","135009690","1 - NOT COLLISION BETWEEN TWO MOTOR VEHICLES IN TRANSPORT","01 - DRY","2 - STRAIGHT GRADE","1 - CONCRETE","MT. AUBURN","P - PEDESTRIAN","1 - CLEAR","45219",3,0.304,0.102367110148177,600032,39.1209949997009,-84.5031229659471,"Mt. Auburn",274621
"33XX MONTANA AV",39.149925,-84.612702,"UNDER 18","WESTWOOD","WESTWOOD","10/13/2014 08:00:00 AM +0000","03 - T-INTERSECTION","2 - INJURY",2,"10/13/2014 08:50:00 PM +0000","MON","F - FEMALE","3 - NON-INCAPACITATING","7E9A342D-4439-4021-853C-6CF0C49FB654","1 - DAYLIGHT","145010058","1 - NOT COLLISION BETWEEN TWO MOTOR VEHICLES IN TRANSPORT","02 - WET","1 - STRAIGHT LEVEL","2 - BLACKTOP, BITUMINOUS, ASPHALT","WESTWOOD","P - PEDESTRIAN","4 - RAIN","45211",3,0.304,0.140024672748906,1090044,39.1479779260586,-84.6138243956329,"Westwood",204284
"26XX MONTANA AV",39.153038,-84.586129,"UNDER 18","N/A","N/A","11/27/2017 06:35:00 AM +0000","01 - NOT AN INTERSECTION","2 - INJURY",2,"11/27/2017 06:39:00 AM +0000","MON","F - FEMALE","2 - POSSIBLE","3E538107-F8EF-4A99-B628-2FB7FCFAE588","4 - DARK - LIGHTED ROADWAY","175018097","1 - NOT COLLISION BETWEEN TWO MOTOR VEHICLES IN TRANSPORT","01 - DRY","1 - STRAIGHT LEVEL","2 - BLACKTOP, BITUMINOUS, ASPHALT","N/A","P - PEDESTRIAN","1 - CLEAR","45211",2,1.103,0.133526122511151,970046,39.152491799463,-84.5867138489778,"Westwood",204284
"8XX WILLIAM HOWARD TAFT RD",39.128361,-84.488725,"UNDER 18","WALNUT HILLS","WALNUT HILLS","09/12/2016 05:20:00 PM +0000","02 - FOUR-WAY INTERSECTION","2 - INJURY",2,"09/12/2016 05:22:00 PM +0000","MON","M - MALE","2 - POSSIBLE","80DEA34C-0B93-4C51-BC4C-48172434537B","1 - DAYLIGHT","165014853","1 - NOT COLLISION BETWEEN TWO MOTOR VEHICLES IN TRANSPORT","01 - DRY","1 - STRAIGHT LEVEL","2 - BLACKTOP, BITUMINOUS, ASPHALT","WALNUT HILLS","P - PEDESTRIAN","1 - CLEAR","45206",2,1.103,0.119426029212238,540035,39.1277399033645,-84.4895676898303,"Walnut Hills",204112
"29XX QUEEN CITY AV",39.135027,-84.598976,"UNDER 18","WESTWOOD","WESTWOOD","12/01/2015 07:30:00 AM +0000","01 - NOT AN INTERSECTION","2 - INJURY",2,"12/02/2015 03:15:00 PM +0000","TUE","F - FEMALE","2 - POSSIBLE","45B8C593-3104-4300-8390-03417B7B7DCA","2 - DAWN","155017704","1 - NOT COLLISION BETWEEN TWO MOTOR VEHICLES IN TRANSPORT","02 - WET","2 - STRAIGHT GRADE","2 - BLACKTOP, BITUMINOUS, ASPHALT","WESTWOOD","P - PEDESTRIAN","4 - RAIN","45238",2,1.103,0.161383176968323,1020038,39.1344867690006,-84.5980099113356,"Westwood",204284
"24XX OHIO AV",39.127688,-84.514223,"18-25","N/A","N/A","08/18/2016 04:05:00 PM +0000","02 - FOUR-WAY INTERSECTION","2 - INJURY",2,"08/18/2016 04:10:00 PM +0000","THU","M - MALE","2 - POSSIBLE","1465DFE3-3252-4580-B7F3-BAA4F2D93C99","1 - DAYLIGHT","165013226","1 - NOT COLLISION BETWEEN TWO MOTOR VEHICLES IN TRANSPORT","01 - DRY","1 - STRAIGHT LEVEL","2 - BLACKTOP, BITUMINOUS, ASPHALT","N/A","P - PEDESTRIAN","1 - CLEAR","45219",2,1.103,0.127656008258082,650035,39.1277480581921,-84.5144190306425,"CUF",273417
"31XX READING RD",39.134319,-84.497768,"61-70","N/A","N/A","10/05/2013 10:40:00 PM +0000","03 - T-INTERSECTION","2 - INJURY",2,"10/05/2013 10:56:00 PM +0000","SAT","F - FEMALE","2 - POSSIBLE","DB829FF5-2B80-43B3-B906-0E7B09082561","4 - DARK - LIGHTED ROADWAY","135010841","1 - NOT COLLISION BETWEEN TWO MOTOR VEHICLES IN TRANSPORT","02 - WET","1 - STRAIGHT LEVEL","2 - BLACKTOP, BITUMINOUS, ASPHALT","N/A","P - PEDESTRIAN","4 - RAIN","45229",2,1.103,0.179594807596472,580038,39.1344934850787,-84.4986045403314,"Avondale",199345
"25XX W NORTH BEND RD",39.192198,-84.569315,"31-40","N/A","N/A","12/02/2016 07:00:00 AM +0000","01 - NOT AN INTERSECTION","2 - INJURY",2,"12/02/2016 07:08:00 AM +0000","FRI","M - MALE","3 - NON-INCAPACITATING","1CD5E7D8-8D4B-4D5C-AF25-FB102563AA26","4 - DARK - LIGHTED ROADWAY","165020040","1 - NOT COLLISION BETWEEN TWO MOTOR VEHICLES IN TRANSPORT","01 - DRY","1 - STRAIGHT LEVEL","1 - CONCRETE","N/A","P - PEDESTRIAN","1 - CLEAR","45239",3,0.304,0.13324936476816,890064,39.1929975925893,-84.5686401463396,"Mt. Airy",274620
"34XX VINE ST",39.142948,-84.508826,"26-30","CORRYVILLE","CLIFTON","11/26/2016 09:13:00 PM +0000","03 - T-INTERSECTION","2 - INJURY",2,"11/26/2016 09:30:00 PM +0000","SAT","F - FEMALE","4 - INCAPACITATING","ED153047-C2FE-40CA-972B-1DA51312969E","4 - DARK - LIGHTED ROADWAY","165019675","1 - NOT COLLISION BETWEEN TWO MOTOR VEHICLES IN TRANSPORT","01 - DRY","3 - CURVE LEVEL","2 - BLACKTOP, BITUMINOUS, ASPHALT","CUF","P - PEDESTRIAN","2 - CLOUDY","45220",4,0.141,0.153646947918991,630042,39.1434969818971,-84.5099006046077,"Avondale",199345
"2XX VINE ST",39.097701,-84.512137,"18-25","N/A","N/A","07/12/2015 10:00:00 AM +0000","02 - FOUR-WAY INTERSECTION","2 - INJURY",2,"07/12/2015 10:30:00 AM +0000","SUN","M - MALE","2 - POSSIBLE","139B4B2F-03D1-4791-BC42-B98B7E25F277","1 - DAYLIGHT","155009535","1 - NOT COLLISION BETWEEN TWO MOTOR VEHICLES IN TRANSPORT","01 - DRY","1 - STRAIGHT LEVEL","2 - BLACKTOP, BITUMINOUS, ASPHALT","N/A","P - PEDESTRIAN","2 - CLOUDY","45202",2,1.103,0.115850232809009,640022,39.0984975088131,-84.5121598176844,"Central Business District",273189
"25XX HARRISON",39.14131,-84.583763,"UNDER 18","N/A","N/A","07/02/2014 04:06:00 PM +0000","01 - NOT AN INTERSECTION","2 - INJURY",2,"07/02/2014 04:06:00 PM +0000","WED","F - FEMALE","4 - INCAPACITATING","B124F1AA-90B8-4F40-95B5-C0EA46C4DE1D","1 - DAYLIGHT","145005550","1 - NOT COLLISION BETWEEN TWO MOTOR VEHICLES IN TRANSPORT","01 - DRY","1 - STRAIGHT LEVEL","2 - BLACKTOP, BITUMINOUS, ASPHALT","N/A","P - PEDESTRIAN","1 - CLEAR","45211",4,0.141,0.161339839225849,960041,39.1412426622192,-84.5844546362992,"Westwood",204284
"42XX GLENWAY AV",39.115161,-84.585341,"31-40","N/A","N/A","08/09/2017 02:50:00 PM +0000","03 - T-INTERSECTION","2 - INJURY",2,"08/09/2017 03:15:00 PM +0000","WED","F - FEMALE","3 - NON-INCAPACITATING","2D8CA1B4-6E4D-41A2-A222-C891406A81A7","1 - DAYLIGHT","175011916","1 - NOT COLLISION BETWEEN TWO MOTOR VEHICLES IN TRANSPORT","01 - DRY","1 - STRAIGHT LEVEL","2 - BLACKTOP, BITUMINOUS, ASPHALT","N/A","P - PEDESTRIAN","1 - CLEAR","45205",3,0.304,0.172205980786715,960029,39.1142426391663,-84.5844546362597,"West Price HIll",275981
"4TH ST",39.099005,-84.5116,"51-60","N/A","N/A","05/22/2015 02:03:00 PM +0000","02 - FOUR-WAY INTERSECTION","2 - INJURY",2,"05/22/2015 02:05:00 PM +0000","FRI","F - FEMALE","3 - NON-INCAPACITATING","DC7A4097-C768-4EEA-A672-ECC639E9FA3F","1 - DAYLIGHT","155007052","1 - NOT COLLISION BETWEEN TWO MOTOR VEHICLES IN TRANSPORT","01 - DRY","1 - STRAIGHT LEVEL","2 - BLACKTOP, BITUMINOUS, ASPHALT","N/A","P - PEDESTRIAN","1 - CLEAR","45202",3,0.304,0.115850232809009,640022,39.0984975088131,-84.5121598176844,"Central Business District",273189
"71XX READING RD",39.189881,-84.462004,"18-25","N/A","N/A","04/01/2016 07:10:00 PM +0000","01 - NOT AN INTERSECTION","2 - INJURY",2,"04/01/2016 07:10:00 PM +0000","FRI","M - MALE","2 - POSSIBLE","33C231C3-4315-4A46-BEE0-0DF10D90AA4B","1 - DAYLIGHT","165004854","1 - NOT COLLISION BETWEEN TWO MOTOR VEHICLES IN TRANSPORT","01 - DRY","1 - STRAIGHT LEVEL","2 - BLACKTOP, BITUMINOUS, ASPHALT","N/A","P - PEDESTRIAN","1 - CLEAR","45237",2,1.103,0.138542162513186,420063,39.1907250346632,-84.4624571447922,"Roselawn",203265
"21XX AUBURN AV",39.120438,-84.508978,"31-40","MOUNT AUBURN","MOUNT  AUBURN","11/10/2014 01:00:00 PM +0000","01 - NOT AN INTERSECTION","2 - INJURY",2,"11/10/2014 01:02:00 PM +0000","MON","M - MALE","4 - INCAPACITATING","B9123AB1-256E-47E8-BF1D-04CFD17F9C7B","1 - DAYLIGHT","145011488","1 - NOT COLLISION BETWEEN TWO MOTOR VEHICLES IN TRANSPORT","01 - DRY","2 - STRAIGHT GRADE","2 - BLACKTOP, BITUMINOUS, ASPHALT","MT. AUBURN","P - PEDESTRIAN","2 - CLOUDY","45219",4,0.141,0.166641441096972,630032,39.1209969619964,-84.5099006046561,"Mt. Auburn",274621
"52XX GLENWAY AV",39.124307,-84.602985,"18-25","WEST PRICE HILL","WEST PRICE HILL","05/15/2015 01:00:00 PM +0000","03 - T-INTERSECTION","2 - INJURY",2,"05/15/2015 01:48:16 PM +0000","FRI","F - FEMALE","3 - NON-INCAPACITATING","D3CEFC8E-1DD8-44D8-A859-66DD57D7C739","1 - DAYLIGHT","155006672","1 - NOT COLLISION BETWEEN TWO MOTOR VEHICLES IN TRANSPORT","01 - DRY","1 - STRAIGHT LEVEL","2 - BLACKTOP, BITUMINOUS, ASPHALT","WEST PRICE HILL","P - PEDESTRIAN","1 - CLEAR","45238",3,0.304,0.184005042253514,1040033,39.1232344486913,-84.6025283357861,"West Price HIll",275981
"33XX FAIRFIELD AV",39.138501,-84.472301,"UNDER 18","N/A","N/A","04/25/2016 04:00:00 PM +0000","01 - NOT AN INTERSECTION","2 - INJURY",2,"04/25/2016 04:00:00 PM +0000","MON","M - MALE","3 - NON-INCAPACITATING","31BB40E2-5D35-4A5A-8CD0-ED005D9DFC8E","1 - DAYLIGHT","165006244","1 - NOT COLLISION BETWEEN TWO MOTOR VEHICLES IN TRANSPORT","01 - DRY","2 - STRAIGHT GRADE","2 - BLACKTOP, BITUMINOUS, ASPHALT","N/A","P - PEDESTRIAN","1 - CLEAR","45207",3,0.304,0.0852120939969453,460040,39.1389806669383,-84.4714939919522,"Evanston",200632
"49XX GLENWAY AV",39.122741,-84.602361,"18-25","WEST PRICE HILL","WEST PRICE HILL","08/18/2017 05:45:00 AM +0000","03 - T-INTERSECTION","2 - INJURY",2,"08/18/2017 06:42:00 AM +0000","FRI","M - MALE","2 - POSSIBLE","EB18C744-0958-44E9-9B36-C1B2B6049BD0","5 - DARK – ROADWAY NOT LIGHTED","175012321","1 - NOT COLLISION BETWEEN TWO MOTOR VEHICLES IN TRANSPORT","01 - DRY","1 - STRAIGHT LEVEL","2 - BLACKTOP, BITUMINOUS, ASPHALT","WEST PRICE HILL","P - PEDESTRIAN","1 - CLEAR","45238",2,1.103,0.184005042253514,1040033,39.1232344486913,-84.6025283357861,"West Price HIll",275981