"address_x","lat","long","age","community_council_neighborhood","cpd_neighborhood","crashdate","crashlocation","crashseverity","crashseverityid","datecrashreported","dayofweek","gender","injuries","instanceid","lightconditionsprimary","localreportno","mannerofcrash","roadconditionsprimary","roadcontour","roadsurface","sna_neighborhood","typeofperson","weather","zip","injury_type_num","cost","dist","cell_id","lat_cell","long_cell","hood","hood_id"
"18XX VINE ST",39.116256,-84.517983,"UNDER 18","N/A","N/A","02/11/2016 02:53:00 PM +0000","01 - NOT AN INTERSECTION","2 - INJURY",2,"02/11/2016 02:53:00 PM +0000","THU","F - FEMALE","3 - NON-INCAPACITATING","3A9A05A0-A791-4E67-9DDD-A5F47A241BD4","1 - DAYLIGHT","165002104","1 - NOT COLLISION BETWEEN TWO MOTOR VEHICLES IN TRANSPORT","01 - DRY","1 - STRAIGHT LEVEL","2 - BLACKTOP, BITUMINOUS, ASPHALT","N/A","P - PEDESTRIAN","1 - CLEAR","45202",3,0.304,0.153240873291693,670030,39.1164989638437,-84.5189374567914,"Over-The-Rhine",202750
"9XX LAIDLAW AV",39.178905,-84.483195,"41-50","BOND HILL","BONDHILL","11/22/2013 06:18:00 AM +0000","03 - T-INTERSECTION","2 - INJURY",2,"11/22/2013 07:00:00 AM +0000","FRI","M - MALE","4 - INCAPACITATING","91A00B1B-B8EF-4710-9456-481C5A2DA02D","2 - DAWN","135012201","1 - NOT COLLISION BETWEEN TWO MOTOR VEHICLES IN TRANSPORT","02 - WET","1 - STRAIGHT LEVEL","1 - CONCRETE","BOND HILL","P - PEDESTRIAN","4 - RAIN","45237",4,0.141,0.0993070587790444,510058,39.1794868053292,-84.4827900524235,"Bond Hill",199607
"39XX ZINSLE AV",39.103639,-84.512726,"UNDER 18","N/A","N/A","03/22/2017 03:00:00 PM +0000","01 - NOT AN INTERSECTION","2 - INJURY",2,"03/22/2017 03:09:00 PM +0000","WED","M - MALE","2 - POSSIBLE","9F7CC530-3D17-4CC7-91AA-502E2296A242","1 - DAYLIGHT","175004163","1 - NOT COLLISION BETWEEN TWO MOTOR VEHICLES IN TRANSPORT","01 - DRY","2 - STRAIGHT GRADE","2 - BLACKTOP, BITUMINOUS, ASPHALT","N/A","P - PEDESTRIAN","1 - CLEAR","45213",2,1.103,0.120445558999439,640024,39.1029975128329,-84.5121598176752,"Central Business District",273189
"28XX CLIFTON",39.136578,-84.503551,"31-40","N/A","N/A","10/22/2013 11:05:54 PM +0000","03 - T-INTERSECTION","2 - INJURY",2,"10/22/2013 11:06:05 PM +0000","TUE","M - MALE","4 - INCAPACITATING","09135CA2-5F0A-41F8-8ABE-AC3BE130B43C","4 - DARK - LIGHTED ROADWAY","135011352","1 - NOT COLLISION BETWEEN TWO MOTOR VEHICLES IN TRANSPORT","02 - WET","1 - STRAIGHT LEVEL","1 - CONCRETE","N/A","P - PEDESTRIAN","2 - CLOUDY","45221",4,0.141,0.216960849201901,600039,39.136745013415,-84.5031229659084,"Corryville",200172
"58XX MADISON RD",39.161613,-84.393071,"26-30","N/A","N/A","06/04/2016 11:45:00 AM +0000","01 - NOT AN INTERSECTION","2 - INJURY",2,"06/04/2016 01:00:00 PM +0000","SAT","F - FEMALE","2 - POSSIBLE","C1F02D15-C065-4D8B-92E4-62C1A15F3F5D","1 - DAYLIGHT","165008742","1 - NOT COLLISION BETWEEN TWO MOTOR VEHICLES IN TRANSPORT","01 - DRY","1 - STRAIGHT LEVEL","2 - BLACKTOP, BITUMINOUS, ASPHALT","N/A","P - PEDESTRIAN","1 - CLEAR","45227",2,1.103,0.199776841858587,110050,39.1614074036764,-84.3924216470208,"Madisonville",201948
"42XX COLERAIN AV",39.163154,-84.549604,"41-50","N/A","N/A","09/07/2014 01:19:41 AM +0000","01 - NOT AN INTERSECTION","2 - INJURY",2,"09/07/2014 01:20:56 AM +0000","SUN","M - MALE","4 - INCAPACITATING","BB367654-8905-4C88-AE58-FB7265E5DBE3","4 - DARK - LIGHTED ROADWAY","145008343","1 - NOT COLLISION BETWEEN TWO MOTOR VEHICLES IN TRANSPORT","01 - DRY","1 - STRAIGHT LEVEL","1 - CONCRETE","N/A","P - PEDESTRIAN","1 - CLEAR","45223",4,0.141,0.112779070189827,810051,39.1637505329664,-84.5505664413978,"Northside",274791
"13XX VINE ST",39.10988,-84.514195,"26-30","N/A","N/A","04/28/2017 10:32:00 AM +0000","02 - FOUR-WAY INTERSECTION","2 - INJURY",2,"04/29/2017 11:29:00 AM +0000","FRI","F - FEMALE","3 - NON-INCAPACITATING","C622F277-6A9B-40AD-8208-7724228DB14D","4 - DARK - LIGHTED ROADWAY","175006300","1 - NOT COLLISION BETWEEN TWO MOTOR VEHICLES IN TRANSPORT","02 - WET","1 - STRAIGHT LEVEL","2 - BLACKTOP, BITUMINOUS, ASPHALT","N/A","P - PEDESTRIAN","4 - RAIN","45202",3,0.304,0.19256559898794,650027,39.1097480420928,-84.5144190306774,"Over-The-Rhine",202750
"57XX GLENWAY AV",39.134406,-84.612435,"51-60","N/A","N/A","06/10/2017 01:32:00 PM +0000","01 - NOT AN INTERSECTION","2 - INJURY",2,"06/10/2017 01:33:00 PM +0000","SAT","M - MALE","4 - INCAPACITATING","3EBFD36B-2A0A-4118-B57C-513074C999AE","1 - DAYLIGHT","175008709","1 - NOT COLLISION BETWEEN TWO MOTOR VEHICLES IN TRANSPORT","01 - DRY","2 - STRAIGHT GRADE","2 - BLACKTOP, BITUMINOUS, ASPHALT","N/A","P - PEDESTRIAN","1 - CLEAR","45238",4,0.141,0.13753166232423,1080038,39.134479311546,-84.6115651838128,"Westwood",204284
"16XX LINN ST",39.113863,-84.526773,"18-25","N/A","N/A","03/17/2016 04:02:00 PM +0000","03 - T-INTERSECTION","2 - INJURY",2,"03/17/2016 04:02:00 PM +0000","THU","F - FEMALE","2 - POSSIBLE","7B514EBC-384F-43FE-B7A9-DF70D1B3BE75","1 - DAYLIGHT","165004014","1 - NOT COLLISION BETWEEN TWO MOTOR VEHICLES IN TRANSPORT","01 - DRY","2 - STRAIGHT GRADE","2 - BLACKTOP, BITUMINOUS, ASPHALT","N/A","P - PEDESTRIAN","1 - CLEAR","45214",2,1.103,0.190618802044028,700029,39.1142500083212,-84.5257150961775,"West End",276647
"42XX GLENWAY AV",39.115193,-84.583641,"UNDER 18","N/A","N/A","06/24/2018 08:10:00 PM +0000","01 - NOT AN INTERSECTION","2 - INJURY",2,"06/24/2018 08:14:00 PM +0000","SUN","F - FEMALE","3 - NON-INCAPACITATING","92D8FD3D-D90B-4D2F-880E-F6346E68B86F","1 - DAYLIGHT","185008819","1 - NOT COLLISION BETWEEN TWO MOTOR VEHICLES IN TRANSPORT","01 - DRY","1 - STRAIGHT LEVEL","2 - BLACKTOP, BITUMINOUS, ASPHALT","N/A","P - PEDESTRIAN","1 - CLEAR","45205",3,0.304,0.172205980786715,960029,39.1142426391663,-84.5844546362597,"West Price HIll",275981
"N I71 AT 3-7 MM",39.135526,-84.492011,"51-60","WALNUT HILLS","WALNUT HILLS","09/03/2015 03:30:00 AM +0000","01 - NOT AN INTERSECTION","3 - PROPERTY DAMAGE ONLY (PDO)",3,"09/03/2015 04:10:00 AM +0000","THU","M - MALE","1 - NO INJURY / NONE REPORTED","E4D0F72E-5700-4042-B338-3A67F215EFFB","4 - DARK - LIGHTED ROADWAY","155012434","1 - NOT COLLISION BETWEEN TWO MOTOR VEHICLES IN TRANSPORT","01 - DRY","1 - STRAIGHT LEVEL","2 - BLACKTOP, BITUMINOUS, ASPHALT","WALNUT HILLS","P - PEDESTRIAN","1 - CLEAR","45229",1,10.082,0.158846291559129,550038,39.1344908684284,-84.4918269023528,"Walnut Hills",204112
"36XX WARSAW AV",39.109177,-84.563147,"41-50","N/A","N/A","11/07/2017 06:49:00 AM +0000","01 - NOT AN INTERSECTION","1 - FATAL INJURY",1,"11/07/2017 06:49:00 AM +0000","TUE","M - MALE","5 - FATAL","0A19EB90-B77E-45C6-AF74-614ED9366F2D","4 - DARK - LIGHTED ROADWAY","175017085","1 - NOT COLLISION BETWEEN TWO MOTOR VEHICLES IN TRANSPORT","02 - WET","1 - STRAIGHT LEVEL","2 - BLACKTOP, BITUMINOUS, ASPHALT","N/A","P - PEDESTRIAN","4 - RAIN","45205",5,0.046,0.0978479598581897,870027,39.1097485217221,-84.564121720212,"East Price Hill",273561
"25XX OHIO AV",39.12749,-84.51415,"51-60","N/A","N/A","01/19/2016 10:50:00 PM +0000","02 - FOUR-WAY INTERSECTION","2 - INJURY",2,"01/19/2016 10:50:00 PM +0000","TUE","M - MALE","3 - NON-INCAPACITATING","452ABE98-FCB6-4876-9CF6-F35DC6DF31B3","4 - DARK - LIGHTED ROADWAY","165000934","1 - NOT COLLISION BETWEEN TWO MOTOR VEHICLES IN TRANSPORT","01 - DRY","1 - STRAIGHT LEVEL","2 - BLACKTOP, BITUMINOUS, ASPHALT","N/A","P - PEDESTRIAN","1 - CLEAR","45221",3,0.304,0.127656008258082,650035,39.1277480581921,-84.5144190306425,"CUF",273417
"25XX OHIO",39.127296,-84.515566,"18-25","CUF - HEIGHTS","FAIRVIEW","10/11/2013 10:25:00 AM +0000","02 - FOUR-WAY INTERSECTION","2 - INJURY",2,"10/11/2013 10:29:00 AM +0000","FRI","F - FEMALE","4 - INCAPACITATING","E12D1DFF-5CBF-4C26-9D13-4B90E5382918","1 - DAYLIGHT","135011003","1 - NOT COLLISION BETWEEN TWO MOTOR VEHICLES IN TRANSPORT","01 - DRY","1 - STRAIGHT LEVEL","2 - BLACKTOP, BITUMINOUS, ASPHALT","CUF","P - PEDESTRIAN","1 - CLEAR","45221",4,0.141,0.183945045028763,660035,39.1277485378878,-84.5166782436926,"CUF",273417
"11XX GRAND AV",39.113263,-84.559515,"UNDER 18","EAST PRICE HILL","EAST PRICE HILL","10/18/2016 07:10:00 AM +0000","02 - FOUR-WAY INTERSECTION","2 - INJURY",2,"10/18/2016 08:30:21 AM +0000","TUE","M - MALE","3 - NON-INCAPACITATING","74E0156E-E6F7-4748-B57F-7E17E48FC8C5","2 - DAWN","165017122","1 - NOT COLLISION BETWEEN TWO MOTOR VEHICLES IN TRANSPORT","01 - DRY","2 - STRAIGHT GRADE","2 - BLACKTOP, BITUMINOUS, ASPHALT","EAST PRICE HILL","P - PEDESTRIAN","1 - CLEAR","45204",3,0.304,0.10720028219114,850029,39.1142493542519,-84.5596032940319,"East Price Hill",273561
"12XX HERSCHEL AV",39.130241,-84.423842,"41-50","N/A","N/A","12/11/2016 08:20:00 PM +0000","01 - NOT AN INTERSECTION","3 - PROPERTY DAMAGE ONLY (PDO)",3,"12/11/2016 08:23:00 PM +0000","SUN","M - MALE","1 - NO INJURY / NONE REPORTED","FB5A98DE-4564-4448-9B4A-335522710F67","4 - DARK - LIGHTED ROADWAY","165020654","1 - NOT COLLISION BETWEEN TWO MOTOR VEHICLES IN TRANSPORT","02 - WET","1 - STRAIGHT LEVEL","2 - BLACKTOP, BITUMINOUS, ASPHALT","N/A","P - PEDESTRIAN","4 - RAIN","45208",1,10.082,0.187601766207032,250036,39.1299431123585,-84.4240505648337,"Mt. Lookout",274623
"16XX CALIFORNIA AV",39.175387,-84.468081,"UNDER 18","BOND HILL","BONDHILL","05/06/2014 05:40:00 PM +0000","01 - NOT AN INTERSECTION","2 - INJURY",2,"05/06/2014 05:47:00 PM +0000","TUE","M - MALE","3 - NON-INCAPACITATING","33038E61-1F4F-4070-996A-F4DBB5C7EB0F","1 - DAYLIGHT","145003464","7 - SIDESWIPE, SAME DIRECTION","01 - DRY","1 - STRAIGHT LEVEL","2 - BLACKTOP, BITUMINOUS, ASPHALT","BOND HILL","P - PEDESTRIAN","1 - CLEAR","45237",3,0.304,0.211524356113764,440056,39.1749779461206,-84.4669755681551,"Bond Hill",199607
"1XX W 6TH ST",39.101218,-84.514907,"41-50","N/A","N/A","12/06/2016 12:00:00 AM +0000","02 - FOUR-WAY INTERSECTION","2 - INJURY",2,"12/09/2016 12:00:00 AM +0000","TUE","M - MALE","3 - NON-INCAPACITATING","93F45C99-59C8-464E-8346-4A722EC06E18","4 - DARK - LIGHTED ROADWAY","165020539","1 - NOT COLLISION BETWEEN TWO MOTOR VEHICLES IN TRANSPORT","02 - WET","1 - STRAIGHT LEVEL","1 - CONCRETE","N/A","P - PEDESTRIAN","4 - RAIN","45202",3,0.304,0.161026622116359,650023,39.100748034025,-84.5144190306949,"Central Business District",273189
"9XX MAIN ST",39.106376,-84.509835,"31-40","N/A","N/A","09/25/2016 11:18:31 PM +0000","02 - FOUR-WAY INTERSECTION","2 - INJURY",2,"09/25/2016 11:19:32 PM +0000","SUN","F - FEMALE","2 - POSSIBLE","2B2F9627-62C0-4DB7-AE6A-D63BB035811C","4 - DARK - LIGHTED ROADWAY","165015680","1 - NOT COLLISION BETWEEN TWO MOTOR VEHICLES IN TRANSPORT","01 - DRY","1 - STRAIGHT LEVEL","1 - CONCRETE","N/A","P - PEDESTRIAN","1 - CLEAR","45202",2,1.103,0.125174399232344,630026,39.1074969500199,-84.5099006046852,"Over-The-Rhine",202750
"15XX BLAIR AV",39.141138,-84.477731,"UNDER 18","N/A","N/A","04/27/2015 03:38:00 PM +0000","03 - T-INTERSECTION","2 - INJURY",2,"04/27/2015 03:39:00 PM +0000","MON","M - MALE","3 - NON-INCAPACITATING","7622CBEC-A46B-4AAF-94F9-EBCB73652ED6","1 - DAYLIGHT","155005773","1 - NOT COLLISION BETWEEN TWO MOTOR VEHICLES IN TRANSPORT","01 - DRY","1 - STRAIGHT LEVEL","2 - BLACKTOP, BITUMINOUS, ASPHALT","N/A","P - PEDESTRIAN","2 - CLOUDY","45207",3,0.304,0.103195341501368,490041,39.1412344629879,-84.4782716280728,"Evanston",200632
"17XX CENTRAL PY",39.102507,-84.507308,"31-40","DOWNTOWN","C. B. D. / RIVERFRONT","04/10/2014 01:56:00 PM +0000","01 - NOT AN INTERSECTION","2 - INJURY",2,"04/10/2014 05:42:00 PM +0000","THU","M - MALE","2 - POSSIBLE","B77B90D6-257A-4DCF-B61B-381E49BDA1A2","1 - DAYLIGHT","145002755","9 - UNKNOWN","01 - DRY","2 - STRAIGHT GRADE","1 - CONCRETE","DOWNTOWN","P - PEDESTRIAN","1 - CLEAR","45214",2,1.103,0.109217539113694,620024,39.1029963356098,-84.5076413917523,"Central Business District",273189
"7XX WALNUT ST",39.103974,-84.512322,"31-40","N/A","N/A","07/26/2017 11:25:00 AM +0000","02 - FOUR-WAY INTERSECTION","2 - INJURY",2,"07/26/2017 11:26:00 AM +0000","WED","M - MALE","2 - POSSIBLE","8AC115AF-41DC-4754-8745-28DC9FDB0269","1 - DAYLIGHT","175011086","1 - NOT COLLISION BETWEEN TWO MOTOR VEHICLES IN TRANSPORT","01 - DRY","1 - STRAIGHT LEVEL","2 - BLACKTOP, BITUMINOUS, ASPHALT","N/A","P - PEDESTRIAN","1 - CLEAR","45202",2,1.103,0.120445558999439,640024,39.1029975128329,-84.5121598176752,"Central Business District",273189
"26XX GLENWAY AV",39.104685,-84.547353,"61-70","N/A","N/A","08/15/2016 09:10:00 AM +0000","01 - NOT AN INTERSECTION","2 - INJURY",2,"08/15/2016 09:10:00 AM +0000","MON","M - MALE","4 - INCAPACITATING","B011A187-F796-4CBE-B018-FE16B2088DEF","1 - DAYLIGHT","165012991","2 - REAR-END","02 - WET","4 - CURVE GRADE","2 - BLACKTOP, BITUMINOUS, ASPHALT","N/A","P - PEDESTRIAN","2 - CLOUDY","45204",4,0.141,0.0990365555910191,800025,39.1052506541529,-84.5483072282107,"Lower Price Hill",276431
"62XX PADDOCK RD",39.183218,-84.477371,"UNDER 18","BOND HILL","BONDHILL","12/11/2016 07:00:00 PM +0000","03 - T-INTERSECTION","2 - INJURY",2,"12/11/2016 07:37:45 PM +0000","SUN","M - MALE","2 - POSSIBLE","30E5AF0E-BBC2-4D7C-B509-5FFB1AA450B0","5 - DARK – ROADWAY NOT LIGHTIED","165020641","1 - NOT COLLISION BETWEEN TWO MOTOR VEHICLES IN TRANSPORT","02 - WET","1 - STRAIGHT LEVEL","2 - BLACKTOP, BITUMINOUS, ASPHALT","BOND HILL","P - PEDESTRIAN","4 - RAIN","45216",2,1.103,0.153264966383981,490060,39.1839844967459,-84.4782716279271,"Bond Hill",199607
"8XX MT HOPE",39.106599,-84.559103,"18-25","N/A","N/A","12/23/2012 11:51:00 PM +0000","02 - FOUR-WAY INTERSECTION","2 - INJURY",2,"12/23/2012 11:52:00 PM +0000","SUN","F - FEMALE","2 - POSSIBLE","A05A722C-8703-48C8-AD28-11B7B0EE2807","4 - DARK - LIGHTED ROADWAY","125000781","1 - NOT COLLISION BETWEEN TWO MOTOR VEHICLES IN TRANSPORT","01 - DRY","1 - STRAIGHT LEVEL","2 - BLACKTOP, BITUMINOUS, ASPHALT","N/A","P - PEDESTRIAN","1 - CLEAR","45204",2,1.103,0.146060870403218,850026,39.1074993481424,-84.5596032940297,"East Price Hill",273561
"29XX EDEN AV",39.129381,-84.505673,"UNDER 18","N/A","N/A","06/28/2017 05:05:00 PM +0000","01 - NOT AN INTERSECTION","2 - INJURY",2,"06/28/2017 05:08:00 PM +0000","WED","M - MALE","2 - POSSIBLE","CC5B210D-380C-44BF-B79D-52C86511682D","1 - DAYLIGHT","175009658","1 - NOT COLLISION BETWEEN TWO MOTOR VEHICLES IN TRANSPORT","01 - DRY","1 - STRAIGHT LEVEL","2 - BLACKTOP, BITUMINOUS, ASPHALT","N/A","P - PEDESTRIAN","1 - CLEAR","45219",2,1.103,0.176289835615198,610036,39.1299957052926,-84.5053821787865,"Corryville",200172
"7XX RIDGEWAY AV",39.138298,-84.492446,"18-25","AVONDALE","AVONDALE","09/02/2013 12:30:00 AM +0000","01 - NOT AN INTERSECTION","2 - INJURY",2,"09/02/2013 02:30:00 AM +0000","MON","M - MALE","4 - INCAPACITATING","738AF2F1-1BDA-4F0B-9798-9CDD7410DE6E","4 - DARK - LIGHTED ROADWAY","135009839","1 - NOT COLLISION BETWEEN TWO MOTOR VEHICLES IN TRANSPORT","01 - DRY","3 - CURVE LEVEL","1 - CONCRETE","AVONDALE","P - PEDESTRIAN","1 - CLEAR","45229",4,0.141,0.0985616178949606,550040,39.1389908722064,-84.4918269023396,"Avondale",199345
"22XX BEECHMONT AV",39.094374,-84.386944,"OVER 70","N/A","N/A","03/06/2017 07:00:00 AM +0000","02 - FOUR-WAY INTERSECTION","3 - PROPERTY DAMAGE ONLY (PDO)",3,"03/06/2017 10:12:27 AM +0000","MON","F - FEMALE","1 - NO INJURY / NONE REPORTED","256AA4D0-D746-495C-A7EC-59EC14D327F2","1 - DAYLIGHT","175003244","1 - NOT COLLISION BETWEEN TWO MOTOR VEHICLES IN TRANSPORT","02 - WET","1 - STRAIGHT LEVEL","1 - CONCRETE","N/A","P - PEDESTRIAN","4 - RAIN","45230",1,10.082,0.12738423571022,90020,39.0939015892843,-84.3879032331191,"Mt. Washington",274624
"16XX LINN ST",39.113075,-84.526755,"UNDER 18","N/A","N/A","01/27/2013 12:00:00 AM +0000","02 - FOUR-WAY INTERSECTION","2 - INJURY",2,"01/31/2013 12:00:00 AM +0000","SUN","F - FEMALE","3 - NON-INCAPACITATING","B2095216-AD00-433D-B25F-138A7A8A244B","4 - DARK - LIGHTED ROADWAY","135001240","1 - NOT COLLISION BETWEEN TWO MOTOR VEHICLES IN TRANSPORT","01 - DRY","1 - STRAIGHT LEVEL","2 - BLACKTOP, BITUMINOUS, ASPHALT","N/A","P - PEDESTRIAN","1 - CLEAR","45214",3,0.304,0.113837971614036,700028,39.1120000062748,-84.5257150961806,"West End",276647
"9XX WILLIAM HOWARD TAFT RD",39.127449,-84.489908,"26-30","WALNUT HILLS","WALNUT HILLS","12/11/2016 02:42:00 PM +0000","02 - FOUR-WAY INTERSECTION","2 - INJURY",2,"12/11/2016 02:42:00 PM +0000","SUN","F - FEMALE","3 - NON-INCAPACITATING","02758772-3ED1-4486-8E95-CA87FFCD39FB","1 - DAYLIGHT","165020628","1 - NOT COLLISION BETWEEN TWO MOTOR VEHICLES IN TRANSPORT","02 - WET","1 - STRAIGHT LEVEL","1 - CONCRETE","WALNUT HILLS","P - PEDESTRIAN","4 - RAIN","45206",3,0.304,0.119426029212238,540035,39.1277399033645,-84.4895676898303,"Walnut Hills",204112
"9XX VINE",39.106385,-84.514994,"OVER 70","N/A","N/A","05/13/2013 07:42:00 AM +0000","02 - FOUR-WAY INTERSECTION","2 - INJURY",2,"05/13/2013 07:43:00 AM +0000","MON","F - FEMALE","3 - NON-INCAPACITATING","9E1A452B-BE61-41EE-8A89-A98BE5DF6E35","1 - DAYLIGHT","135005827","1 - NOT COLLISION BETWEEN TWO MOTOR VEHICLES IN TRANSPORT","01 - DRY","1 - STRAIGHT LEVEL","2 - BLACKTOP, BITUMINOUS, ASPHALT","N/A","P - PEDESTRIAN","1 - CLEAR","45202",3,0.304,0.213835869601452,650026,39.107498040077,-84.5144190306818,"Over-The-Rhine",202750
"40XX GLENWAY AV",39.113483,-84.57833,"18-25","WEST PRICE HILL","WEST PRICE HILL","10/22/2014 07:45:00 AM +0000","03 - T-INTERSECTION","2 - INJURY",2,"10/22/2014 07:47:00 AM +0000","WED","F - FEMALE","3 - NON-INCAPACITATING","2EE7CFE5-B35F-4B08-9FB9-90E671A17623","2 - DAWN","145010520","1 - NOT COLLISION BETWEEN TWO MOTOR VEHICLES IN TRANSPORT","01 - DRY","1 - STRAIGHT LEVEL","2 - BLACKTOP, BITUMINOUS, ASPHALT","WEST PRICE HILL","P - PEDESTRIAN","2 - CLOUDY","45205",3,0.304,0.105555475259037,930029,39.1142449938065,-84.577676997968,"West Price HIll",275981
"49XX GLENWAY",39.121863,-84.600545,"18-25","WEST PRICE HILL","WEST PRICE HILL","12/01/2014 11:50:00 AM +0000","03 - T-INTERSECTION","2 - INJURY",2,"12/01/2014 12:03:00 PM +0000","MON","M - MALE","2 - POSSIBLE","70B05A3C-0FD7-4BEF-B92D-7DA774503363","1 - DAYLIGHT","145012408","1 - NOT COLLISION BETWEEN TWO MOTOR VEHICLES IN TRANSPORT","02 - WET","1 - STRAIGHT LEVEL","2 - BLACKTOP, BITUMINOUS, ASPHALT","WEST PRICE HILL","P - PEDESTRIAN","4 - RAIN","45238",2,1.103,0.106955037889705,1030032,39.1209856242799,-84.6002691235822,"West Price HIll",275981
"25XX VINE ST",39.128621,-84.511533,"18-25","CUF - HEIGHTS","FAIRVIEW","01/15/2017 10:33:00 PM +0000","02 - FOUR-WAY INTERSECTION","2 - INJURY",2,"01/15/2017 10:33:00 PM +0000","SUN","F - FEMALE","2 - POSSIBLE","FA31DB35-95EE-4AB5-A420-7B165F8F22B6","4 - DARK - LIGHTED ROADWAY","175000780","1 - NOT COLLISION BETWEEN TWO MOTOR VEHICLES IN TRANSPORT","02 - WET","2 - STRAIGHT GRADE","2 - BLACKTOP, BITUMINOUS, ASPHALT","CUF","P - PEDESTRIAN","4 - RAIN","45219",2,1.103,0.102353645738888,640035,39.1277475348877,-84.5121598176245,"CUF",273417
"1XX E LIBERTY ST",39.113658,-84.513492,"26-30","N/A","N/A","12/17/2016 11:40:00 PM +0000","02 - FOUR-WAY INTERSECTION","2 - INJURY",2,"12/18/2016 10:57:00 AM +0000","SAT","F - FEMALE","3 - NON-INCAPACITATING","0CD76CF8-9C7A-4042-8332-0E431C3D99B8","6 - DARK – UNKNOWN ROADWAY LIGHTING","165021119","1 - NOT COLLISION BETWEEN TWO MOTOR VEHICLES IN TRANSPORT","99 - UNKNOWN","1 - STRAIGHT LEVEL","2 - BLACKTOP, BITUMINOUS, ASPHALT","N/A","P - PEDESTRIAN","9 - OTHER/UNKNOWN","45202",3,0.304,0.0864149811913835,650029,39.1142480461222,-84.5144190306687,"Over-The-Rhine",202750
"17XX FIRST",39.122062,-84.57853,"UNDER 18","WEST PRICE HILL","WEST PRICE HILL","11/25/2015 05:30:00 PM +0000","02 - FOUR-WAY INTERSECTION","2 - INJURY",2,"11/25/2015 09:10:00 PM +0000","WED","F - FEMALE","3 - NON-INCAPACITATING","FED2BDC6-647D-4BA3-8B5B-C037867F6B7F","4 - DARK - LIGHTED ROADWAY","155017244","1 - NOT COLLISION BETWEEN TWO MOTOR VEHICLES IN TRANSPORT","01 - DRY","2 - STRAIGHT GRADE","2 - BLACKTOP, BITUMINOUS, ASPHALT","WEST PRICE HILL","P - PEDESTRIAN","1 - CLEAR","45205",3,0.304,0.157998694272146,930032,39.120994999695,-84.5776769979759,"West Price HIll",275981
"24XX NORTH BEND",39.190447,-84.570306,"UNDER 18","N/A","N/A","09/12/2013 07:39:00 AM +0000","01 - NOT AN INTERSECTION","2 - INJURY",2,"09/12/2013 07:39:00 AM +0000","THU","F - FEMALE","2 - POSSIBLE","CAD28D4F-FFA5-478F-86AF-061B648B2955","1 - DAYLIGHT","135010086","1 - NOT COLLISION BETWEEN TWO MOTOR VEHICLES IN TRANSPORT","01 - DRY","1 - STRAIGHT LEVEL","1 - CONCRETE","N/A","P - PEDESTRIAN","2 - CLOUDY","45239",2,1.103,0.0971417995975353,900063,39.1907470234387,-84.5708993593275,"Mt. Airy",274620
"8XX WILLIAM HOWARD TAFT RD",39.128141,-84.488925,"UNDER 18","WALNUT HILLS","WALNUT HILLS","09/12/2016 05:20:00 PM +0000","02 - FOUR-WAY INTERSECTION","2 - INJURY",2,"09/12/2016 05:22:00 PM +0000","MON","M - MALE","3 - NON-INCAPACITATING","43F7FB3E-152B-4F35-96D1-66EFB5C25AA0","1 - DAYLIGHT","165014853","1 - NOT COLLISION BETWEEN TWO MOTOR VEHICLES IN TRANSPORT","01 - DRY","1 - STRAIGHT LEVEL","2 - BLACKTOP, BITUMINOUS, ASPHALT","WALNUT HILLS","P - PEDESTRIAN","1 - CLEAR","45206",3,0.304,0.119426029212238,540035,39.1277399033645,-84.4895676898303,"Walnut Hills",204112
"11XX BEECH AV",39.111456,-84.577644,"UNDER 18","N/A","N/A","09/09/2015 11:00:00 AM +0000","03 - T-INTERSECTION","2 - INJURY",2,"09/09/2015 11:45:00 AM +0000","WED","F - FEMALE","2 - POSSIBLE","EEA8A577-65DF-448D-A122-23AA36C57308","1 - DAYLIGHT","155012797","1 - NOT COLLISION BETWEEN TWO MOTOR VEHICLES IN TRANSPORT","01 - DRY","1 - STRAIGHT LEVEL","2 - BLACKTOP, BITUMINOUS, ASPHALT","N/A","P - PEDESTRIAN","2 - CLOUDY","45205",2,1.103,0.1047259996886,930028,39.1119949918421,-84.5776769979654,"West Price HIll",275981
"49XX GLENWAY AV",39.118197,-84.600128,"18-25","N/A","N/A","12/03/2014 06:29:00 PM +0000","10 - DRIVEWAY/ALLEY ACCESS","2 - INJURY",2,"12/03/2014 06:30:00 PM +0000","WED","M - MALE","2 - POSSIBLE","79EA2B0A-7FD6-4F73-A0DC-8553C0332F4D","4 - DARK - LIGHTED ROADWAY","145012535","1 - NOT COLLISION BETWEEN TWO MOTOR VEHICLES IN TRANSPORT","01 - DRY","1 - STRAIGHT LEVEL","1 - CONCRETE","N/A","P - PEDESTRIAN","1 - CLEAR","45238",2,1.103,0.10139138976865,1030031,39.1187356224711,-84.6002691235776,"West Price HIll",275981
"1XX W CENTRAL PY",39.106515,-84.516649,"51-60","DOWNTOWN","C. B. D. / RIVERFRONT","06/27/2014 03:40:00 PM +0000","01 - NOT AN INTERSECTION","3 - PROPERTY DAMAGE ONLY (PDO)",3,"06/27/2014 03:43:00 PM +0000","FRI","M - MALE","1 - NO INJURY / NONE REPORTED","1166A4CC-B578-46E7-A277-19451A011BE0","1 - DAYLIGHT","145005315","1 - NOT COLLISION BETWEEN TWO MOTOR VEHICLES IN TRANSPORT","01 - DRY","1 - STRAIGHT LEVEL","2 - BLACKTOP, BITUMINOUS, ASPHALT","DOWNTOWN","P - PEDESTRIAN","1 - CLEAR","45202",1,10.082,0.1271592134791,660026,39.1074985197021,-84.5166782437297,"Over-The-Rhine",202750