"address_x","lat","long","age","community_council_neighborhood","cpd_neighborhood","crashdate","crashlocation","crashseverity","crashseverityid","datecrashreported","dayofweek","gender","injuries","instanceid","lightconditionsprimary","localreportno","mannerofcrash","roadconditionsprimary","roadcontour","roadsurface","sna_neighborhood","typeofperson","weather","zip","injury_type_num","cost","dist","cell_id","lat_cell","long_cell","hood","hood_id"
"31XX BURNET AV",39.136923,-84.500375,"26-30","AVONDALE","AVONDALE","12/05/2014 06:30:52 AM +0000","02 - FOUR-WAY INTERSECTION","2 - INJURY",2,"12/05/2014 07:19:55 AM +0000","FRI","F - FEMALE","3 - NON-INCAPACITATING","2B39038D-C281-4D77-86A8-8D2FCE5C0DA9","4 - DARK - LIGHTED ROADWAY","145012618","1 - NOT COLLISION BETWEEN TWO MOTOR VEHICLES IN TRANSPORT","02 - WET","1 - STRAIGHT LEVEL","2 - BLACKTOP, BITUMINOUS, ASPHALT","AVONDALE","P - PEDESTRIAN","4 - RAIN","45229",3,0.304,0.0954384293094114,590039,39.1367442720186,-84.5008637530924,"Corryville",200172
"25XX HARRISON",39.142437,-84.582353,"31-40","N/A","N/A","07/18/2014 03:50:00 PM +0000","01 - NOT AN INTERSECTION","2 - INJURY",2,"07/18/2014 03:54:00 PM +0000","FRI","F - FEMALE","3 - NON-INCAPACITATING","809FDABF-C1D4-4809-819E-FDE2E21231FD","1 - DAYLIGHT","145006235","1 - NOT COLLISION BETWEEN TWO MOTOR VEHICLES IN TRANSPORT","02 - WET","1 - STRAIGHT LEVEL","2 - BLACKTOP, BITUMINOUS, ASPHALT","N/A","P - PEDESTRIAN","4 - RAIN","45211",3,0.304,0.194819254038224,950042,39.1434934927959,-84.5821954235866,"Westwood",204284
"11XX GRAND AV",39.113615,-84.55946,"UNDER 18","EAST PRICE HILL","EAST PRICE HILL","02/08/2016 07:40:00 PM +0000","02 - FOUR-WAY INTERSECTION","2 - INJURY",2,"02/08/2016 07:54:00 PM +0000","MON","F - FEMALE","3 - NON-INCAPACITATING","AAC6E3E7-B258-4A42-B815-EEB30BC5E5B1","4 - DARK - LIGHTED ROADWAY","165001947","1 - NOT COLLISION BETWEEN TWO MOTOR VEHICLES IN TRANSPORT","03 - SNOW","1 - STRAIGHT LEVEL","1 - CONCRETE","EAST PRICE HILL","P - PEDESTRIAN","6 - SNOW","45204",3,0.304,0.10720028219114,850029,39.1142493542519,-84.5596032940319,"East Price Hill",273561
"35XX READING RD",39.145668,-84.490706,"OVER 70","N/A","N/A","09/27/2013 11:38:00 AM +0000","03 - T-INTERSECTION","2 - INJURY",2,"09/27/2013 11:39:00 AM +0000","FRI","F - FEMALE","3 - NON-INCAPACITATING","EE80166A-CBFC-4D2B-97BF-77629E039B85","1 - DAYLIGHT","135010552","1 - NOT COLLISION BETWEEN TWO MOTOR VEHICLES IN TRANSPORT","01 - DRY","1 - STRAIGHT LEVEL","2 - BLACKTOP, BITUMINOUS, ASPHALT","N/A","P - PEDESTRIAN","1 - CLEAR","45229",3,0.304,0.115568672147442,550043,39.1457408778681,-84.4918269023199,"Avondale",199345
"16XX MAIN ST",39.112935,-84.511431,"UNDER 18","MOUNT AUBURN","MOUNT  AUBURN","05/01/2018 08:34:00 PM +0000","01 - NOT AN INTERSECTION","2 - INJURY",2,"05/01/2018 08:35:00 PM +0000","TUE","F - FEMALE","3 - NON-INCAPACITATING","87382C95-DE93-4D04-B87B-485815490E90","1 - DAYLIGHT","185006073","1 - NOT COLLISION BETWEEN TWO MOTOR VEHICLES IN TRANSPORT","01 - DRY","2 - STRAIGHT GRADE","2 - BLACKTOP, BITUMINOUS, ASPHALT","OVER-THE-RHINE","P - PEDESTRIAN","1 - CLEAR","42502",3,0.304,0.167756329929267,640028,39.1119975208634,-84.5121598176568,"Over-The-Rhine",202750
"19XX DALE RD",39.176415,-84.459993,"31-40","BOND HILL","BONDHILL","10/24/2015 12:00:00 AM +0000","01 - NOT AN INTERSECTION","2 - INJURY",2,"10/25/2015 08:15:00 AM +0000","SAT","M - MALE","2 - POSSIBLE","CDA9DB8D-2297-4A0C-9D7B-5D34935A36EC","4 - DARK - LIGHTED ROADWAY","155015454","1 - NOT COLLISION BETWEEN TWO MOTOR VEHICLES IN TRANSPORT","01 - DRY","1 - STRAIGHT LEVEL","2 - BLACKTOP, BITUMINOUS, ASPHALT","BOND HILL","P - PEDESTRIAN","1 - CLEAR","45237",2,1.103,0.109856167926925,410057,39.1772234981095,-84.4601979333357,"Bond Hill",199607
"71XX DILLWARD AV",39.197426,-84.485155,"26-30","CARTHAGE","CARTHAGE","11/20/2016 11:10:00 PM +0000","01 - NOT AN INTERSECTION","2 - INJURY",2,"11/21/2016 12:06:38 AM +0000","SUN","F - FEMALE","4 - INCAPACITATING","AD0D8113-6E32-4822-AF2C-8A69E16E9891","4 - DARK - LIGHTED ROADWAY","165019292","1 - NOT COLLISION BETWEEN TWO MOTOR VEHICLES IN TRANSPORT","01 - DRY","1 - STRAIGHT LEVEL","2 - BLACKTOP, BITUMINOUS, ASPHALT","CARTHAGE","P - PEDESTRIAN","1 - CLEAR","45216",4,0.141,0.116272526509104,520066,39.197487910546,-84.4850492647153,"Carthage",199885
"31XX HARRISON",39.15306,-84.6011,"61-70","WESTWOOD","WESTWOOD","09/01/2015 02:52:00 PM +0000","01 - NOT AN INTERSECTION","2 - INJURY",2,"09/01/2015 02:53:00 PM +0000","TUE","F - FEMALE","3 - NON-INCAPACITATING","F3D4AA04-41AB-4020-A3E6-886346EDE700","1 - DAYLIGHT","155012349","1 - NOT COLLISION BETWEEN TWO MOTOR VEHICLES IN TRANSPORT","01 - DRY","1 - STRAIGHT LEVEL","1 - CONCRETE","WESTWOOD","P - PEDESTRIAN","1 - CLEAR","45211",3,0.304,0.118760967926684,1030046,39.1524856495317,-84.6002691236467,"Westwood",204284
"XX W CORRY",39.128262,-84.510818,"18-25","N/A","N/A","10/22/2013 03:10:00 PM +0000","02 - FOUR-WAY INTERSECTION","2 - INJURY",2,"10/22/2013 03:11:00 PM +0000","TUE","F - FEMALE","3 - NON-INCAPACITATING","90176D24-0D30-42A4-8D97-6F3FBAE82EAE","1 - DAYLIGHT","135011343","1 - NOT COLLISION BETWEEN TWO MOTOR VEHICLES IN TRANSPORT","01 - DRY","2 - STRAIGHT GRADE","2 - BLACKTOP, BITUMINOUS, ASPHALT","N/A","P - PEDESTRIAN","1 - CLEAR","45219",3,0.304,0.13432532964,630035,39.1277469679745,-84.5099006046416,"Corryville",200172
"61XX GLENWAY AV",39.143429,-84.622164,"OVER 70","N/A","N/A","07/13/2018 02:32:00 PM +0000","01 - NOT AN INTERSECTION","2 - INJURY",2,"07/13/2018 02:33:00 PM +0000","FRI","M - MALE","3 - NON-INCAPACITATING","B6C82C5D-B440-404F-8FBD-5596A0663515","1 - DAYLIGHT","185009728","1 - NOT COLLISION BETWEEN TWO MOTOR VEHICLES IN TRANSPORT","01 - DRY","1 - STRAIGHT LEVEL","2 - BLACKTOP, BITUMINOUS, ASPHALT","N/A","P - PEDESTRIAN","1 - CLEAR","45211",3,0.304,0.110688341801534,1130042,39.1434719040202,-84.6228612418355,"Westwood",204284
"33XX READING RD",39.139348,-84.493456,"51-60","AVONDALE","AVONDALE","09/14/2015 09:52:00 PM +0000","01 - NOT AN INTERSECTION","2 - INJURY",2,"09/14/2015 09:54:00 PM +0000","MON","M - MALE","3 - NON-INCAPACITATING","95287FC5-E3D4-475D-8FC8-E073E4F6C4B6","4 - DARK - LIGHTED ROADWAY","155013152","1 - NOT COLLISION BETWEEN TWO MOTOR VEHICLES IN TRANSPORT","01 - DRY","1 - STRAIGHT LEVEL","2 - BLACKTOP, BITUMINOUS, ASPHALT","AVONDALE","P - PEDESTRIAN","1 - CLEAR","45229",3,0.304,0.205380520014206,560040,39.1389917880638,-84.4940861149431,"Avondale",199345
"48XX WINNESTE AV",39.178651,-84.510507,"UNDER 18","WINTON HILLS","WINTON HILLS","06/22/2016 04:14:04 PM +0000","01 - NOT AN INTERSECTION","2 - INJURY",2,"06/22/2016 04:14:53 PM +0000","WED","F - FEMALE","4 - INCAPACITATING","52928CC0-675A-46BB-AF87-CE20F0D049AD","1 - DAYLIGHT","165009757","1 - NOT COLLISION BETWEEN TWO MOTOR VEHICLES IN TRANSPORT","01 - DRY","2 - STRAIGHT GRADE","2 - BLACKTOP, BITUMINOUS, ASPHALT","WINTON HILLS","P - PEDESTRIAN","2 - CLOUDY","45232",4,0.141,0.102322643059582,630058,39.1794970135816,-84.5099006045301,"Winton Hills",276110
"XX E CENTRAL PY",39.108578,-84.513556,"26-30","N/A","N/A","02/17/2016 04:00:00 PM +0000","02 - FOUR-WAY INTERSECTION","2 - INJURY",2,"02/17/2016 04:00:00 PM +0000","WED","F - FEMALE","2 - POSSIBLE","A8426778-025A-40F8-8A7C-D6BD3673757C","1 - DAYLIGHT","165002425","1 - NOT COLLISION BETWEEN TWO MOTOR VEHICLES IN TRANSPORT","01 - DRY","1 - STRAIGHT LEVEL","1 - CONCRETE","N/A","P - PEDESTRIAN","1 - CLEAR","45202",2,1.103,0.213835869601452,650026,39.107498040077,-84.5144190306818,"Over-The-Rhine",202750
"5XX ELBERON AV",39.101671,-84.565791,"31-40","EAST PRICE HILL","EAST PRICE HILL","05/25/2016 05:07:00 PM +0000","01 - NOT AN INTERSECTION","2 - INJURY",2,"05/25/2016 05:12:00 PM +0000","WED","F - FEMALE","3 - NON-INCAPACITATING","DAC63DDF-14A0-4F4A-84B0-5B7DC2A06621","1 - DAYLIGHT","165008218","1 - NOT COLLISION BETWEEN TWO MOTOR VEHICLES IN TRANSPORT","01 - DRY","1 - STRAIGHT LEVEL","2 - BLACKTOP, BITUMINOUS, ASPHALT","EAST PRICE HILL","P - PEDESTRIAN","1 - CLEAR","45205",3,0.304,0.200462189880794,880023,39.1007480340209,-84.5663809332542,"East Price Hill",273561
"5XX WALNUT ST",39.1021,-84.510668,"18-25","N/A","N/A","04/03/2013 02:45:00 PM +0000","01 - NOT AN INTERSECTION","2 - INJURY",2,"04/03/2013 02:46:00 PM +0000","WED","F - FEMALE","2 - POSSIBLE","DF658ADA-154B-48BF-A1B6-92A8C3C25FAE","1 - DAYLIGHT","135004068","1 - NOT COLLISION BETWEEN TWO MOTOR VEHICLES IN TRANSPORT","01 - DRY","1 - STRAIGHT LEVEL","1 - CONCRETE","N/A","P - PEDESTRIAN","1 - CLEAR","45202",2,1.103,0.176644516289697,630024,39.1029969460217,-84.5099006046949,"Central Business District",273189
"45XX KIRBY AV",39.171366,-84.546353,"UNDER 18","N/A","N/A","09/23/2013 06:32:00 AM +0000","01 - NOT AN INTERSECTION","2 - INJURY",2,"09/23/2013 06:32:00 AM +0000","MON","M - MALE","4 - INCAPACITATING","4B0C17C4-2332-4FED-ADDF-F0FB6085B636","4 - DARK - LIGHTED ROADWAY","135010409","1 - NOT COLLISION BETWEEN TWO MOTOR VEHICLES IN TRANSPORT","01 - DRY","1 - STRAIGHT LEVEL","2 - BLACKTOP, BITUMINOUS, ASPHALT","N/A","P - PEDESTRIAN","1 - CLEAR","45223",4,0.141,0.191900771132696,790054,39.1705008444293,-84.5460480149834,"Northside",274791
"23XX PARK AV",39.124719,-84.485266,"26-30","WALNUT HILLS","WALNUT HILLS","05/26/2017 08:40:00 PM +0000","01 - NOT AN INTERSECTION","2 - INJURY",2,"05/26/2017 08:45:00 PM +0000","FRI","F - FEMALE","2 - POSSIBLE","3C166BD7-1EE8-40DC-9D6D-3F7FF09E113F","3 - DUSK","175007950","1 - NOT COLLISION BETWEEN TWO MOTOR VEHICLES IN TRANSPORT","01 - DRY","1 - STRAIGHT LEVEL","2 - BLACKTOP, BITUMINOUS, ASPHALT","EAST WALNUT HILLS","P - PEDESTRIAN","1 - CLEAR","45206",2,1.103,0.119355331731805,520034,39.1254878519124,-84.4850492649444,"Walnut Hills",204112
"25XX CLIFTON",39.12791,-84.520526,"18-25","CUF - HEIGHTS","FAIRVIEW","01/11/2014 01:12:00 AM +0000","03 - T-INTERSECTION","2 - INJURY",2,"01/11/2014 01:14:00 AM +0000","SAT","F - FEMALE","4 - INCAPACITATING","4A984D2B-1C21-4A30-AD56-8B19A5DA9F7A","4 - DARK - LIGHTED ROADWAY","145000268","1 - NOT COLLISION BETWEEN TWO MOTOR VEHICLES IN TRANSPORT","02 - WET","1 - STRAIGHT LEVEL","2 - BLACKTOP, BITUMINOUS, ASPHALT","CUF","P - PEDESTRIAN","4 - RAIN","45220",4,0.141,0.110321248608516,680035,39.1277493664531,-84.5211966698781,"CUF",273417
"7XX NEAVE",39.102723,-84.55235,"UNDER 18","LOWER PRICE HILL","LOWER PRICE  HILL","05/18/2013 03:25:00 PM +0000","02 - FOUR-WAY INTERSECTION","2 - INJURY",2,"05/18/2013 03:25:00 PM +0000","SAT","F - FEMALE","3 - NON-INCAPACITATING","5202D721-74B7-48A1-89DF-6E682B7A871F","1 - DAYLIGHT","135006087","1 - NOT COLLISION BETWEEN TWO MOTOR VEHICLES IN TRANSPORT","02 - WET","1 - STRAIGHT LEVEL","1 - CONCRETE","LOWER PRICE HILL","P - PEDESTRIAN","4 - RAIN","45204",3,0.304,0.0916215613959502,820024,39.1030002596844,-84.5528256545869,"Lower Price Hill",276431
"1XX E 4TH ST",39.099822,-84.509914,"31-40","N/A","N/A","07/20/2018 08:20:00 AM +0000","02 - FOUR-WAY INTERSECTION","2 - INJURY",2,"07/20/2018 08:40:00 AM +0000","FRI","F - FEMALE","2 - POSSIBLE","A50A3037-C2BF-4369-9B7E-5093C8679CFC","1 - DAYLIGHT","185010077","1 - NOT COLLISION BETWEEN TWO MOTOR VEHICLES IN TRANSPORT","02 - WET","1 - STRAIGHT LEVEL","2 - BLACKTOP, BITUMINOUS, ASPHALT","N/A","P - PEDESTRIAN","4 - RAIN","45202",2,1.103,0.218666160415596,630023,39.1007469440215,-84.5099006046997,"Central Business District",273189
"31XX WERK RD",39.140269,-84.607355,"18-25","WESTWOOD","WESTWOOD","06/23/2018 03:05:00 PM +0000","01 - NOT AN INTERSECTION","2 - INJURY",2,"06/23/2018 03:10:00 PM +0000","SAT","M - MALE","3 - NON-INCAPACITATING","A9ACE8DE-6234-4AFE-9E52-8E13BDBF97AC","1 - DAYLIGHT","185008781","2 - REAR-END","01 - DRY","1 - STRAIGHT LEVEL","2 - BLACKTOP, BITUMINOUS, ASPHALT","WESTWOOD","P - PEDESTRIAN","1 - CLEAR","45211",3,0.304,0.0733652034906034,1060041,39.1412319770384,-84.6070467599917,"Westwood",204284
"25XX READING RD",39.126365,-84.500865,"18-25","WALNUT HILLS","WALNUT HILLS","04/14/2016 10:28:00 AM +0000","01 - NOT AN INTERSECTION","2 - INJURY",2,"04/14/2016 10:30:00 AM +0000","THU","M - MALE","3 - NON-INCAPACITATING","6BD47AEF-EEA3-4B99-9860-A5F355000475","1 - DAYLIGHT","165005607","1 - NOT COLLISION BETWEEN TWO MOTOR VEHICLES IN TRANSPORT","01 - DRY","4 - CURVE GRADE","2 - BLACKTOP, BITUMINOUS, ASPHALT","WALNUT HILLS","P - PEDESTRIAN","1 - CLEAR","45206",3,0.304,0.1072023652301,590034,39.125494262287,-84.5008637531212,"Walnut Hills",204112
"9XX MAIN ST",39.106636,-84.510455,"18-25","N/A","N/A","01/01/2014 02:30:00 AM +0000","01 - NOT AN INTERSECTION","2 - INJURY",2,"01/08/2014 10:00:00 PM +0000","WED","F - FEMALE","3 - NON-INCAPACITATING","443C9786-EF80-425E-97AA-CAD0FA6E454C","6 - DARK – UNKNOWN ROADWAY LIGHTING","145000208","1 - NOT COLLISION BETWEEN TWO MOTOR VEHICLES IN TRANSPORT","01 - DRY","1 - STRAIGHT LEVEL","1 - CONCRETE","N/A","P - PEDESTRIAN","1 - CLEAR","45202",3,0.304,0.125174399232344,630026,39.1074969500199,-84.5099006046852,"Over-The-Rhine",202750
"35XX VICTORY PY",39.145528,-84.484765,"51-60","AVONDALE","AVONDALE","08/30/2015 10:40:00 PM +0000","01 - NOT AN INTERSECTION","2 - INJURY",2,"08/30/2015 10:45:00 PM +0000","SUN","F - FEMALE","4 - INCAPACITATING","F9B695A6-6CEA-485E-AED7-0F30F4ED1D92","4 - DARK - LIGHTED ROADWAY","155012243","1 - NOT COLLISION BETWEEN TWO MOTOR VEHICLES IN TRANSPORT","01 - DRY","1 - STRAIGHT LEVEL","2 - BLACKTOP, BITUMINOUS, ASPHALT","AVONDALE","P - PEDESTRIAN","1 - CLEAR","45229",4,0.141,0.122295161850009,520043,39.1457378684751,-84.48504926488,"Avondale",199345
"44XX COLERAIN AV",39.165426,-84.552962,"51-60","N/A","N/A","12/05/2014 04:16:48 PM +0000","01 - NOT AN INTERSECTION","2 - INJURY",2,"12/05/2014 04:19:16 PM +0000","FRI","F - FEMALE","4 - INCAPACITATING","0AB0FB79-28F9-42CA-80FE-786D0C32966B","1 - DAYLIGHT","145012684","1 - NOT COLLISION BETWEEN TWO MOTOR VEHICLES IN TRANSPORT","02 - WET","3 - CURVE LEVEL","2 - BLACKTOP, BITUMINOUS, ASPHALT","N/A","P - PEDESTRIAN","4 - RAIN","45223",4,0.141,0.0630100271976683,820052,39.1660003168988,-84.5528256545863,"Northside",274791
"XX E 5TH ST",39.101815,-84.511743,"51-60","N/A","N/A","02/14/2014 06:40:00 PM +0000","02 - FOUR-WAY INTERSECTION","2 - INJURY",2,"02/14/2014 06:50:00 PM +0000","FRI","F - FEMALE","3 - NON-INCAPACITATING","73A443DF-926E-498A-81CA-DC996BE928BE","4 - DARK - LIGHTED ROADWAY","145001313","1 - NOT COLLISION BETWEEN TWO MOTOR VEHICLES IN TRANSPORT","03 - SNOW","1 - STRAIGHT LEVEL","1 - CONCRETE","N/A","P - PEDESTRIAN","6 - SNOW","45202",3,0.304,0.129375284706794,640023,39.1007475108233,-84.5121598176799,"Central Business District",273189
"27XX EAST TOWER DR",39.129436,-84.5958,"41-50","WESTWOOD","WESTWOOD","01/03/2013 01:16:00 PM +0000","01 - NOT AN INTERSECTION","2 - INJURY",2,"01/03/2013 01:16:00 PM +0000","THU","M - MALE","2 - POSSIBLE","6E5346AE-B7A4-4BAE-9E03-E55BD93D60E5","1 - DAYLIGHT","135000075","1 - NOT COLLISION BETWEEN TWO MOTOR VEHICLES IN TRANSPORT","01 - DRY","1 - STRAIGHT LEVEL","2 - BLACKTOP, BITUMINOUS, ASPHALT","WESTWOOD","P - PEDESTRIAN","1 - CLEAR","45238",2,1.103,0.160700731005944,1010036,39.1299878555891,-84.5957506989814,"Westwood",204284
"31XX BURNET AV",39.137533,-84.500195,"41-50","AVONDALE","AVONDALE","09/19/2017 12:51:00 PM +0000","03 - T-INTERSECTION","2 - INJURY",2,"09/19/2017 12:51:00 PM +0000","TUE","F - FEMALE","2 - POSSIBLE","306B3495-B38A-417D-B73E-216CDF2289DB","1 - DAYLIGHT","175014158","1 - NOT COLLISION BETWEEN TWO MOTOR VEHICLES IN TRANSPORT","02 - WET","1 - STRAIGHT LEVEL","2 - BLACKTOP, BITUMINOUS, ASPHALT","AVONDALE","P - PEDESTRIAN","4 - RAIN","45229",2,1.103,0.0954384293094114,590039,39.1367442720186,-84.5008637530924,"Corryville",200172
"81XX DALY RD",39.214961,-84.532035,"UNDER 18","N/A","N/A","02/25/2018 05:29:00 PM +0000","02 - FOUR-WAY INTERSECTION","2 - INJURY",2,"02/25/2018 05:29:00 PM +0000","SUN","M - MALE","2 - POSSIBLE","65397CB6-9190-4612-964C-4B2553171404","1 - DAYLIGHT","185002786","1 - NOT COLLISION BETWEEN TWO MOTOR VEHICLES IN TRANSPORT","01 - DRY","1 - STRAIGHT LEVEL","2 - BLACKTOP, BITUMINOUS, ASPHALT","N/A","P - PEDESTRIAN","1 - CLEAR","45224",2,1.103,0.141585402020321,730074,39.2155007541559,-84.5324927356171,"College Hill",200100
"35XX READING RD",39.148113,-84.488563,"UNDER 18","N/A","N/A","02/10/2016 08:14:00 AM +0000","02 - FOUR-WAY INTERSECTION","2 - INJURY",2,"02/10/2016 08:14:00 AM +0000","WED","F - FEMALE","3 - NON-INCAPACITATING","73C8A909-4CCF-47E6-96E5-CC9B9450EA45","1 - DAYLIGHT","165002011","1 - NOT COLLISION BETWEEN TWO MOTOR VEHICLES IN TRANSPORT","02 - WET","1 - STRAIGHT LEVEL","2 - BLACKTOP, BITUMINOUS, ASPHALT","N/A","P - PEDESTRIAN","6 - SNOW","45229",3,0.304,0.189822815206632,540044,39.1479899202217,-84.4895676897692,"North Avondale",274686
"49XX GLENWAY AV",39.119773,-84.600262,"18-25","N/A","N/A","01/02/2015 09:32:00 PM +0000","01 - NOT AN INTERSECTION","2 - INJURY",2,"01/02/2015 09:32:00 PM +0000","FRI","M - MALE","3 - NON-INCAPACITATING","2304D2F2-EB39-4751-8C7D-39FA853A3DDC","4 - DARK - LIGHTED ROADWAY","155000052","1 - NOT COLLISION BETWEEN TWO MOTOR VEHICLES IN TRANSPORT","01 - DRY","1 - STRAIGHT LEVEL","1 - CONCRETE","N/A","P - PEDESTRIAN","1 - CLEAR","45238",3,0.304,0.10139138976865,1030031,39.1187356224711,-84.6002691235776,"West Price HIll",275981
"5XX PURCELL AV",39.100092,-84.564561,"31-40","N/A","N/A","11/03/2017 04:00:00 PM +0000","02 - FOUR-WAY INTERSECTION","2 - INJURY",2,"11/07/2017 11:00:00 AM +0000","FRI","M - MALE","3 - NON-INCAPACITATING","0A7DB10F-CC0F-48AD-A7BE-80E8788BBE2D","1 - DAYLIGHT","175017093","1 - NOT COLLISION BETWEEN TWO MOTOR VEHICLES IN TRANSPORT","01 - DRY","1 - STRAIGHT LEVEL","2 - BLACKTOP, BITUMINOUS, ASPHALT","N/A","P - PEDESTRIAN","1 - CLEAR","45205",3,0.304,0.158429910780431,870023,39.1007485136228,-84.5641217202071,"East Price Hill",273561
"N I471 NO 6TH",39.105999,-84.503304,"31-40","N/A","N/A","04/11/2014 02:32:00 AM +0000","01 - NOT AN INTERSECTION","2 - INJURY",2,"04/11/2014 02:36:00 AM +0000","FRI","M - MALE","3 - NON-INCAPACITATING","FFBF8C8A-B639-4FB1-ACD6-C04E50A81B6F","4 - DARK - LIGHTED ROADWAY","145002766","1 - NOT COLLISION BETWEEN TWO MOTOR VEHICLES IN TRANSPORT","01 - DRY","4 - CURVE GRADE","1 - CONCRETE","N/A","P - PEDESTRIAN","1 - CLEAR","",3,0.304,0.165600045886482,600025,39.1052449859506,-84.5031229659859,"Mt. Adams",274619
"56XX MADISON",39.159268,-84.397414,"UNDER 18","N/A","N/A","02/15/2013 06:25:00 PM +0000","01 - NOT AN INTERSECTION","2 - INJURY",2,"02/15/2013 06:25:00 PM +0000","FRI","M - MALE","3 - NON-INCAPACITATING","FF0599DE-62CA-4F38-9FCC-34C1DDB55510","4 - DARK - LIGHTED ROADWAY","135002049","1 - NOT COLLISION BETWEEN TWO MOTOR VEHICLES IN TRANSPORT","01 - DRY","1 - STRAIGHT LEVEL","2 - BLACKTOP, BITUMINOUS, ASPHALT","N/A","P - PEDESTRIAN","1 - CLEAR","45227",3,0.304,0.12162733819645,130049,39.1591630299467,-84.3969400618174,"Madisonville",201948
"32XX HANNA AV",39.143426,-84.612413,"51-60","N/A","N/A","11/03/2017 07:54:00 AM +0000","02 - FOUR-WAY INTERSECTION","2 - INJURY",2,"11/03/2017 07:59:00 AM +0000","FRI","F - FEMALE","2 - POSSIBLE","77793078-228B-4771-8DF4-68C34008F15F","4 - DARK - LIGHTED ROADWAY","175016861","1 - NOT COLLISION BETWEEN TWO MOTOR VEHICLES IN TRANSPORT","02 - WET","1 - STRAIGHT LEVEL","2 - BLACKTOP, BITUMINOUS, ASPHALT","N/A","P - PEDESTRIAN","4 - RAIN","45211",2,1.103,0.0957382528740624,1080042,39.1434793183459,-84.6115651838342,"Westwood",204284
"23XX WHEELER ST",39.127877,-84.520627,"31-40","N/A","N/A","04/15/2016 10:49:00 PM +0000","03 - T-INTERSECTION","2 - INJURY",2,"04/15/2016 10:49:00 PM +0000","FRI","M - MALE","3 - NON-INCAPACITATING","41E771B9-F8A7-4EDF-81A2-0FA1A5A72CEB","4 - DARK - LIGHTED ROADWAY","165005719","1 - NOT COLLISION BETWEEN TWO MOTOR VEHICLES IN TRANSPORT","01 - DRY","1 - STRAIGHT LEVEL","2 - BLACKTOP, BITUMINOUS, ASPHALT","N/A","P - PEDESTRIAN","1 - CLEAR","45219",3,0.304,0.110321248608516,680035,39.1277493664531,-84.5211966698781,"CUF",273417
"33XX GLENMORE",39.143351,-84.613085,"51-60","N/A","N/A","06/27/2015 03:44:00 PM +0000","03 - T-INTERSECTION","2 - INJURY",2,"06/27/2015 03:44:00 PM +0000","SAT","F - FEMALE","4 - INCAPACITATING","FACDC51E-9F43-4F10-9ED4-40FBD945D36C","1 - DAYLIGHT","155008756","1 - NOT COLLISION BETWEEN TWO MOTOR VEHICLES IN TRANSPORT","01 - DRY","1 - STRAIGHT LEVEL","2 - BLACKTOP, BITUMINOUS, ASPHALT","N/A","P - PEDESTRIAN","2 - CLOUDY","45211",4,0.141,0.148178317357061,1090042,39.143477922708,-84.613824395622,"Westwood",204284
"40XX PADDOCK RD",39.157148,-84.480521,"61-70","N/A","N/A","06/07/2016 08:00:00 AM +0000","03 - T-INTERSECTION","2 - INJURY",2,"06/07/2016 08:00:00 AM +0000","TUE","M - MALE","3 - NON-INCAPACITATING","DB23C77A-C62E-4F76-9513-C3A9399C4FB1","1 - DAYLIGHT","165008877","1 - NOT COLLISION BETWEEN TWO MOTOR VEHICLES IN TRANSPORT","01 - DRY","1 - STRAIGHT LEVEL","1 - CONCRETE","N/A","P - PEDESTRIAN","1 - CLEAR","45229",3,0.304,0.185132599494171,500048,39.1569856531376,-84.4805308402209,"North Avondale",274686
"25XX HARRISON AV",39.140758,-84.584219,"UNKNOWN","N/A","N/A","08/10/2018 07:20:00 AM +0000","01 - NOT AN INTERSECTION","3 - PROPERTY DAMAGE ONLY (PDO)",3,"08/10/2018 08:15:00 AM +0000","FRI","","1 - NO INJURY / NONE REPORTED","A5D39E66-7240-4A61-A214-5DE0F6F8CD4C","1 - DAYLIGHT","185011093","1 - NOT COLLISION BETWEEN TWO MOTOR VEHICLES IN TRANSPORT","01 - DRY","1 - STRAIGHT LEVEL","2 - BLACKTOP, BITUMINOUS, ASPHALT","N/A","P - PEDESTRIAN","1 - CLEAR","45211",1,10.082,0.161339839225849,960041,39.1412426622192,-84.5844546362992,"Westwood",204284
"1XX W MCMILLAN ST",39.127733,-84.519268,"18-25","CUF - HEIGHTS","FAIRVIEW","01/16/2014 02:30:00 PM +0000","02 - FOUR-WAY INTERSECTION","2 - INJURY",2,"01/16/2014 02:30:00 PM +0000","THU","F - FEMALE","2 - POSSIBLE","E61AA86A-68DC-4BE3-9371-2721B488FD86","1 - DAYLIGHT","145000448","1 - NOT COLLISION BETWEEN TWO MOTOR VEHICLES IN TRANSPORT","03 - SNOW","1 - STRAIGHT LEVEL","1 - CONCRETE","CUF","P - PEDESTRIAN","6 - SNOW","45219",2,1.103,0.201246014799999,670035,39.1277489739748,-84.518937456772,"CUF",273417