"address_x","lat","long","age","community_council_neighborhood","cpd_neighborhood","crashdate","crashlocation","crashseverity","crashseverityid","datecrashreported","dayofweek","gender","injuries","instanceid","lightconditionsprimary","localreportno","mannerofcrash","roadconditionsprimary","roadcontour","roadsurface","sna_neighborhood","typeofperson","weather","zip","injury_type_num","cost","dist","cell_id","lat_cell","long_cell","hood","hood_id"
"24XX HARRISON AV",39.140445,-84.579156,"UNDER 18","WESTWOOD","WESTWOOD","05/22/2017 07:12:00 PM +0000","01 - NOT AN INTERSECTION","2 - INJURY",2,"05/22/2017 07:16:00 PM +0000","MON","M - MALE","3 - NON-INCAPACITATING","B7594725-8CC8-4E48-A480-36AEB9D1E1BF","1 - DAYLIGHT","175007655","1 - NOT COLLISION BETWEEN TWO MOTOR VEHICLES IN TRANSPORT","01 - DRY","1 - STRAIGHT LEVEL","2 - BLACKTOP, BITUMINOUS, ASPHALT","WESTWOOD","P - PEDESTRIAN","1 - CLEAR","45211",3,0.304,0.16375710671912,940041,39.1412442758999,-84.5799362108161,"Westwood",204284
"36XX WOODFORD RD",39.180363,-84.414618,"31-40","KENNEDY HEIGHTS","KENNEDY  HEIGHTS","10/30/2014 06:25:00 PM +0000","01 - NOT AN INTERSECTION","2 - INJURY",2,"10/30/2014 07:31:37 PM +0000","THU","M - MALE","3 - NON-INCAPACITATING","6169CACD-F4B3-46C5-B273-740A7B7B5454","3 - DUSK","145010929","1 - NOT COLLISION BETWEEN TWO MOTOR VEHICLES IN TRANSPORT","01 - DRY","3 - CURVE LEVEL","2 - BLACKTOP, BITUMINOUS, ASPHALT","KENNEDY HEIGHTS","P - PEDESTRIAN","1 - CLEAR","45213",3,0.304,0.102112758442941,210058,39.1794338009723,-84.4150137277986,"Pleasant Ridge",202946
"5XX FOREST AV",39.146548,-84.496784,"UNDER 18","N/A","N/A","03/19/2013 02:51:00 PM +0000","02 - FOUR-WAY INTERSECTION","2 - INJURY",2,"03/19/2013 02:51:00 PM +0000","TUE","M - MALE","4 - INCAPACITATING","006FA9D9-D8B7-4FBE-A58E-E6F2150644BB","1 - DAYLIGHT","135003474","1 - NOT COLLISION BETWEEN TWO MOTOR VEHICLES IN TRANSPORT","01 - DRY","1 - STRAIGHT LEVEL","2 - BLACKTOP, BITUMINOUS, ASPHALT","N/A","P - PEDESTRIAN","1 - CLEAR","45229",4,0.141,0.176240684423611,570043,39.1457426660581,-84.4963453275854,"Avondale",199345
"50XX PADDOCK RD",39.177928,-84.476723,"UNDER 18","BOND HILL","BONDHILL","06/03/2015 10:10:00 AM +0000","01 - NOT AN INTERSECTION","2 - INJURY",2,"06/03/2015 10:20:00 AM +0000","WED","M - MALE","3 - NON-INCAPACITATING","96BB2119-A7DB-436E-AFB7-E7730F898360","1 - DAYLIGHT","155007587","1 - NOT COLLISION BETWEEN TWO MOTOR VEHICLES IN TRANSPORT","01 - DRY","1 - STRAIGHT LEVEL","2 - BLACKTOP, BITUMINOUS, ASPHALT","BOND HILL","P - PEDESTRIAN","2 - CLOUDY","45237",3,0.304,0.154176845388863,480057,39.1772332699515,-84.4760124158241,"Bond Hill",199607
"73XX READING RD",39.197185,-84.458228,"UNDER 18","ROSELAWN","ROSELAWN","10/19/2016 07:45:00 PM +0000","02 - FOUR-WAY INTERSECTION","2 - INJURY",2,"10/19/2016 07:55:00 PM +0000","WED","F - FEMALE","3 - NON-INCAPACITATING","AB687B76-B5E8-4695-9F13-DD6D5BE4A277","4 - DARK - LIGHTED ROADWAY","165017264","1 - NOT COLLISION BETWEEN TWO MOTOR VEHICLES IN TRANSPORT","02 - WET","1 - STRAIGHT LEVEL","2 - BLACKTOP, BITUMINOUS, ASPHALT","ROSELAWN","P - PEDESTRIAN","4 - RAIN","45237",3,0.304,0.175658003852127,400066,39.1974719417316,-84.4579387218486,"Roselawn",203265
"3XX KING DR",39.136271,-84.519191,"41-50","CORRYVILLE - HEIGHTS","CLIFTON","04/18/2018 08:34:00 PM +0000","01 - NOT AN INTERSECTION","2 - INJURY",2,"04/18/2018 08:39:00 PM +0000","WED","M - MALE","4 - INCAPACITATING","4CE2AD31-C351-419D-B637-DCE901EE71B3","4 - DARK - LIGHTED ROADWAY","185005409","1 - NOT COLLISION BETWEEN TWO MOTOR VEHICLES IN TRANSPORT","02 - WET","2 - STRAIGHT GRADE","2 - BLACKTOP, BITUMINOUS, ASPHALT","CUF","P - PEDESTRIAN","4 - RAIN","45220",4,0.141,0.133934341489268,670039,39.136748982066,-84.5189374567565,"CUF",273417
"11XX LINN ST",39.107758,-84.529333,"UNDER 18","WEST END","WEST  END","03/21/2018 04:47:00 PM +0000","03 - T-INTERSECTION","2 - INJURY",2,"03/21/2018 04:51:00 PM +0000","WED","M - MALE","3 - NON-INCAPACITATING","CBAC7128-3C72-4CBD-821B-3A81A9C71BFE","1 - DAYLIGHT","185003967","1 - NOT COLLISION BETWEEN TWO MOTOR VEHICLES IN TRANSPORT","02 - WET","1 - STRAIGHT LEVEL","2 - BLACKTOP, BITUMINOUS, ASPHALT","WEST END","P - PEDESTRIAN","2 - CLOUDY","45203",3,0.304,0.11961125590952,720026,39.1075004818046,-84.5302335225356,"West End",276647
"3XX CENTRAL AV",39.107705,-84.508823,"26-30","N/A","N/A","05/01/2016 01:55:00 AM +0000","01 - NOT AN INTERSECTION","3 - PROPERTY DAMAGE ONLY (PDO)",3,"05/01/2016 02:01:00 AM +0000","SUN","M - MALE","1 - NO INJURY / NONE REPORTED","4F6D46CF-EAC3-47E7-B36C-57C3D2434AB2","4 - DARK - LIGHTED ROADWAY","165006646","1 - NOT COLLISION BETWEEN TWO MOTOR VEHICLES IN TRANSPORT","02 - WET","2 - STRAIGHT GRADE","2 - BLACKTOP, BITUMINOUS, ASPHALT","N/A","P - PEDESTRIAN","4 - RAIN","45203",1,10.082,0.125174399232344,630026,39.1074969500199,-84.5099006046852,"Over-The-Rhine",202750
"12XX BEECH AV",39.11387,-84.576773,"18-25","N/A","N/A","05/27/2014 09:00:00 PM +0000","01 - NOT AN INTERSECTION","2 - INJURY",2,"05/27/2014 10:34:16 PM +0000","TUE","M - MALE","3 - NON-INCAPACITATING","84DFBF55-5314-43C5-9998-1C222A945DEE","1 - DAYLIGHT","145004036","1 - NOT COLLISION BETWEEN TWO MOTOR VEHICLES IN TRANSPORT","01 - DRY","2 - STRAIGHT GRADE","2 - BLACKTOP, BITUMINOUS, ASPHALT","N/A","P - PEDESTRIAN","1 - CLEAR","45205",3,0.304,0.105555475259037,930029,39.1142449938065,-84.577676997968,"West Price HIll",275981
"8XX WALNUT ST",39.105005,-84.511283,"41-50","DOWNTOWN","C. B. D. / RIVERFRONT","07/05/2017 09:30:00 AM +0000","02 - FOUR-WAY INTERSECTION","2 - INJURY",2,"07/05/2017 09:45:00 AM +0000","WED","F - FEMALE","2 - POSSIBLE","04BBD9ED-E9CC-4FB2-897D-89EA46195308","1 - DAYLIGHT","175009967","1 - NOT COLLISION BETWEEN TWO MOTOR VEHICLES IN TRANSPORT","01 - DRY","1 - STRAIGHT LEVEL","2 - BLACKTOP, BITUMINOUS, ASPHALT","DOWNTOWN","P - PEDESTRIAN","2 - CLOUDY","45202",2,1.103,0.149580060022916,640025,39.1052475148416,-84.5121598176706,"Central Business District",273189
"37XX MARBURG AV",39.144545,-84.421328,"61-70","N/A","N/A","10/30/2015 03:10:00 PM +0000","03 - T-INTERSECTION","2 - INJURY",2,"10/30/2015 03:13:00 PM +0000","FRI","M - MALE","2 - POSSIBLE","97A027D9-D1AB-402D-B543-B91FC709B400","1 - DAYLIGHT","155015859","1 - NOT COLLISION BETWEEN TWO MOTOR VEHICLES IN TRANSPORT","01 - DRY","2 - STRAIGHT GRADE","2 - BLACKTOP, BITUMINOUS, ASPHALT","N/A","P - PEDESTRIAN","2 - CLOUDY","45209",2,1.103,0.0963800825203916,240042,39.143440851112,-84.4217913553453,"Hyde Park",201414
"49XX EBERSOLE AV",39.159255,-84.396655,"51-60","N/A","N/A","05/04/2016 09:09:09 PM +0000","03 - T-INTERSECTION","2 - INJURY",2,"05/16/2016 03:55:56 PM +0000","WED","M - MALE","4 - INCAPACITATING","8AA16938-4FA5-4565-A6A3-7CD21AEDD584","5 - DARK – ROADWAY NOT LIGHTIED","165007610","1 - NOT COLLISION BETWEEN TWO MOTOR VEHICLES IN TRANSPORT","01 - DRY","2 - STRAIGHT GRADE","2 - BLACKTOP, BITUMINOUS, ASPHALT","N/A","P - PEDESTRIAN","1 - CLEAR","45227",4,0.141,0.12162733819645,130049,39.1591630299467,-84.3969400618174,"Madisonville",201948
"12XX WILLIAM HOWARD TAFT RD",39.126415,-84.483392,"61-70","EAST WALNUT HILLS","EAST WALNUT HILLS","11/08/2017 03:00:00 PM +0000","02 - FOUR-WAY INTERSECTION","2 - INJURY",2,"11/08/2017 03:15:00 PM +0000","WED","F - FEMALE","3 - NON-INCAPACITATING","31354E6B-91AC-48AE-AEEA-C892D0983BBB","1 - DAYLIGHT","175017159","1 - NOT COLLISION BETWEEN TWO MOTOR VEHICLES IN TRANSPORT","01 - DRY","1 - STRAIGHT LEVEL","2 - BLACKTOP, BITUMINOUS, ASPHALT","WALNUT HILLS","P - PEDESTRIAN","2 - CLOUDY","45206",3,0.304,0.119355331731805,520034,39.1254878519124,-84.4850492649444,"Walnut Hills",204112
"4XX W MCMICKEN AV",39.121434,-84.530592,"51-60","OTR","OVER-THE-RHINE","07/25/2013 10:10:00 PM +0000","01 - NOT AN INTERSECTION","2 - INJURY",2,"07/25/2013 10:15:00 PM +0000","THU","M - MALE","3 - NON-INCAPACITATING","71A41766-F7FE-49CD-BDCE-789FE7AF575A","4 - DARK - LIGHTED ROADWAY","135008849","1 - NOT COLLISION BETWEEN TWO MOTOR VEHICLES IN TRANSPORT","01 - DRY","2 - STRAIGHT GRADE","2 - BLACKTOP, BITUMINOUS, ASPHALT","WEST END","P - PEDESTRIAN","1 - CLEAR","45214",3,0.304,0.171579850754194,720032,39.1210004941279,-84.5302335225199,"West End",276647
"3XX E KING DR",39.136058,-84.503058,"18-25","N/A","N/A","02/16/2015 09:29:26 AM +0000","02 - FOUR-WAY INTERSECTION","2 - INJURY",2,"02/16/2015 09:35:19 AM +0000","MON","F - FEMALE","4 - INCAPACITATING","36A1A46C-2031-42BA-8E79-6B0238D7F304","1 - DAYLIGHT","155002135","1 - NOT COLLISION BETWEEN TWO MOTOR VEHICLES IN TRANSPORT","03 - SNOW","1 - STRAIGHT LEVEL","2 - BLACKTOP, BITUMINOUS, ASPHALT","N/A","P - PEDESTRIAN","6 - SNOW","45219",4,0.141,0.216960849201901,600039,39.136745013415,-84.5031229659084,"Corryville",200172
"11XX ELM ST",39.106926,-84.517161,"UNDER 18","OTR","OVER-THE-RHINE","04/25/2018 08:25:00 AM +0000","02 - FOUR-WAY INTERSECTION","2 - INJURY",2,"04/25/2018 10:00:00 AM +0000","WED","F - FEMALE","3 - NON-INCAPACITATING","ABA35B31-278D-4166-AF11-B8D913D22F3D","1 - DAYLIGHT","185005729","1 - NOT COLLISION BETWEEN TWO MOTOR VEHICLES IN TRANSPORT","01 - DRY","1 - STRAIGHT LEVEL","2 - BLACKTOP, BITUMINOUS, ASPHALT","OVER-THE-RHINE","P - PEDESTRIAN","1 - CLEAR","45202",3,0.304,0.1271592134791,660026,39.1074985197021,-84.5166782437297,"Over-The-Rhine",202750
"27XX CLIFTON AV",39.131991,-84.521033,"UNDER 18","CORRYVILLE - HEIGHTS","CLIFTON/UNIVERSITY HEIGHTS","10/21/2017 12:13:00 PM +0000","01 - NOT AN INTERSECTION","2 - INJURY",2,"10/21/2017 12:13:02 PM +0000","SAT","F - FEMALE","3 - NON-INCAPACITATING","080A3C23-0E77-496D-99CD-941F054691E7","1 - DAYLIGHT","175016015","1 - NOT COLLISION BETWEEN TWO MOTOR VEHICLES IN TRANSPORT","01 - DRY","1 - STRAIGHT LEVEL","2 - BLACKTOP, BITUMINOUS, ASPHALT","CUF","P - PEDESTRIAN","2 - CLOUDY","45221",3,0.304,0.0770164681306144,680037,39.1322493705131,-84.5211966698708,"CUF",273417
"46XX GLENWAY AV",39.114847,-84.591698,"18-25","WEST PRICE HILL","WEST PRICE HILL","07/22/2014 05:45:00 AM +0000","02 - FOUR-WAY INTERSECTION","2 - INJURY",2,"07/22/2014 05:47:00 AM +0000","TUE","M - MALE","3 - NON-INCAPACITATING","FDA24CB0-5730-4FE4-AEEC-8C72478ED135","4 - DARK - LIGHTED ROADWAY","145006403","1 - NOT COLLISION BETWEEN TWO MOTOR VEHICLES IN TRANSPORT","01 - DRY","1 - STRAIGHT LEVEL","2 - BLACKTOP, BITUMINOUS, ASPHALT","WEST PRICE HILL","P - PEDESTRIAN","1 - CLEAR","45238",3,0.304,0.156112406141776,990029,39.1142398920864,-84.5912322740608,"West Price HIll",275981
"21XX MILLVALE CT",39.147858,-84.553571,"26-30","MILLVALE","MILLVALE","03/05/2015 12:03:00 PM +0000","01 - NOT AN INTERSECTION","2 - INJURY",2,"03/05/2015 12:03:00 PM +0000","THU","M - MALE","4 - INCAPACITATING","40A55480-6E25-4774-A93B-08D49E73FB38","1 - DAYLIGHT","155003112","6 - ANGLE","03 - SNOW","3 - CURVE LEVEL","2 - BLACKTOP, BITUMINOUS, ASPHALT","MILLVALE","P - PEDESTRIAN","1 - CLEAR","45225",4,0.141,0.167983497551825,820044,39.1480003006136,-84.5528256545865,"East Westwood",273574
"16XX WESTWOOD",39.124376,-84.549798,"51-60","N/A","N/A","09/09/2015 11:56:00 AM +0000","01 - NOT AN INTERSECTION","2 - INJURY",2,"09/09/2015 11:58:00 AM +0000","WED","F - FEMALE","2 - POSSIBLE","E95B775F-843A-4D02-9D9F-ED965E6C1429","1 - DAYLIGHT","155012803","1 - NOT COLLISION BETWEEN TWO MOTOR VEHICLES IN TRANSPORT","02 - WET","3 - CURVE LEVEL","2 - BLACKTOP, BITUMINOUS, ASPHALT","N/A","P - PEDESTRIAN","2 - CLOUDY","45214",2,1.103,0.14681239018927,810034,39.1255004982279,-84.5505664414026,"South Fairmount",203599
"XX W 3RD ST",39.098104,-84.512829,"18-25","N/A","N/A","04/23/2016 09:40:00 PM +0000","01 - NOT AN INTERSECTION","2 - INJURY",2,"04/23/2016 09:44:00 PM +0000","SAT","M - MALE","3 - NON-INCAPACITATING","A5E4C783-E19F-424A-A0D9-2D61A06065D9","4 - DARK - LIGHTED ROADWAY","165006162","1 - NOT COLLISION BETWEEN TWO MOTOR VEHICLES IN TRANSPORT","01 - DRY","1 - STRAIGHT LEVEL","2 - BLACKTOP, BITUMINOUS, ASPHALT","N/A","P - PEDESTRIAN","1 - CLEAR","45202",3,0.304,0.115850232809009,640022,39.0984975088131,-84.5121598176844,"Central Business District",273189
"8XX MAIN ST",39.105325,-84.509439,"31-40","N/A","N/A","09/29/2017 01:21:00 PM +0000","02 - FOUR-WAY INTERSECTION","2 - INJURY",2,"09/29/2017 01:27:00 PM +0000","FRI","M - MALE","3 - NON-INCAPACITATING","8AC446D4-9825-413C-88E6-863276A63413","1 - DAYLIGHT","175014723","1 - NOT COLLISION BETWEEN TWO MOTOR VEHICLES IN TRANSPORT","01 - DRY","1 - STRAIGHT LEVEL","1 - CONCRETE","N/A","P - PEDESTRIAN","1 - CLEAR","45202",3,0.304,0.212349218642573,630025,39.1052469480212,-84.50990060469,"Central Business District",273189
"5XX OAK ST",39.130143,-84.497892,"41-50","N/A","N/A","02/20/2013 06:40:00 PM +0000","02 - FOUR-WAY INTERSECTION","2 - INJURY",2,"02/20/2013 06:40:00 PM +0000","WED","F - FEMALE","3 - NON-INCAPACITATING","9055D9C4-982C-4DE6-8991-226798D37D44","4 - DARK - LIGHTED ROADWAY","135002230","1 - NOT COLLISION BETWEEN TWO MOTOR VEHICLES IN TRANSPORT","01 - DRY","1 - STRAIGHT LEVEL","1 - CONCRETE","N/A","P - PEDESTRIAN","1 - CLEAR","45219",3,0.304,0.119451453192075,580036,39.1299934812124,-84.4986045403433,"Avondale",199345
"9XX ELM ST",39.103941,-84.517111,"31-40","N/A","N/A","07/02/2018 05:39:00 PM +0000","03 - T-INTERSECTION","2 - INJURY",2,"07/02/2018 05:40:00 PM +0000","MON","M - MALE","3 - NON-INCAPACITATING","BF44F409-9148-4051-8E7E-C8B92A902AB9","1 - DAYLIGHT","185009236","1 - NOT COLLISION BETWEEN TWO MOTOR VEHICLES IN TRANSPORT","01 - DRY","1 - STRAIGHT LEVEL","2 - BLACKTOP, BITUMINOUS, ASPHALT","N/A","P - PEDESTRIAN","2 - CLOUDY","45202",3,0.304,0.143742576569493,660024,39.1029985156525,-84.5166782437379,"Central Business District",273189
"47XX KENARD AV",39.165293,-84.515805,"31-40","SPRING GROVE VILLAGE","SPRING GROVE VILLAGE","11/01/2017 06:20:30 PM +0000","10 - DRIVEWAY/ALLEY ACCESS","2 - INJURY",2,"11/01/2017 08:41:57 PM +0000","WED","F - FEMALE","2 - POSSIBLE","91CD7055-43DA-4879-83F4-9DC333DAF465","4 - DARK - LIGHTED ROADWAY","175016764","1 - NOT COLLISION BETWEEN TWO MOTOR VEHICLES IN TRANSPORT","02 - WET","1 - STRAIGHT LEVEL","2 - BLACKTOP, BITUMINOUS, ASPHALT","SPRING GROVE VILLAGE","P - PEDESTRIAN","4 - RAIN","45232",2,1.103,0.0965882103668435,660052,39.1659985720701,-84.5166782436224,"Winton Place",204406
"7XX VINE ST",39.103511,-84.513381,"26-30","N/A","N/A","08/18/2017 11:40:00 PM +0000","02 - FOUR-WAY INTERSECTION","2 - INJURY",2,"08/18/2017 11:43:16 PM +0000","FRI","M - MALE","3 - NON-INCAPACITATING","8A8F7746-C5E5-41B1-A494-6E327B1134BA","4 - DARK - LIGHTED ROADWAY","175012388","1 - NOT COLLISION BETWEEN TWO MOTOR VEHICLES IN TRANSPORT","01 - DRY","1 - STRAIGHT LEVEL","2 - BLACKTOP, BITUMINOUS, ASPHALT","N/A","P - PEDESTRIAN","1 - CLEAR","45202",3,0.304,0.11974297910776,650024,39.1029980360431,-84.5144190306905,"Central Business District",273189
"2XX E KING DR",39.134968,-84.504794,"61-70","N/A","N/A","05/28/2018 10:10:00 AM +0000","02 - FOUR-WAY INTERSECTION","1 - FATAL INJURY",1,"05/28/2018 10:10:00 AM +0000","MON","F - FEMALE","5 - FATAL","405DDA56-25F4-4A62-B742-11A98126D784","1 - DAYLIGHT","185007482","1 - NOT COLLISION BETWEEN TWO MOTOR VEHICLES IN TRANSPORT","01 - DRY","1 - STRAIGHT LEVEL","2 - BLACKTOP, BITUMINOUS, ASPHALT","N/A","P - PEDESTRIAN","1 - CLEAR","45219",5,0.046,0.188271610583182,610038,39.1344957092315,-84.5053821787758,"Corryville",200172
"34XX EDWARDS RD",39.138475,-84.444038,"41-50","N/A","N/A","01/27/2016 07:40:00 PM +0000","02 - FOUR-WAY INTERSECTION","1 - FATAL INJURY",1,"01/27/2016 07:42:00 PM +0000","WED","F - FEMALE","4 - INCAPACITATING","32FD0920-B42B-42E7-8005-4D4F0D27455C","4 - DARK - LIGHTED ROADWAY","165001379","1 - NOT COLLISION BETWEEN TWO MOTOR VEHICLES IN TRANSPORT","01 - DRY","1 - STRAIGHT LEVEL","2 - BLACKTOP, BITUMINOUS, ASPHALT","N/A","P - PEDESTRIAN","1 - CLEAR","45208",4,0.141,0.174943254263428,340040,39.1389615647748,-84.4443834558779,"Hyde Park",201414
"82XX VINE ST",39.210621,-84.475085,"51-60","HARTWELL","HARTWELL","05/20/2016 04:12:00 PM +0000","01 - NOT AN INTERSECTION","2 - INJURY",2,"05/20/2016 04:12:00 PM +0000","FRI","F - FEMALE","2 - POSSIBLE","4F3EE74B-45A2-4962-98BA-E6D4EB52B8A8","1 - DAYLIGHT","165007866","1 - NOT COLLISION BETWEEN TWO MOTOR VEHICLES IN TRANSPORT","02 - WET","1 - STRAIGHT LEVEL","2 - BLACKTOP, BITUMINOUS, ASPHALT","HARTWELL","P - PEDESTRIAN","4 - RAIN","45216",2,1.103,0.190920610668484,470072,39.210982030754,-84.4737532036584,"Hartwell",201193
"9XX MAIN ST",39.106586,-84.510175,"31-40","N/A","N/A","09/25/2016 11:18:31 PM +0000","02 - FOUR-WAY INTERSECTION","2 - INJURY",2,"09/25/2016 11:19:32 PM +0000","SUN","F - FEMALE","3 - NON-INCAPACITATING","2B2F9627-62C0-4DB7-AE6A-D63BB035811C","4 - DARK - LIGHTED ROADWAY","165015680","1 - NOT COLLISION BETWEEN TWO MOTOR VEHICLES IN TRANSPORT","01 - DRY","1 - STRAIGHT LEVEL","1 - CONCRETE","N/A","P - PEDESTRIAN","1 - CLEAR","45202",3,0.304,0.125174399232344,630026,39.1074969500199,-84.5099006046852,"Over-The-Rhine",202750
"25XX GILBERT AV",39.127679,-84.489384,"51-60","WALNUT HILLS","WALNUT HILLS","12/11/2015 03:53:00 PM +0000","02 - FOUR-WAY INTERSECTION","2 - INJURY",2,"12/11/2015 03:55:00 PM +0000","FRI","M - MALE","3 - NON-INCAPACITATING","ECC119D3-F23B-43FC-AEE1-8BFC30FDD5E4","1 - DAYLIGHT","155018110","1 - NOT COLLISION BETWEEN TWO MOTOR VEHICLES IN TRANSPORT","01 - DRY","1 - STRAIGHT LEVEL","2 - BLACKTOP, BITUMINOUS, ASPHALT","WALNUT HILLS","P - PEDESTRIAN","1 - CLEAR","45206",3,0.304,0.119426029212238,540035,39.1277399033645,-84.4895676898303,"Walnut Hills",204112
"I7X EX",39.132007,-84.493762,"18-25","AVONDALE","AVONDALE","02/24/2013 02:04:00 AM +0000","01 - NOT AN INTERSECTION","1 - FATAL INJURY",1,"02/24/2013 02:05:00 AM +0000","SUN","M - MALE","5 - FATAL","DF598EC2-04D0-4D60-AB5D-AB09359837C4","4 - DARK - LIGHTED ROADWAY","135002371","1 - NOT COLLISION BETWEEN TWO MOTOR VEHICLES IN TRANSPORT","01 - DRY","1 - STRAIGHT LEVEL","2 - BLACKTOP, BITUMINOUS, ASPHALT","AVONDALE","P - PEDESTRIAN","1 - CLEAR","45206",5,0.046,0.192783270405219,560037,39.1322417823509,-84.4940861149623,"Walnut Hills",204112
"25XX BURNET AV",39.126795,-84.501392,"18-25","N/A","N/A","01/04/2017 05:07:00 AM +0000","04 - Y-INTERSECTION","2 - INJURY",2,"01/04/2017 05:08:00 AM +0000","WED","M - MALE","4 - INCAPACITATING","535A31D6-B84E-4FDD-9790-BC1C1961D1F7","4 - DARK - LIGHTED ROADWAY","175000143","1 - NOT COLLISION BETWEEN TWO MOTOR VEHICLES IN TRANSPORT","01 - DRY","4 - CURVE GRADE","2 - BLACKTOP, BITUMINOUS, ASPHALT","N/A","P - PEDESTRIAN","2 - CLOUDY","45219",4,0.141,0.105238193937857,590035,39.1277442642348,-84.5008637531154,"Walnut Hills",204112
"49XX GLENWAY AV",39.122001,-84.601471,"18-25","WEST PRICE HILL","WEST PRICE HILL","08/18/2017 05:45:00 AM +0000","03 - T-INTERSECTION","2 - INJURY",2,"08/18/2017 06:42:00 AM +0000","FRI","F - FEMALE","2 - POSSIBLE","EB18C744-0958-44E9-9B36-C1B2B6049BD0","5 - DARK – ROADWAY NOT LIGHTED","175012321","1 - NOT COLLISION BETWEEN TWO MOTOR VEHICLES IN TRANSPORT","01 - DRY","1 - STRAIGHT LEVEL","2 - BLACKTOP, BITUMINOUS, ASPHALT","WEST PRICE HILL","P - PEDESTRIAN","1 - CLEAR","45238",2,1.103,0.172845351350141,1040032,39.1209844469024,-84.6025283357813,"West Price HIll",275981
"22XX MONTANA AV",39.154563,-84.569373,"18-25","WESTWOOD","WESTWOOD","05/22/2017 07:33:00 AM +0000","01 - NOT AN INTERSECTION","2 - INJURY",2,"05/22/2017 08:00:00 AM +0000","MON","M - MALE","3 - NON-INCAPACITATING","97ADA337-6C17-4C83-B235-CCCEA9B5FA58","1 - DAYLIGHT","175007609","6 - ANGLE","01 - DRY","4 - CURVE GRADE","2 - BLACKTOP, BITUMINOUS, ASPHALT","WESTWOOD","P - PEDESTRIAN","1 - CLEAR","45211",3,0.304,0.106468005070289,890047,39.1547475588387,-84.5686401463104,"East Westwood",273574
"5XX GENESSEE ST",39.110535,-84.523691,"UNDER 18","WEST END","WEST  END","06/04/2017 06:40:00 PM +0000","01 - NOT AN INTERSECTION","2 - INJURY",2,"06/04/2017 06:45:00 PM +0000","SUN","F - FEMALE","2 - POSSIBLE","E30ECEE3-745C-4C64-81AB-B8B7DD762F08","1 - DAYLIGHT","175008385","1 - NOT COLLISION BETWEEN TWO MOTOR VEHICLES IN TRANSPORT","01 - DRY","1 - STRAIGHT LEVEL","2 - BLACKTOP, BITUMINOUS, ASPHALT","WEST END","P - PEDESTRIAN","1 - CLEAR","45214",2,1.103,0.103942761547829,690027,39.1097496990067,-84.5234558830349,"West End",276647
"29XX GILBERT AV",39.133921,-84.486611,"41-50","WALNUT HILLS","WALNUT HILLS","09/19/2017 10:30:00 AM +0000","02 - FOUR-WAY INTERSECTION","2 - INJURY",2,"09/19/2017 11:15:00 AM +0000","TUE","M - MALE","3 - NON-INCAPACITATING","52C45993-BF91-4E11-A0B8-82C8A0C96536","1 - DAYLIGHT","175014150","1 - NOT COLLISION BETWEEN TWO MOTOR VEHICLES IN TRANSPORT","02 - WET","1 - STRAIGHT LEVEL","2 - BLACKTOP, BITUMINOUS, ASPHALT","WALNUT HILLS","P - PEDESTRIAN","4 - RAIN","45206",3,0.304,0.153418283868973,530038,39.1344889059406,-84.48730847733,"Walnut Hills",204112
"48XX READING RD",39.172893,-84.467718,"UNDER 18","N/A","N/A","01/18/2015 10:52:00 PM +0000","01 - NOT AN INTERSECTION","1 - FATAL INJURY",1,"01/18/2015 10:52:00 PM +0000","SUN","F - FEMALE","5 - FATAL","2324D82D-E356-4367-BEB2-53BD76EFDBAB","4 - DARK - LIGHTED ROADWAY","155000766","1 - NOT COLLISION BETWEEN TWO MOTOR VEHICLES IN TRANSPORT","01 - DRY","1 - STRAIGHT LEVEL","2 - BLACKTOP, BITUMINOUS, ASPHALT","N/A","P - PEDESTRIAN","1 - CLEAR","45237",5,0.046,0.103513455956805,440055,39.1727279444532,-84.4669755681635,"Bond Hill",199607
"9XX PURCELL AV",39.109577,-84.564401,"UNDER 18","EAST PRICE HILL","EAST PRICE HILL","10/13/2015 07:44:00 PM +0000","01 - NOT AN INTERSECTION","2 - INJURY",2,"10/13/2015 07:46:00 PM +0000","TUE","F - FEMALE","3 - NON-INCAPACITATING","1943BBC9-6AA8-4251-A55D-A541615D7670","3 - DUSK","155014901","1 - NOT COLLISION BETWEEN TWO MOTOR VEHICLES IN TRANSPORT","01 - DRY","1 - STRAIGHT LEVEL","2 - BLACKTOP, BITUMINOUS, ASPHALT","EAST PRICE HILL","P - PEDESTRIAN","1 - CLEAR","45205",3,0.304,0.0978479598581897,870027,39.1097485217221,-84.564121720212,"East Price Hill",273561