"address_x","lat","long","age","community_council_neighborhood","cpd_neighborhood","crashdate","crashlocation","crashseverity","crashseverityid","datecrashreported","dayofweek","gender","injuries","instanceid","lightconditionsprimary","localreportno","mannerofcrash","roadconditionsprimary","roadcontour","roadsurface","sna_neighborhood","typeofperson","weather","zip","injury_type_num","cost","dist","cell_id","lat_cell","long_cell","hood","hood_id"
"29XX WESTWOOD NORTHERN",39.155407,-84.593571,"41-50","N/A","N/A","01/29/2014 03:50:00 PM +0000","01 - NOT AN INTERSECTION","2 - INJURY",2,"01/29/2014 04:00:00 PM +0000","WED","M - MALE","3 - NON-INCAPACITATING","B191861E-6BB6-4E47-A9F3-358ADCC4D896","1 - DAYLIGHT","145000852","1 - NOT COLLISION BETWEEN TWO MOTOR VEHICLES IN TRANSPORT","01 - DRY","2 - STRAIGHT GRADE","2 - BLACKTOP, BITUMINOUS, ASPHALT","N/A","P - PEDESTRIAN","1 - CLEAR","45211",3,0.304,0.190205677843299,1000047,39.1547389226234,-84.5934914866125,"Westwood",204284
"23XX STRATFORD AV",39.127785,-84.522398,"18-25","CUF - HEIGHTS","FAIRVIEW","02/24/2018 10:13:52 PM +0000","03 - T-INTERSECTION","2 - INJURY",2,"02/24/2018 10:47:06 PM +0000","SAT","M - MALE","3 - NON-INCAPACITATING","5DD33790-64A7-4D36-8B05-669A134C869A","4 - DARK - LIGHTED ROADWAY","185002761","1 - NOT COLLISION BETWEEN TWO MOTOR VEHICLES IN TRANSPORT","02 - WET","2 - STRAIGHT GRADE","2 - BLACKTOP, BITUMINOUS, ASPHALT","CUF","P - PEDESTRIAN","4 - RAIN","45219",3,0.304,0.10786699549206,690035,39.1277497153227,-84.5234558830079,"CUF",273417
"82XX VINE ST",39.210091,-84.474175,"31-40","HARTWELL","HARTWELL","01/01/2018 02:31:00 PM +0000","01 - NOT AN INTERSECTION","2 - INJURY",2,"01/10/2018 04:45:00 PM +0000","MON","M - MALE","2 - POSSIBLE","77D91E85-3DBC-442B-8D47-D83401445115","1 - DAYLIGHT","185000472","1 - NOT COLLISION BETWEEN TWO MOTOR VEHICLES IN TRANSPORT","01 - DRY","1 - STRAIGHT LEVEL","2 - BLACKTOP, BITUMINOUS, ASPHALT","HARTWELL","P - PEDESTRIAN","1 - CLEAR","45216",2,1.103,0.190920610668484,470072,39.210982030754,-84.4737532036584,"Hartwell",201193
"24XX GLENWAY AV",39.107244,-84.553095,"18-25","N/A","N/A","01/22/2015 08:45:00 PM +0000","01 - NOT AN INTERSECTION","2 - INJURY",2,"01/22/2015 11:57:00 PM +0000","THU","M - MALE","3 - NON-INCAPACITATING","CEC49DE6-DD6F-4F5E-A43A-68A748AA7AEB","4 - DARK - LIGHTED ROADWAY","155000910","1 - NOT COLLISION BETWEEN TWO MOTOR VEHICLES IN TRANSPORT","01 - DRY","2 - STRAIGHT GRADE","1 - CONCRETE","N/A","P - PEDESTRIAN","1 - CLEAR","45204",3,0.304,0.100908988400508,820026,39.1075002637913,-84.5528256545869,"Lower Price Hill",276431
"31XX READING RD",39.136176,-84.496477,"51-60","N/A","N/A","04/13/2015 10:10:00 AM +0000","02 - FOUR-WAY INTERSECTION","2 - INJURY",2,"04/13/2015 10:15:00 AM +0000","MON","M - MALE","3 - NON-INCAPACITATING","517CB6BE-5129-4348-B16E-05DC3E258F72","1 - DAYLIGHT","155005057","1 - NOT COLLISION BETWEEN TWO MOTOR VEHICLES IN TRANSPORT","01 - DRY","2 - STRAIGHT GRADE","2 - BLACKTOP, BITUMINOUS, ASPHALT","N/A","P - PEDESTRIAN","1 - CLEAR","45229",3,0.304,0.103160318257744,570039,39.1367426583912,-84.4963453276102,"Avondale",199345
"62XX MONTGOMERY RD",39.182834,-84.425109,"31-40","N/A","N/A","09/19/2013 10:00:00 AM +0000","01 - NOT AN INTERSECTION","2 - INJURY",2,"09/19/2013 10:09:00 AM +0000","THU","M - MALE","4 - INCAPACITATING","192AE0D1-7B8E-4EF2-9C72-EB2DA54CFF3E","1 - DAYLIGHT","135010295","1 - NOT COLLISION BETWEEN TWO MOTOR VEHICLES IN TRANSPORT","06 - WATER (STANDING, MOVING)","1 - STRAIGHT LEVEL","2 - BLACKTOP, BITUMINOUS, ASPHALT","N/A","P - PEDESTRIAN","4 - RAIN","45213",4,0.141,0.104096213341419,250060,39.1839431389191,-84.4240505646251,"Pleasant Ridge",202946
"3XX WILLIAM HOWARD",39.12922,-84.500573,"31-40","WALNUT HILLS","WALNUT HILLS","12/21/2017 10:49:37 PM +0000","02 - FOUR-WAY INTERSECTION","2 - INJURY",2,"12/21/2017 10:50:19 PM +0000","THU","M - MALE","3 - NON-INCAPACITATING","297894B8-27C7-4761-B99F-311EDE814645","4 - DARK - LIGHTED ROADWAY","175019428","1 - NOT COLLISION BETWEEN TWO MOTOR VEHICLES IN TRANSPORT","01 - DRY","2 - STRAIGHT GRADE","2 - BLACKTOP, BITUMINOUS, ASPHALT","AVONDALE","P - PEDESTRIAN","1 - CLEAR","45219",3,0.304,0.122628933634827,590036,39.1299942661819,-84.5008637531097,"Avondale",199345
"5XX E MARTIN LUTHER KING DR",39.133805,-84.498103,"41-50","N/A","N/A","03/26/2013 11:20:00 PM +0000","02 - FOUR-WAY INTERSECTION","2 - INJURY",2,"03/26/2013 11:27:00 PM +0000","TUE","F - FEMALE","3 - NON-INCAPACITATING","93B817C3-726C-4259-8654-1EE9CEBC406B","4 - DARK - LIGHTED ROADWAY","135003762","1 - NOT COLLISION BETWEEN TWO MOTOR VEHICLES IN TRANSPORT","01 - DRY","2 - STRAIGHT GRADE","1 - CONCRETE","N/A","P - PEDESTRIAN","1 - CLEAR","45219",3,0.304,0.179594807596472,580038,39.1344934850787,-84.4986045403314,"Avondale",199345
"23XX FERGUSON RD",39.127974,-84.599514,"UNDER 18","WESTWOOD","WESTWOOD","01/02/2018 10:30:00 PM +0000","10 - DRIVEWAY/ALLEY ACCESS","2 - INJURY",2,"02/03/2018 12:00:00 AM +0000","TUE","F - FEMALE","3 - NON-INCAPACITATING","F3909F32-2E16-46AC-B7B5-626DD2DA432C","4 - DARK - LIGHTED ROADWAY","185001681","1 - NOT COLLISION BETWEEN TWO MOTOR VEHICLES IN TRANSPORT","01 - DRY","4 - CURVE GRADE","2 - BLACKTOP, BITUMINOUS, ASPHALT","WESTWOOD","P - PEDESTRIAN","1 - CLEAR","45238",3,0.304,0.176019508893292,1030035,39.1277356297023,-84.600269123596,"Westwood",204284
"7XX SYCAMORE",39.105842,-84.509185,"51-60","DOWNTOWN","C. B. D. / RIVERFRONT","06/04/2013 12:37:00 PM +0000","02 - FOUR-WAY INTERSECTION","2 - INJURY",2,"06/04/2013 12:47:00 PM +0000","TUE","M - MALE","3 - NON-INCAPACITATING","A556C2BA-7662-4B9A-BC12-A55A14A9C8AB","1 - DAYLIGHT","135006815","1 - NOT COLLISION BETWEEN TWO MOTOR VEHICLES IN TRANSPORT","01 - DRY","2 - STRAIGHT GRADE","2 - BLACKTOP, BITUMINOUS, ASPHALT","DOWNTOWN","P - PEDESTRIAN","1 - CLEAR","45202",3,0.304,0.212349218642573,630025,39.1052469480212,-84.50990060469,"Central Business District",273189
"4XX ELBERON AV",39.098151,-84.567783,"31-40","N/A","N/A","07/04/2016 12:23:00 PM +0000","01 - NOT AN INTERSECTION","2 - INJURY",2,"07/04/2016 12:23:00 PM +0000","MON","M - MALE","4 - INCAPACITATING","96895D21-BA33-483B-9997-6FE7F01F3B9D","1 - DAYLIGHT","165010458","1 - NOT COLLISION BETWEEN TWO MOTOR VEHICLES IN TRANSPORT","02 - WET","4 - CURVE GRADE","2 - BLACKTOP, BITUMINOUS, ASPHALT","N/A","P - PEDESTRIAN","4 - RAIN","45205",4,0.141,0.10256271084703,890022,39.0984975088086,-84.5686401462676,"East Price Hill",273561
"61XX GLENWAY AV",39.142602,-84.621454,"31-40","WESTWOOD","WESTWOOD","11/06/2017 10:22:00 AM +0000","10 - DRIVEWAY/ALLEY ACCESS","2 - INJURY",2,"11/07/2017 01:00:00 PM +0000","MON","F - FEMALE","2 - POSSIBLE","9549C330-D741-4395-A0F9-E7536FBA4B28","1 - DAYLIGHT","175017091","1 - NOT COLLISION BETWEEN TWO MOTOR VEHICLES IN TRANSPORT","01 - DRY","1 - STRAIGHT LEVEL","1 - CONCRETE","WESTWOOD","P - PEDESTRIAN","1 - CLEAR","45211",2,1.103,0.0979862372564069,1120042,39.1434734741126,-84.6206020304284,"Westwood",204284
"61XX MONTGOMERY RD",39.182747,-84.426019,"26-30","N/A","N/A","11/04/2017 10:20:00 PM +0000","10 - DRIVEWAY/ALLEY ACCESS","2 - INJURY",2,"11/04/2017 10:54:00 PM +0000","SAT","M - MALE","3 - NON-INCAPACITATING","D8C1BBAB-9F07-4352-B055-5D5EB66688EB","4 - DARK - LIGHTED ROADWAY","175016977","1 - NOT COLLISION BETWEEN TWO MOTOR VEHICLES IN TRANSPORT","01 - DRY","1 - STRAIGHT LEVEL","2 - BLACKTOP, BITUMINOUS, ASPHALT","N/A","P - PEDESTRIAN","2 - CLOUDY","45213",3,0.304,0.0941196764546656,260059,39.1816953627268,-84.4263097742127,"Pleasant Ridge",202946
"36XX WARSAW AV",39.110715,-84.572288,"31-40","N/A","N/A","12/30/2015 04:12:00 PM +0000","01 - NOT AN INTERSECTION","2 - INJURY",2,"12/30/2015 04:23:00 PM +0000","WED","M - MALE","3 - NON-INCAPACITATING","2F0F9C29-BE3B-47A6-B439-0D55BD3A9F7C","1 - DAYLIGHT","155019049","1 - NOT COLLISION BETWEEN TWO MOTOR VEHICLES IN TRANSPORT","01 - DRY","1 - STRAIGHT LEVEL","2 - BLACKTOP, BITUMINOUS, ASPHALT","N/A","P - PEDESTRIAN","2 - CLOUDY","45205",3,0.304,0.168661136649588,910027,39.1097463415707,-84.5731585722005,"East Price Hill",273561
"37XX GLENWAY AV",39.113969,-84.575071,"31-40","EAST PRICE HILL","EAST PRICE HILL","10/09/2017 07:45:00 PM +0000","02 - FOUR-WAY INTERSECTION","2 - INJURY",2,"10/09/2017 07:45:00 PM +0000","MON","F - FEMALE","3 - NON-INCAPACITATING","1AB415BD-A59F-4206-9976-1385FF7311DE","4 - DARK - LIGHTED ROADWAY","175015321","1 - NOT COLLISION BETWEEN TWO MOTOR VEHICLES IN TRANSPORT","01 - DRY","1 - STRAIGHT LEVEL","2 - BLACKTOP, BITUMINOUS, ASPHALT","EAST PRICE HILL","P - PEDESTRIAN","1 - CLEAR","45205",3,0.304,0.102120491797152,920029,39.1142456914777,-84.5754177851081,"East Price Hill",273561
"9XX FREEMAN AV",39.105897,-84.532169,"31-40","N/A","N/A","02/21/2018 06:40:00 AM +0000","01 - NOT AN INTERSECTION","2 - INJURY",2,"02/21/2018 06:41:00 AM +0000","WED","F - FEMALE","4 - INCAPACITATING","88C3F8B0-6721-4485-A7B5-85A9A00ED1F9","2 - DAWN","185002554","1 - NOT COLLISION BETWEEN TWO MOTOR VEHICLES IN TRANSPORT","02 - WET","1 - STRAIGHT LEVEL","2 - BLACKTOP, BITUMINOUS, ASPHALT","N/A","P - PEDESTRIAN","4 - RAIN","45203",4,0.141,0.158848444558292,730025,39.1052506541541,-84.5324927357326,"Lower Price Hill",276431
"49XX KIRBY AV",39.178071,-84.554407,"31-40","MOUNT AIRY","MOUNT AIRY","08/22/2016 11:09:00 PM +0000","01 - NOT AN INTERSECTION","2 - INJURY",2,"08/22/2016 11:11:00 PM +0000","MON","M - MALE","3 - NON-INCAPACITATING","F1634BAB-16EA-4553-839A-88F3371E592D","5 - DARK – ROADWAY NOT LIGHTIED","165013515","1 - NOT COLLISION BETWEEN TWO MOTOR VEHICLES IN TRANSPORT","01 - DRY","2 - STRAIGHT GRADE","2 - BLACKTOP, BITUMINOUS, ASPHALT","MT. AIRY","P - PEDESTRIAN","1 - CLEAR","45223",3,0.304,0.200998418641755,830057,39.1772500653057,-84.5550848677607,"Mt. Airy",274620
"7XX W PETE ROSE WY",39.095231,-84.524102,"18-25","QUEENSGATE","QUEENSGATE","05/11/2014 02:04:00 AM +0000","01 - NOT AN INTERSECTION","2 - INJURY",2,"05/11/2014 02:04:00 AM +0000","SUN","M - MALE","4 - INCAPACITATING","0B10A69C-D15B-4578-925A-8F6A270B0C76","4 - DARK - LIGHTED ROADWAY","145003578","1 - NOT COLLISION BETWEEN TWO MOTOR VEHICLES IN TRANSPORT","01 - DRY","1 - STRAIGHT LEVEL","1 - CONCRETE","QUEENSGATE","P - PEDESTRIAN","1 - CLEAR","45203",4,0.141,0.0985930406362864,690021,39.0962496867373,-84.5234558830552,"Central Business District",273189
"51XX HAMILTON AV",39.185203,-84.545288,"31-40","N/A","N/A","04/30/2015 05:40:54 PM +0000","01 - NOT AN INTERSECTION","2 - INJURY",2,"04/30/2015 05:44:25 PM +0000","THU","F - FEMALE","3 - NON-INCAPACITATING","01DC28DA-0881-44CE-84FF-99A8B8AB5D14","1 - DAYLIGHT","155005949","1 - NOT COLLISION BETWEEN TWO MOTOR VEHICLES IN TRANSPORT","02 - WET","2 - STRAIGHT GRADE","2 - BLACKTOP, BITUMINOUS, ASPHALT","N/A","P - PEDESTRIAN","4 - RAIN","45224",3,0.304,0.153300677765609,790061,39.1862508586866,-84.5460480149778,"College Hill",200100
"8XX LEXINGTON AV",39.146161,-84.489341,"51-60","N/A","N/A","01/19/2016 09:05:00 AM +0000","03 - T-INTERSECTION","2 - INJURY",2,"01/19/2016 09:08:00 PM +0000","TUE","M - MALE","3 - NON-INCAPACITATING","B66D3471-B6E7-4585-AE16-EC9C58309767","4 - DARK - LIGHTED ROADWAY","165000932","1 - NOT COLLISION BETWEEN TWO MOTOR VEHICLES IN TRANSPORT","01 - DRY","1 - STRAIGHT LEVEL","2 - BLACKTOP, BITUMINOUS, ASPHALT","N/A","P - PEDESTRIAN","1 - CLEAR","45229",3,0.304,0.119648113355497,540043,39.1457399183515,-84.489567689776,"Avondale",199345
"13XX HERSCHEL AV",39.133251,-84.422831,"61-70","N/A","N/A","04/14/2017 08:55:00 AM +0000","01 - NOT AN INTERSECTION","2 - INJURY",2,"04/14/2017 10:36:51 AM +0000","FRI","F - FEMALE","2 - POSSIBLE","D48F9F34-9065-477E-B3FA-05F87C0AB369","1 - DAYLIGHT","175005423","1 - NOT COLLISION BETWEEN TWO MOTOR VEHICLES IN TRANSPORT","01 - DRY","2 - STRAIGHT GRADE","2 - BLACKTOP, BITUMINOUS, ASPHALT","N/A","P - PEDESTRIAN","1 - CLEAR","45208",2,1.103,0.174313113615834,240037,39.1321908457455,-84.4217913553882,"Mt. Lookout",274623
"25XX JEFFERSON AV",39.126951,-84.511048,"18-25","N/A","N/A","01/23/2017 06:54:00 AM +0000","02 - FOUR-WAY INTERSECTION","2 - INJURY",2,"01/23/2017 06:54:00 AM +0000","MON","F - FEMALE","2 - POSSIBLE","5FD027DA-50AA-4326-AC03-CDFAB3542D9C","2 - DAWN","175001095","1 - NOT COLLISION BETWEEN TWO MOTOR VEHICLES IN TRANSPORT","02 - WET","1 - STRAIGHT LEVEL","2 - BLACKTOP, BITUMINOUS, ASPHALT","N/A","P - PEDESTRIAN","4 - RAIN","45221",2,1.103,0.102353645738888,640035,39.1277475348877,-84.5121598176245,"CUF",273417
"34XX WERK RD",39.14144,-84.618183,"61-70","N/A","N/A","05/30/2014 11:07:00 AM +0000","01 - NOT AN INTERSECTION","1 - FATAL INJURY",1,"05/30/2014 11:08:00 AM +0000","FRI","F - FEMALE","5 - FATAL","C01DCEC4-33A2-45A3-A234-86CC34533240","1 - DAYLIGHT","145004108","1 - NOT COLLISION BETWEEN TWO MOTOR VEHICLES IN TRANSPORT","01 - DRY","1 - STRAIGHT LEVEL","2 - BLACKTOP, BITUMINOUS, ASPHALT","N/A","P - PEDESTRIAN","1 - CLEAR","45211",5,0.046,0.140543574912476,1110041,39.1412249989627,-84.6183428189162,"Westwood",204284
"49XX HAWAIIAN",39.185235,-84.562445,"31-40","MOUNT AIRY","MOUNT AIRY","07/06/2013 04:12:00 PM +0000","01 - NOT AN INTERSECTION","2 - INJURY",2,"07/06/2013 04:14:00 PM +0000","SAT","F - FEMALE","3 - NON-INCAPACITATING","777FDAA0-53B8-4EA0-B15A-53FE351C0257","1 - DAYLIGHT","135008251","1 - NOT COLLISION BETWEEN TWO MOTOR VEHICLES IN TRANSPORT","01 - DRY","2 - STRAIGHT GRADE","2 - BLACKTOP, BITUMINOUS, ASPHALT","MT. AIRY","P - PEDESTRIAN","1 - CLEAR","45223",3,0.304,0.109405002913809,860061,39.1862490263454,-84.5618625071679,"Mt. Airy",274620
"56XX WINNESTE",39.19077,-84.514678,"51-60","N/A","N/A","01/30/2013 06:32:00 PM +0000","02 - FOUR-WAY INTERSECTION","2 - INJURY",2,"01/30/2013 06:35:00 PM +0000","WED","M - MALE","2 - POSSIBLE","4E1DE5DE-F72E-4BE9-AA70-B6D7CAC8E48D","3 - DUSK","135001216","1 - NOT COLLISION BETWEEN TWO MOTOR VEHICLES IN TRANSPORT","01 - DRY","1 - STRAIGHT LEVEL","2 - BLACKTOP, BITUMINOUS, ASPHALT","N/A","P - PEDESTRIAN","1 - CLEAR","45232",2,1.103,0.15839790727383,650063,39.1907481141569,-84.5144190305201,"Winton Hills",276110
"X W 5TH ST",39.100194,-84.512872,"31-40","N/A","N/A","07/24/2017 04:10:00 PM +0000","02 - FOUR-WAY INTERSECTION","2 - INJURY",2,"07/24/2017 04:13:00 PM +0000","MON","M - MALE","2 - POSSIBLE","A07C94FB-3D50-471E-925F-716C561219C5","1 - DAYLIGHT","175010994","7 - SIDESWIPE, SAME DIRECTION","01 - DRY","1 - STRAIGHT LEVEL","1 - CONCRETE","N/A","P - PEDESTRIAN","1 - CLEAR","45202",2,1.103,0.129375284706794,640023,39.1007475108233,-84.5121598176799,"Central Business District",273189
"31XX EDEN AV",39.136728,-84.50521,"31-40","CORRYVILLE","CORRYVILLE","08/22/2014 09:58:38 AM +0000","03 - T-INTERSECTION","2 - INJURY",2,"08/22/2014 12:24:28 PM +0000","FRI","F - FEMALE","2 - POSSIBLE","DE96A802-064D-4F25-9511-1E1322C68350","1 - DAYLIGHT","145007651","1 - NOT COLLISION BETWEEN TWO MOTOR VEHICLES IN TRANSPORT","01 - DRY","1 - STRAIGHT LEVEL","2 - BLACKTOP, BITUMINOUS, ASPHALT","CORRYVILLE","P - PEDESTRIAN","2 - CLOUDY","45219",2,1.103,0.0928654907953208,610039,39.1367457111998,-84.5053821787705,"Corryville",200172
"33XX JEFFERSON",39.14117,-84.51379,"31-40","N/A","N/A","10/10/2013 05:30:00 PM +0000","02 - FOUR-WAY INTERSECTION","2 - INJURY",2,"10/11/2013 01:40:00 AM +0000","THU","M - MALE","3 - NON-INCAPACITATING","FCD4CB9A-FC36-4919-93BC-4901C045E1C9","1 - DAYLIGHT","135010992","1 - NOT COLLISION BETWEEN TWO MOTOR VEHICLES IN TRANSPORT","01 - DRY","2 - STRAIGHT GRADE","2 - BLACKTOP, BITUMINOUS, ASPHALT","N/A","P - PEDESTRIAN","1 - CLEAR","45220",3,0.304,0.111355137055013,650041,39.1412480702347,-84.5144190306163,"CUF",273417
"1XX E MEHRING WY",39.096528,-84.510335,"OVER 70","N/A","N/A","07/25/2018 09:45:00 AM +0000","01 - NOT AN INTERSECTION","2 - INJURY",2,"07/25/2018 09:46:00 AM +0000","WED","M - MALE","4 - INCAPACITATING","553A9F76-D7AF-4189-8FD4-0387F91115B0","1 - DAYLIGHT","185010323","1 - NOT COLLISION BETWEEN TWO MOTOR VEHICLES IN TRANSPORT","01 - DRY","1 - STRAIGHT LEVEL","2 - BLACKTOP, BITUMINOUS, ASPHALT","N/A","P - PEDESTRIAN","1 - CLEAR","45202",4,0.141,0.150154909578713,630021,39.0962469400188,-84.5099006047094,"Central Business District",273189
"18XX VINE ST",39.115978,-84.516447,"31-40","N/A","N/A","11/09/2013 07:19:00 PM +0000","01 - NOT AN INTERSECTION","2 - INJURY",2,"11/09/2013 07:19:00 PM +0000","SAT","F - FEMALE","4 - INCAPACITATING","5F55471D-39D2-4CCA-852F-0486E03D2B1F","4 - DARK - LIGHTED ROADWAY","135011877","1 - NOT COLLISION BETWEEN TWO MOTOR VEHICLES IN TRANSPORT","01 - DRY","1 - STRAIGHT LEVEL","2 - BLACKTOP, BITUMINOUS, ASPHALT","N/A","P - PEDESTRIAN","1 - CLEAR","45202",4,0.141,0.168576370115149,660030,39.1164985277923,-84.5166782437132,"Over-The-Rhine",202750
"47XX PROSPERITY PL",39.122501,-84.595821,"31-40","N/A","N/A","09/26/2015 01:25:00 PM +0000","01 - NOT AN INTERSECTION","2 - INJURY",2,"09/26/2015 01:48:00 PM +0000","SAT","F - FEMALE","2 - POSSIBLE","253DD350-C941-4B16-AD3B-C4512614D294","1 - DAYLIGHT","155013873","7 - SIDESWIPE, SAME DIRECTION","01 - DRY","2 - STRAIGHT GRADE","2 - BLACKTOP, BITUMINOUS, ASPHALT","N/A","P - PEDESTRIAN","2 - CLOUDY","45238",2,1.103,0.0994275434740682,1010033,39.1232378500599,-84.5957506989686,"West Price HIll",275981
"E 3RD ST",39.097908,-84.513443,"51-60","DOWNTOWN","C. B. D. / RIVERFRONT","08/25/2013 09:17:00 AM +0000","02 - FOUR-WAY INTERSECTION","2 - INJURY",2,"08/25/2013 09:20:00 AM +0000","SUN","F - FEMALE","3 - NON-INCAPACITATING","07959EF5-5CC2-46A7-A877-06A5898839F4","1 - DAYLIGHT","135009625","1 - NOT COLLISION BETWEEN TWO MOTOR VEHICLES IN TRANSPORT","01 - DRY","1 - STRAIGHT LEVEL","1 - CONCRETE","DOWNTOWN","P - PEDESTRIAN","1 - CLEAR","45202",3,0.304,0.190398872345146,650022,39.0984980320062,-84.5144190306992,"Central Business District",273189
"27XX PARK AV",39.128387,-84.48572,"31-40","WALNUT HILLS","WALNUT HILLS","02/03/2014 08:00:00 PM +0000","02 - FOUR-WAY INTERSECTION","2 - INJURY",2,"02/03/2014 08:55:00 PM +0000","MON","F - FEMALE","3 - NON-INCAPACITATING","5E795AA5-2ACF-44C1-9A09-EB1D3B03CBC2","6 - DARK – UNKNOWN ROADWAY LIGHTING","145000989","1 - NOT COLLISION BETWEEN TWO MOTOR VEHICLES IN TRANSPORT","01 - DRY","1 - STRAIGHT LEVEL","1 - CONCRETE","WALNUT HILLS","P - PEDESTRIAN","2 - CLOUDY","45206",3,0.304,0.122138324994126,520035,39.1277378537555,-84.4850492649372,"Walnut Hills",204112
"24XX HARRISON AV",39.140489,-84.581572,"18-25","WESTWOOD","WESTWOOD","01/31/2015 05:54:00 PM +0000","10 - DRIVEWAY/ALLEY ACCESS","2 - INJURY",2,"01/31/2015 06:07:00 PM +0000","SAT","M - MALE","3 - NON-INCAPACITATING","E7036E4A-A57D-4526-A819-549C0AD324B8","3 - DUSK","155001388","1 - NOT COLLISION BETWEEN TWO MOTOR VEHICLES IN TRANSPORT","01 - DRY","1 - STRAIGHT LEVEL","2 - BLACKTOP, BITUMINOUS, ASPHALT","WESTWOOD","P - PEDESTRIAN","1 - CLEAR","45211",3,0.304,0.136840227235836,950041,39.141243490866,-84.5821954235836,"Westwood",204284
"34XX BURNET",39.141897,-84.50097,"51-60","AVONDALE","AVONDALE","11/22/2013 01:34:11 PM +0000","02 - FOUR-WAY INTERSECTION","2 - INJURY",2,"11/22/2013 01:34:14 PM +0000","FRI","F - FEMALE","2 - POSSIBLE","12F9CB29-487A-4D6C-AA3A-116DBE8D2571","1 - DAYLIGHT","135012212","1 - NOT COLLISION BETWEEN TWO MOTOR VEHICLES IN TRANSPORT","02 - WET","1 - STRAIGHT LEVEL","2 - BLACKTOP, BITUMINOUS, ASPHALT","AVONDALE","P - PEDESTRIAN","4 - RAIN","45229",2,1.103,0.125824217348466,590041,39.1412442759061,-84.5008637530809,"Corryville",200172
"33XX WHITFIELD AV",39.142572,-84.552771,"UNDER 18","N/A","N/A","05/28/2018 09:35:00 AM +0000","02 - FOUR-WAY INTERSECTION","2 - INJURY",2,"05/28/2018 09:39:00 AM +0000","MON","F - FEMALE","3 - NON-INCAPACITATING","E5F53D4C-DF9C-4311-BD92-25E80E3A69EB","1 - DAYLIGHT","185007481","1 - NOT COLLISION BETWEEN TWO MOTOR VEHICLES IN TRANSPORT","01 - DRY","2 - STRAIGHT GRADE","2 - BLACKTOP, BITUMINOUS, ASPHALT","N/A","P - PEDESTRIAN","1 - CLEAR","45220",3,0.304,0.114838429146882,820042,39.1435002965346,-84.5528256545865,"East Westwood",273574
"29XX HARRISON AV",39.147798,-84.598658,"UNKNOWN","WESTWOOD","WESTWOOD","12/01/2017 03:26:46 PM +0000","01 - NOT AN INTERSECTION","3 - PROPERTY DAMAGE ONLY (PDO)",3,"12/01/2017 03:31:47 PM +0000","FRI","","1 - NO INJURY / NONE REPORTED","9CFFCEE0-171E-4348-83F1-E0113DACFEDC","1 - DAYLIGHT","175018357","1 - NOT COLLISION BETWEEN TWO MOTOR VEHICLES IN TRANSPORT","01 - DRY","1 - STRAIGHT LEVEL","2 - BLACKTOP, BITUMINOUS, ASPHALT","WESTWOOD","P - PEDESTRIAN","1 - CLEAR","45211",1,10.082,0.154838064281399,1020044,39.1479867799255,-84.5980099113622,"Westwood",204284
"5XX SYCAMORE ST",39.102141,-84.507493,"26-30","N/A","N/A","04/09/2015 06:54:00 AM +0000","02 - FOUR-WAY INTERSECTION","2 - INJURY",2,"04/09/2015 06:55:00 AM +0000","THU","F - FEMALE","4 - INCAPACITATING","2F35632F-4235-48A2-A2EC-3D39E29AE845","2 - DAWN","155004866","1 - NOT COLLISION BETWEEN TWO MOTOR VEHICLES IN TRANSPORT","02 - WET","1 - STRAIGHT LEVEL","2 - BLACKTOP, BITUMINOUS, ASPHALT","N/A","P - PEDESTRIAN","2 - CLOUDY","45202",4,0.141,0.109217539113694,620024,39.1029963356098,-84.5076413917523,"Central Business District",273189
"XX E MCMICKEN AV",39.114723,-84.513805,"UNDER 18","OTR","OVER-THE-RHINE","04/22/2016 04:50:00 PM +0000","01 - NOT AN INTERSECTION","3 - PROPERTY DAMAGE ONLY (PDO)",3,"04/22/2016 04:55:00 PM +0000","FRI","M - MALE","1 - NO INJURY / NONE REPORTED","62FE7BA5-7C66-4ACA-9611-6405AEEC1AD8","1 - DAYLIGHT","165006093","1 - NOT COLLISION BETWEEN TWO MOTOR VEHICLES IN TRANSPORT","01 - DRY","1 - STRAIGHT LEVEL","2 - BLACKTOP, BITUMINOUS, ASPHALT","OVER-THE-RHINE","P - PEDESTRIAN","1 - CLEAR","45202",1,10.082,0.0864149811913835,650029,39.1142480461222,-84.5144190306687,"Over-The-Rhine",202750
"64XX MONTGOMERY RD",39.187498,-84.416575,"61-70","N/A","N/A","07/19/2018 10:05:00 PM +0000","03 - T-INTERSECTION","2 - INJURY",2,"07/19/2018 10:05:00 PM +0000","THU","M - MALE","2 - POSSIBLE","D218738D-C294-40B8-ADF6-3DA3E68806CA","5 - DARK – ROADWAY NOT LIGHTED","185010038","1 - NOT COLLISION BETWEEN TWO MOTOR VEHICLES IN TRANSPORT","01 - DRY","1 - STRAIGHT LEVEL","2 - BLACKTOP, BITUMINOUS, ASPHALT","N/A","P - PEDESTRIAN","1 - CLEAR","45213",2,1.103,0.156120162393608,220062,39.1884362043033,-84.4172729367498,"Kennedy Heights",201559