"address_x","lat","long","age","community_council_neighborhood","cpd_neighborhood","crashdate","crashlocation","crashseverity","crashseverityid","datecrashreported","dayofweek","gender","injuries","instanceid","lightconditionsprimary","localreportno","mannerofcrash","roadconditionsprimary","roadcontour","roadsurface","sna_neighborhood","typeofperson","weather","zip","injury_type_num","cost","dist","cell_id","lat_cell","long_cell","hood","hood_id"
"4XX E 5TH ST",39.103067,-84.506531,"31-40","N/A","N/A","01/05/2016 07:55:00 AM +0000","02 - FOUR-WAY INTERSECTION","2 - INJURY",2,"01/05/2016 08:10:00 AM +0000","TUE","F - FEMALE","2 - POSSIBLE","96833700-F89F-4714-96E3-F2BDA0579F2C","1 - DAYLIGHT","165000159","1 - NOT COLLISION BETWEEN TWO MOTOR VEHICLES IN TRANSPORT","01 - DRY","1 - STRAIGHT LEVEL","2 - BLACKTOP, BITUMINOUS, ASPHALT","N/A","P - PEDESTRIAN","1 - CLEAR","45202",2,1.103,0.109217539113694,620024,39.1029963356098,-84.5076413917523,"Central Business District",273189
"4XX E 3RD ST",39.099324,-84.505236,"18-25","N/A","N/A","12/21/2017 04:25:00 PM +0000","02 - FOUR-WAY INTERSECTION","2 - INJURY",2,"12/21/2017 04:30:00 PM +0000","THU","F - FEMALE","3 - NON-INCAPACITATING","D6DE81D2-3856-4463-A3F5-1FF5EDDC6AC9","1 - DAYLIGHT","175019413","1 - NOT COLLISION BETWEEN TWO MOTOR VEHICLES IN TRANSPORT","01 - DRY","1 - STRAIGHT LEVEL","1 - CONCRETE","N/A","P - PEDESTRIAN","1 - CLEAR","45202",3,0.304,0.18987963955642,610022,39.0984956776372,-84.5053821788608,"Central Business District",273189
"1XX E CLIFTON AV",39.116361,-84.513701,"61-70","N/A","N/A","03/28/2017 10:30:00 AM +0000","01 - NOT AN INTERSECTION","2 - INJURY",2,"03/28/2017 10:34:00 AM +0000","TUE","F - FEMALE","2 - POSSIBLE","DEF731CE-5124-47C5-8A9F-30E83E074CBB","1 - DAYLIGHT","175004473","1 - NOT COLLISION BETWEEN TWO MOTOR VEHICLES IN TRANSPORT","01 - DRY","1 - STRAIGHT LEVEL","2 - BLACKTOP, BITUMINOUS, ASPHALT","N/A","P - PEDESTRIAN","1 - CLEAR","45202",2,1.103,0.156943580658457,650030,39.1164980481358,-84.5144190306643,"Over-The-Rhine",202750
"5XX ELBERON AV",39.101005,-84.567251,"18-25","EAST PRICE HILL","EAST PRICE HILL","01/24/2018 07:20:00 PM +0000","02 - FOUR-WAY INTERSECTION","2 - INJURY",2,"01/24/2018 07:22:00 PM +0000","WED","F - FEMALE","2 - POSSIBLE","15EE40B3-E8F6-42F9-B835-D07B60A9C771","4 - DARK - LIGHTED ROADWAY","185001260","1 - NOT COLLISION BETWEEN TWO MOTOR VEHICLES IN TRANSPORT","01 - DRY","1 - STRAIGHT LEVEL","2 - BLACKTOP, BITUMINOUS, ASPHALT","EAST PRICE HILL","P - PEDESTRIAN","1 - CLEAR","45205",2,1.103,0.200462189880794,880023,39.1007480340209,-84.5663809332542,"East Price Hill",273561
"30XX READING RD",39.13504,-84.496585,"OVER 70","N/A","N/A","08/14/2014 11:20:00 AM +0000","02 - FOUR-WAY INTERSECTION","2 - INJURY",2,"08/14/2014 11:25:00 AM +0000","THU","F - FEMALE","3 - NON-INCAPACITATING","809C8693-AAA0-4032-B6AE-369FC321AB34","1 - DAYLIGHT","145007287","1 - NOT COLLISION BETWEEN TWO MOTOR VEHICLES IN TRANSPORT","01 - DRY","1 - STRAIGHT LEVEL","2 - BLACKTOP, BITUMINOUS, ASPHALT","N/A","P - PEDESTRIAN","1 - CLEAR","45206",3,0.304,0.155582463186011,570038,39.1344926564727,-84.4963453276164,"Avondale",199345
"27XX JOHNSTONE PL",39.129206,-84.471771,"51-60","N/A","N/A","11/22/2017 04:41:21 PM +0000","03 - T-INTERSECTION","2 - INJURY",2,"11/22/2017 05:28:30 PM +0000","WED","F - FEMALE","3 - NON-INCAPACITATING","9C6538A1-F765-4DF3-AED3-0E579F8A00F5","3 - DUSK","175017921","1 - NOT COLLISION BETWEEN TWO MOTOR VEHICLES IN TRANSPORT","01 - DRY","1 - STRAIGHT LEVEL","2 - BLACKTOP, BITUMINOUS, ASPHALT","N/A","P - PEDESTRIAN","1 - CLEAR","45206",3,0.304,0.121017919131647,470037,39.132231970073,-84.4737532039372,"Evanston",200632
"36XX STETTINIUS",39.142578,-84.44882,"31-40","HYDE PARK","HYDE PARK","05/18/2013 09:40:00 PM +0000","02 - FOUR-WAY INTERSECTION","2 - INJURY",2,"05/18/2013 09:40:00 PM +0000","SAT","M - MALE","3 - NON-INCAPACITATING","EBE38A0E-4FB9-42AB-A5CA-6C80F9E86214","4 - DARK - LIGHTED ROADWAY","135006095","1 - NOT COLLISION BETWEEN TWO MOTOR VEHICLES IN TRANSPORT","01 - DRY","2 - STRAIGHT GRADE","2 - BLACKTOP, BITUMINOUS, ASPHALT","HYDE PARK","P - PEDESTRIAN","1 - CLEAR","45208",3,0.304,0.100961439432993,360042,39.1434651875289,-84.44890187748,"Hyde Park",201414
"29XX WESTKNOLLS LN",39.140211,-84.574861,"18-25","WESTWOOD","WESTWOOD","08/17/2018 06:25:00 PM +0000","01 - NOT AN INTERSECTION","2 - INJURY",2,"08/17/2018 08:45:00 PM +0000","FRI","M - MALE","3 - NON-INCAPACITATING","27E98037-782B-4D3F-99A4-B098FF6CA474","1 - DAYLIGHT","185011521","1 - NOT COLLISION BETWEEN TWO MOTOR VEHICLES IN TRANSPORT","01 - DRY","1 - STRAIGHT LEVEL","2 - BLACKTOP, BITUMINOUS, ASPHALT","WESTWOOD","P - PEDESTRIAN","1 - CLEAR","45211",3,0.304,0.100594626266541,920041,39.1412457151287,-84.5754177851371,"Westwood",204284
"2XX PIEDMONT AV",39.136301,-84.504113,"41-50","N/A","N/A","03/21/2016 10:01:00 AM +0000","10 - DRIVEWAY/ALLEY ACCESS","2 - INJURY",2,"03/21/2016 10:01:00 AM +0000","MON","F - FEMALE","3 - NON-INCAPACITATING","B6EF1966-619A-444F-8953-AAC6CE447228","1 - DAYLIGHT","165004203","1 - NOT COLLISION BETWEEN TWO MOTOR VEHICLES IN TRANSPORT","01 - DRY","1 - STRAIGHT LEVEL","2 - BLACKTOP, BITUMINOUS, ASPHALT","N/A","P - PEDESTRIAN","1 - CLEAR","45219",3,0.304,0.216960849201901,600039,39.136745013415,-84.5031229659084,"Corryville",200172
"39XX SPRING GROVE AV",39.159779,-84.538471,"18-25","N/A","N/A","12/27/2015 12:46:00 AM +0000","06 - FIVE-POINT, OR MORE","2 - INJURY",2,"12/27/2015 12:46:00 AM +0000","SUN","M - MALE","3 - NON-INCAPACITATING","4974A26E-1A38-44AE-941D-12320E67E25B","4 - DARK - LIGHTED ROADWAY","155018942","1 - NOT COLLISION BETWEEN TWO MOTOR VEHICLES IN TRANSPORT","02 - WET","1 - STRAIGHT LEVEL","2 - BLACKTOP, BITUMINOUS, ASPHALT","N/A","P - PEDESTRIAN","2 - CLOUDY","45223",3,0.304,0.151376409735632,760049,39.1592509650786,-84.5392703753254,"Northside",274791
"1XX W MCMILLAN ST",39.127509,-84.517401,"51-60","CUF - HEIGHTS","FAIRVIEW","04/07/2017 10:00:45 PM +0000","03 - T-INTERSECTION","2 - INJURY",2,"04/08/2017 09:50:06 AM +0000","FRI","F - FEMALE","2 - POSSIBLE","2433E520-1B4D-4311-A907-D6D5076276C2","4 - DARK - LIGHTED ROADWAY","175005103","1 - NOT COLLISION BETWEEN TWO MOTOR VEHICLES IN TRANSPORT","01 - DRY","1 - STRAIGHT LEVEL","2 - BLACKTOP, BITUMINOUS, ASPHALT","CUF","P - PEDESTRIAN","2 - CLOUDY","45219",2,1.103,0.183945045028763,660035,39.1277485378878,-84.5166782436926,"CUF",273417
"2XX BROADWAY ST",39.097696,-84.506063,"61-70","DOWNTOWN","C. B. D. / RIVERFRONT","07/26/2018 04:20:00 PM +0000","02 - FOUR-WAY INTERSECTION","2 - INJURY",2,"07/26/2018 11:15:00 PM +0000","THU","M - MALE","2 - POSSIBLE","0C554623-8650-499C-9947-1FF650043D5A","1 - DAYLIGHT","185010408","1 - NOT COLLISION BETWEEN TWO MOTOR VEHICLES IN TRANSPORT","01 - DRY","1 - STRAIGHT LEVEL","2 - BLACKTOP, BITUMINOUS, ASPHALT","DOWNTOWN","P - PEDESTRIAN","1 - CLEAR","45202",2,1.103,0.18987963955642,610022,39.0984956776372,-84.5053821788608,"Central Business District",273189
"3XX LUDLOW AV",39.143371,-84.520743,"OVER 70","CLIFTON","CLIFTON","05/18/2018 05:24:00 PM +0000","01 - NOT AN INTERSECTION","2 - INJURY",2,"05/18/2018 05:25:00 PM +0000","FRI","M - MALE","4 - INCAPACITATING","1A16C526-ABD2-491F-93F1-076FCF4C601B","1 - DAYLIGHT","185006964","1 - NOT COLLISION BETWEEN TWO MOTOR VEHICLES IN TRANSPORT","02 - WET","1 - STRAIGHT LEVEL","2 - BLACKTOP, BITUMINOUS, ASPHALT","CLIFTON","P - PEDESTRIAN","4 - RAIN","45220",4,0.141,0.110495035795511,680042,39.1434993806495,-84.5211966698527,"Clifton",200052
"19XX QUEBEC RD",39.121775,-84.570374,"UNDER 18","WEST PRICE HILL","WEST PRICE HILL","04/26/2015 02:21:00 PM +0000","10 - DRIVEWAY/ALLEY ACCESS","2 - INJURY",2,"04/26/2015 02:27:00 PM +0000","SUN","M - MALE","3 - NON-INCAPACITATING","A19C01AD-B64B-4057-9207-892A2D237958","1 - DAYLIGHT","155005720","1 - NOT COLLISION BETWEEN TWO MOTOR VEHICLES IN TRANSPORT","01 - DRY","2 - STRAIGHT GRADE","2 - BLACKTOP, BITUMINOUS, ASPHALT","EAST PRICE HILL","P - PEDESTRIAN","1 - CLEAR","45214",3,0.304,0.17634031042362,900032,39.1209969619916,-84.5708993592669,"West Price HIll",275981
"X W COURT ST",39.105684,-84.514566,"26-30","N/A","N/A","04/11/2015 12:00:00 PM +0000","02 - FOUR-WAY INTERSECTION","2 - INJURY",2,"06/10/2015 06:00:00 PM +0000","SAT","M - MALE","2 - POSSIBLE","4039C90D-22F3-45DB-86E0-23BC4E8BA86D","9 - UNKNOWN","155007928","1 - NOT COLLISION BETWEEN TWO MOTOR VEHICLES IN TRANSPORT","99 - UNKNOWN","1 - STRAIGHT LEVEL","2 - BLACKTOP, BITUMINOUS, ASPHALT","N/A","P - PEDESTRIAN","9 - OTHER/UNKNOWN","45202",2,1.103,0.153365071667684,650025,39.1052480380605,-84.5144190306861,"Central Business District",273189
"58XX MADISON RD",39.170055,-84.386136,"UNDER 18","N/A","N/A","10/08/2013 06:55:00 AM +0000","02 - FOUR-WAY INTERSECTION","2 - INJURY",2,"10/08/2013 06:59:00 AM +0000","TUE","M - MALE","3 - NON-INCAPACITATING","6101EFDC-8A6C-4E50-9E5C-DD21AD98BCC5","2 - DAWN","135010910","1 - NOT COLLISION BETWEEN TWO MOTOR VEHICLES IN TRANSPORT","01 - DRY","1 - STRAIGHT LEVEL","2 - BLACKTOP, BITUMINOUS, ASPHALT","N/A","P - PEDESTRIAN","1 - CLEAR","45227",3,0.304,0.205198934567421,80052,39.1658986369686,-84.3856440262091,"Madisonville",201948
"63XX HAMILTON AV",39.205361,-84.547592,"26-30","N/A","N/A","05/24/2013 08:00:00 PM +0000","01 - NOT AN INTERSECTION","1 - FATAL INJURY",1,"05/24/2013 08:00:00 PM +0000","FRI","M - MALE","5 - FATAL","83AA40E7-2D82-476A-B8AF-917F76FB907F","3 - DUSK","135006344","1 - NOT COLLISION BETWEEN TWO MOTOR VEHICLES IN TRANSPORT","01 - DRY","1 - STRAIGHT LEVEL","1 - CONCRETE","N/A","P - PEDESTRIAN","1 - CLEAR","45224",5,0.046,0.196073516807614,800069,39.2042507440357,-84.548307228187,"College Hill",200100
"16XX CENTRAL AV",39.112706,-84.522152,"18-25","WEST END","WEST  END","10/03/2013 01:36:00 PM +0000","02 - FOUR-WAY INTERSECTION","3 - PROPERTY DAMAGE ONLY (PDO)",3,"10/03/2013 01:36:00 PM +0000","THU","M - MALE","1 - NO INJURY / NONE REPORTED","3F6721EF-8BA8-4F84-A90A-C42B75F41B2D","1 - DAYLIGHT","135010760","1 - NOT COLLISION BETWEEN TWO MOTOR VEHICLES IN TRANSPORT","01 - DRY","1 - STRAIGHT LEVEL","2 - BLACKTOP, BITUMINOUS, ASPHALT","WEST END","P - PEDESTRIAN","2 - CLOUDY","45214",1,10.082,0.0987181944408309,680028,39.1119993522192,-84.5211966699035,"West End",276647
"35XX READING RD",39.144941,-84.490658,"UNDER 18","N/A","N/A","08/01/2013 12:58:00 PM +0000","01 - NOT AN INTERSECTION","2 - INJURY",2,"08/01/2013 12:58:00 PM +0000","THU","M - MALE","4 - INCAPACITATING","F7620C08-6132-493A-B350-835ABED59421","1 - DAYLIGHT","135008990","1 - NOT COLLISION BETWEEN TWO MOTOR VEHICLES IN TRANSPORT","01 - DRY","1 - STRAIGHT LEVEL","1 - CONCRETE","N/A","P - PEDESTRIAN","2 - CLOUDY","45229",4,0.141,0.119648113355497,540043,39.1457399183515,-84.489567689776,"Avondale",199345
"30XX BURNET AV",39.134466,-84.501526,"41-50","AVONDALE","AVONDALE","05/15/2018 01:12:00 PM +0000","01 - NOT AN INTERSECTION","2 - INJURY",2,"05/15/2018 01:12:00 PM +0000","TUE","F - FEMALE","3 - NON-INCAPACITATING","8FD1BA99-75F3-4CFE-8C3E-D8ACA723DDB2","1 - DAYLIGHT","185006759","1 - NOT COLLISION BETWEEN TWO MOTOR VEHICLES IN TRANSPORT","01 - DRY","1 - STRAIGHT LEVEL","1 - CONCRETE","AVONDALE","P - PEDESTRIAN","1 - CLEAR","45219",3,0.304,0.0990311442875128,590038,39.1344942700738,-84.5008637530982,"Avondale",199345
"19XX W NORTH BEND RD",39.202815,-84.556181,"UNDER 18","COLLEGE HILL","COLLEGE  HILL","03/08/2018 03:20:00 PM +0000","01 - NOT AN INTERSECTION","2 - INJURY",2,"03/08/2018 03:27:00 PM +0000","THU","M - MALE","3 - NON-INCAPACITATING","1B5F3A08-A878-445E-B39A-B41110ACBEC0","1 - DAYLIGHT","185003338","1 - NOT COLLISION BETWEEN TWO MOTOR VEHICLES IN TRANSPORT","01 - DRY","2 - STRAIGHT GRADE","2 - BLACKTOP, BITUMINOUS, ASPHALT","COLLEGE HILL","P - PEDESTRIAN","1 - CLEAR","45224",3,0.304,0.072902384534804,830068,39.202000087528,-84.5550848677632,"College Hill",200100
"26XX OBSERVATORY AV",39.138531,-84.443439,"31-40","N/A","N/A","03/03/2016 05:57:00 PM +0000","01 - NOT AN INTERSECTION","2 - INJURY",2,"03/03/2016 05:57:00 PM +0000","THU","M - MALE","2 - POSSIBLE","3AB1D6ED-305A-435F-919F-C4653FB67733","3 - DUSK","165003282","1 - NOT COLLISION BETWEEN TWO MOTOR VEHICLES IN TRANSPORT","02 - WET","1 - STRAIGHT LEVEL","2 - BLACKTOP, BITUMINOUS, ASPHALT","N/A","P - PEDESTRIAN","6 - SNOW","45208",2,1.103,0.174943254263428,340040,39.1389615647748,-84.4443834558779,"Hyde Park",201414
"60XX BELMONT AV",39.20096,-84.56206,"UNDER 18","N/A","N/A","03/07/2014 03:31:00 PM +0000","01 - NOT AN INTERSECTION","2 - INJURY",2,"03/07/2014 03:32:00 PM +0000","FRI","F - FEMALE","3 - NON-INCAPACITATING","F7C01B50-5C9C-44FC-BEBA-3BEED0B12751","1 - DAYLIGHT","145001876","1 - NOT COLLISION BETWEEN TWO MOTOR VEHICLES IN TRANSPORT","01 - DRY","1 - STRAIGHT LEVEL","2 - BLACKTOP, BITUMINOUS, ASPHALT","N/A","P - PEDESTRIAN","1 - CLEAR","45224",3,0.304,0.172125585974945,860068,39.2019990403577,-84.5618625071748,"College Hill",200100
"18XX FAIRMOUNT AV",39.129931,-84.554511,"31-40","N/A","N/A","05/21/2018 11:45:00 AM +0000","01 - NOT AN INTERSECTION","2 - INJURY",2,"05/21/2018 11:50:00 AM +0000","MON","F - FEMALE","2 - POSSIBLE","446341DE-1B52-4474-BDF6-1317D75C18E6","1 - DAYLIGHT","185007128","1 - NOT COLLISION BETWEEN TWO MOTOR VEHICLES IN TRANSPORT","01 - DRY","1 - STRAIGHT LEVEL","2 - BLACKTOP, BITUMINOUS, ASPHALT","N/A","P - PEDESTRIAN","1 - CLEAR","45214",2,1.103,0.200659242633107,830036,39.1300000226223,-84.5550848677559,"South Fairmount",203599
"47XX HAMILTON AV",39.18073,-84.543646,"UNDER 18","NORTHSIDE","COLLEGE  HILL","12/10/2013 03:00:13 PM +0000","01 - NOT AN INTERSECTION","3 - PROPERTY DAMAGE ONLY (PDO)",3,"12/10/2013 03:11:29 PM +0000","TUE","M - MALE","1 - NO INJURY / NONE REPORTED","4F777A6E-6EA1-4A1D-863E-8AE8E99931D2","1 - DAYLIGHT","135006767","5 - BACKING","03 - SNOW","1 - STRAIGHT LEVEL","2 - BLACKTOP, BITUMINOUS, ASPHALT","NORTHSIDE","P - PEDESTRIAN","1 - CLEAR","45223",1,10.082,0.193325359098758,780059,39.1817509418686,-84.5437888017594,"College Hill",200100
"25XX MONTANA AV",39.156749,-84.580234,"UNDER 18","N/A","N/A","02/15/2018 06:37:00 AM +0000","01 - NOT AN INTERSECTION","2 - INJURY",2,"02/15/2018 06:37:00 AM +0000","THU","M - MALE","4 - INCAPACITATING","CD829C8B-0444-4E68-B160-F5E06F3CEB49","4 - DARK - LIGHTED ROADWAY","185002283","1 - NOT COLLISION BETWEEN TWO MOTOR VEHICLES IN TRANSPORT","02 - WET","1 - STRAIGHT LEVEL","2 - BLACKTOP, BITUMINOUS, ASPHALT","N/A","P - PEDESTRIAN","4 - RAIN","45211",4,0.141,0.106321389296602,940048,39.1569942894829,-84.5799362108362,"Westwood",204284
"23XX CENTRAL PY",39.122051,-84.533233,"18-25","WEST END","WEST  END","02/18/2018 03:18:00 AM +0000","01 - NOT AN INTERSECTION","2 - INJURY",2,"02/18/2018 03:20:00 AM +0000","SUN","M - MALE","4 - INCAPACITATING","CD4A4022-2BED-449A-8BEC-CEDCF909C7FF","4 - DARK - LIGHTED ROADWAY","185002435","1 - NOT COLLISION BETWEEN TWO MOTOR VEHICLES IN TRANSPORT","02 - WET","3 - CURVE LEVEL","2 - BLACKTOP, BITUMINOUS, ASPHALT","WEST END","P - PEDESTRIAN","2 - CLOUDY","45214",4,0.141,0.0956416897690493,730032,39.1210006685541,-84.5324927357161,"West End",276647
"37XX WARSAW AV",39.114795,-84.577213,"UNDER 18","N/A","N/A","08/06/2013 09:30:00 PM +0000","01 - NOT AN INTERSECTION","2 - INJURY",2,"08/06/2013 09:35:00 PM +0000","TUE","M - MALE","4 - INCAPACITATING","AC2BF447-F2D7-4A78-91CA-F94E089B1BDC","4 - DARK - LIGHTED ROADWAY","135009146","1 - NOT COLLISION BETWEEN TWO MOTOR VEHICLES IN TRANSPORT","01 - DRY","1 - STRAIGHT LEVEL","2 - BLACKTOP, BITUMINOUS, ASPHALT","N/A","P - PEDESTRIAN","1 - CLEAR","45205",4,0.141,0.105555475259037,930029,39.1142449938065,-84.577676997968,"West Price HIll",275981
"25XX VINE ST",39.126901,-84.512011,"41-50","MOUNT AUBURN","MOUNT  AUBURN","06/06/2018 07:52:00 AM +0000","02 - FOUR-WAY INTERSECTION","2 - INJURY",2,"06/06/2018 07:54:00 AM +0000","WED","M - MALE","3 - NON-INCAPACITATING","D9839488-5E8A-4BFA-BC5D-651D483A611D","1 - DAYLIGHT","185007921","1 - NOT COLLISION BETWEEN TWO MOTOR VEHICLES IN TRANSPORT","01 - DRY","2 - STRAIGHT GRADE","2 - BLACKTOP, BITUMINOUS, ASPHALT","MT. AUBURN","P - PEDESTRIAN","1 - CLEAR","45219",3,0.304,0.102353645738888,640035,39.1277475348877,-84.5121598176245,"CUF",273417
"26XX GILBERT AV",39.127838,-84.503746,"18-25","MOUNT AUBURN","CORRYVILLE","10/28/2016 07:31:00 PM +0000","01 - NOT AN INTERSECTION","2 - INJURY",2,"10/28/2016 07:32:00 PM +0000","FRI","F - FEMALE","2 - POSSIBLE","5853D750-1A65-4D69-8E9B-924494E1A57C","4 - DARK - LIGHTED ROADWAY","165017861","1 - NOT COLLISION BETWEEN TWO MOTOR VEHICLES IN TRANSPORT","01 - DRY","1 - STRAIGHT LEVEL","1 - CONCRETE","CORRYVILLE","P - PEDESTRIAN","1 - CLEAR","45206",2,1.103,0.140647432171651,600035,39.1277450055828,-84.5031229659305,"Corryville",200172
"5XX GENESSEE ST",39.110617,-84.5242,"UNDER 18","WEST END","WEST  END","06/24/2013 05:18:00 PM +0000","01 - NOT AN INTERSECTION","2 - INJURY",2,"06/24/2013 05:18:00 PM +0000","MON","M - MALE","3 - NON-INCAPACITATING","9696841B-8C1D-4B9B-893E-85B97E384455","1 - DAYLIGHT","135007659","1 - NOT COLLISION BETWEEN TWO MOTOR VEHICLES IN TRANSPORT","01 - DRY","1 - STRAIGHT LEVEL","1 - CONCRETE","WEST END","P - PEDESTRIAN","1 - CLEAR","45214",3,0.304,0.103942761547829,690027,39.1097496990067,-84.5234558830349,"West End",276647
"60XX KENNEDY AV",39.182097,-84.414853,"UNDER 18","N/A","N/A","10/20/2013 07:55:00 PM +0000","01 - NOT AN INTERSECTION","2 - INJURY",2,"10/20/2013 07:56:00 PM +0000","SUN","F - FEMALE","4 - INCAPACITATING","22EECC40-65A4-4FD6-9104-54D6F4527952","4 - DARK - LIGHTED ROADWAY","135011292","1 - NOT COLLISION BETWEEN TWO MOTOR VEHICLES IN TRANSPORT","01 - DRY","2 - STRAIGHT GRADE","2 - BLACKTOP, BITUMINOUS, ASPHALT","N/A","P - PEDESTRIAN","1 - CLEAR","45213",4,0.141,0.048223686793913,210059,39.1816838019235,-84.4150137277904,"Kennedy Heights",201559
"XX W 9TH ST",39.105411,-84.515198,"31-40","N/A","N/A","04/25/2017 04:38:00 PM +0000","02 - FOUR-WAY INTERSECTION","2 - INJURY",2,"04/26/2017 10:53:53 AM +0000","TUE","F - FEMALE","4 - INCAPACITATING","2F05B44D-54C3-46B4-996A-D5BB2162B2E9","1 - DAYLIGHT","175006025","1 - NOT COLLISION BETWEEN TWO MOTOR VEHICLES IN TRANSPORT","01 - DRY","1 - STRAIGHT LEVEL","1 - CONCRETE","N/A","P - PEDESTRIAN","1 - CLEAR","45202",4,0.141,0.153365071667684,650025,39.1052480380605,-84.5144190306861,"Central Business District",273189
"16XX SECTION RD.",39.198068,-84.458305,"OVER 70","ROSELAWN","ROSELAWN","11/15/2016 09:20:00 AM +0000","02 - FOUR-WAY INTERSECTION","2 - INJURY",2,"11/15/2016 09:26:00 AM +0000","TUE","F - FEMALE","3 - NON-INCAPACITATING","6992525E-59AE-4C03-A4AC-3FE7585A6B93","1 - DAYLIGHT","165018930","1 - NOT COLLISION BETWEEN TWO MOTOR VEHICLES IN TRANSPORT","01 - DRY","1 - STRAIGHT LEVEL","2 - BLACKTOP, BITUMINOUS, ASPHALT","ROSELAWN","P - PEDESTRIAN","1 - CLEAR","45237",3,0.304,0.175658003852127,400066,39.1974719417316,-84.4579387218486,"Roselawn",203265
"2XX E LIBERTY ST",39.112471,-84.512481,"18-25","N/A","N/A","11/22/2017 07:22:00 PM +0000","02 - FOUR-WAY INTERSECTION","2 - INJURY",2,"11/22/2017 07:35:00 PM +0000","WED","F - FEMALE","2 - POSSIBLE","6B30848F-1889-4FE5-BFA4-0C2BFF2E7869","4 - DARK - LIGHTED ROADWAY","175017932","1 - NOT COLLISION BETWEEN TWO MOTOR VEHICLES IN TRANSPORT","01 - DRY","1 - STRAIGHT LEVEL","1 - CONCRETE","N/A","P - PEDESTRIAN","1 - CLEAR","45202",2,1.103,0.167756329929267,640028,39.1119975208634,-84.5121598176568,"Over-The-Rhine",202750
"12XX CALIFORNIA AV",39.176452,-84.477085,"31-40","N/A","N/A","05/01/2018 03:20:00 PM +0000","02 - FOUR-WAY INTERSECTION","2 - INJURY",2,"05/01/2018 03:20:00 PM +0000","TUE","F - FEMALE","2 - POSSIBLE","A663E8A4-0F81-43A4-ADCA-D2AD0F7D832B","1 - DAYLIGHT","185006035","1 - NOT COLLISION BETWEEN TWO MOTOR VEHICLES IN TRANSPORT","01 - DRY","1 - STRAIGHT LEVEL","1 - CONCRETE","N/A","P - PEDESTRIAN","1 - CLEAR","45237",2,1.103,0.154176845388863,480057,39.1772332699515,-84.4760124158241,"Bond Hill",199607
"1XX E CENTRAL PY",39.106625,-84.513549,"31-40","N/A","N/A","05/10/2013 01:37:00 PM +0000","02 - FOUR-WAY INTERSECTION","2 - INJURY",2,"05/10/2013 01:37:00 PM +0000","FRI","F - FEMALE","4 - INCAPACITATING","DAC0DA7B-5C66-40F5-A218-97EFB61CFBC7","1 - DAYLIGHT","135005694","1 - NOT COLLISION BETWEEN TWO MOTOR VEHICLES IN TRANSPORT","02 - WET","1 - STRAIGHT LEVEL","2 - BLACKTOP, BITUMINOUS, ASPHALT","N/A","P - PEDESTRIAN","4 - RAIN","45202",4,0.141,0.213835869601452,650026,39.107498040077,-84.5144190306818,"Over-The-Rhine",202750
"10XX W NORTH BEND RD",39.201384,-84.534055,"18-25","N/A","N/A","10/03/2014 07:00:00 AM +0000","03 - T-INTERSECTION","1 - FATAL INJURY",1,"10/03/2014 07:00:00 AM +0000","FRI","M - MALE","5 - FATAL","F3A8F6B2-13C0-414C-90D2-F14F1A063909","4 - DARK - LIGHTED ROADWAY","145009514","1 - NOT COLLISION BETWEEN TWO MOTOR VEHICLES IN TRANSPORT","02 - WET","1 - STRAIGHT LEVEL","2 - BLACKTOP, BITUMINOUS, ASPHALT","N/A","P - PEDESTRIAN","4 - RAIN","45224",5,0.046,0.190251280231663,740068,39.2020008729068,-84.5347519488466,"College Hill",200100
"1XX E CLIFTON AV",39.115128,-84.513756,"UNDER 18","N/A","N/A","09/25/2015 07:22:00 PM +0000","01 - NOT AN INTERSECTION","2 - INJURY",2,"09/25/2015 07:22:00 PM +0000","FRI","M - MALE","2 - POSSIBLE","CA3753F6-DF8E-43F5-B0C2-E85D9503A0B8","3 - DUSK","155013828","1 - NOT COLLISION BETWEEN TWO MOTOR VEHICLES IN TRANSPORT","01 - DRY","1 - STRAIGHT LEVEL","2 - BLACKTOP, BITUMINOUS, ASPHALT","N/A","P - PEDESTRIAN","1 - CLEAR","45202",2,1.103,0.0864149811913835,650029,39.1142480461222,-84.5144190306687,"Over-The-Rhine",202750
"55XX GLENWAY",39.131423,-84.609647,"61-70","WESTWOOD","WESTWOOD","12/17/2014 05:35:00 PM +0000","01 - NOT AN INTERSECTION","2 - INJURY",2,"12/17/2014 05:35:00 PM +0000","WED","M - MALE","2 - POSSIBLE","55268E2A-1E98-4A4A-8765-3E4FCA526B93","4 - DARK - LIGHTED ROADWAY","145013316","1 - NOT COLLISION BETWEEN TWO MOTOR VEHICLES IN TRANSPORT","01 - DRY","1 - STRAIGHT LEVEL","2 - BLACKTOP, BITUMINOUS, ASPHALT","WESTWOOD","P - PEDESTRIAN","1 - CLEAR","45238",2,1.103,0.167379371452999,1070037,39.1322306617585,-84.6093059719321,"Westwood",204284