"address_x","lat","long","age","community_council_neighborhood","cpd_neighborhood","crashdate","crashlocation","crashseverity","crashseverityid","datecrashreported","dayofweek","gender","injuries","instanceid","lightconditionsprimary","localreportno","mannerofcrash","roadconditionsprimary","roadcontour","roadsurface","sna_neighborhood","typeofperson","weather","zip","injury_type_num","cost","dist","cell_id","lat_cell","long_cell","hood","hood_id"
"21XX AUBURN AV",39.120425,-84.508056,"UNDER 18","N/A","N/A","02/27/2014 07:43:00 AM +0000","03 - T-INTERSECTION","2 - INJURY",2,"02/27/2014 07:45:00 AM +0000","THU","M - MALE","2 - POSSIBLE","141053FF-AC55-4A04-91AA-2856C155EF64","1 - DAYLIGHT","145001635","1 - NOT COLLISION BETWEEN TWO MOTOR VEHICLES IN TRANSPORT","01 - DRY","2 - STRAIGHT GRADE","2 - BLACKTOP, BITUMINOUS, ASPHALT","N/A","P - PEDESTRIAN","2 - CLOUDY","45219",2,1.103,0.130572903263238,620032,39.1209963515045,-84.5076413917116,"Mt. Auburn",274621
"42XX W 8TH ST",39.106841,-84.590171,"18-25","WEST PRICE HILL","WEST PRICE HILL","04/17/2016 03:18:00 PM +0000","01 - NOT AN INTERSECTION","2 - INJURY",2,"04/17/2016 04:13:29 PM +0000","SUN","M - MALE","4 - INCAPACITATING","C66B8E9D-85EB-476B-B084-56C21E511421","1 - DAYLIGHT","165005778","1 - NOT COLLISION BETWEEN TWO MOTOR VEHICLES IN TRANSPORT","01 - DRY","1 - STRAIGHT LEVEL","2 - BLACKTOP, BITUMINOUS, ASPHALT","WEST PRICE HILL","P - PEDESTRIAN","1 - CLEAR","45205",4,0.141,0.109938872306834,990026,39.1074898864418,-84.5912322740491,"West Price HIll",275981
"1XX W MCMILLAN",39.12788,-84.51648,"18-25","CUF - HEIGHTS","FAIRVIEW","11/06/2013 07:03:00 PM +0000","03 - T-INTERSECTION","2 - INJURY",2,"11/06/2013 07:03:00 PM +0000","WED","F - FEMALE","3 - NON-INCAPACITATING","6D9CE1D8-BD66-40B3-BEF3-F10F81660E21","4 - DARK - LIGHTED ROADWAY","135011774","1 - NOT COLLISION BETWEEN TWO MOTOR VEHICLES IN TRANSPORT","02 - WET","1 - STRAIGHT LEVEL","1 - CONCRETE","CUF","P - PEDESTRIAN","4 - RAIN","45219",3,0.304,0.183945045028763,660035,39.1277485378878,-84.5166782436926,"CUF",273417
"7XX WADE ST",39.111421,-84.526561,"UNDER 18","N/A","N/A","05/04/2016 07:01:00 PM +0000","01 - NOT AN INTERSECTION","2 - INJURY",2,"05/04/2016 07:09:00 PM +0000","WED","M - MALE","4 - INCAPACITATING","140C6EC9-8CAB-4108-832E-11E9ADF9FD34","1 - DAYLIGHT","165006905","1 - NOT COLLISION BETWEEN TWO MOTOR VEHICLES IN TRANSPORT","01 - DRY","1 - STRAIGHT LEVEL","2 - BLACKTOP, BITUMINOUS, ASPHALT","N/A","P - PEDESTRIAN","1 - CLEAR","45214",4,0.141,0.113837971614036,700028,39.1120000062748,-84.5257150961806,"West End",276647
"25XX WARSAW AV",39.107298,-84.555063,"OVER 70","N/A","N/A","12/09/2017 11:21:00 AM +0000","01 - NOT AN INTERSECTION","2 - INJURY",2,"12/09/2017 11:23:00 AM +0000","SAT","M - MALE","4 - INCAPACITATING","E68B4A05-FB9D-4705-83F5-006678DA6FF2","1 - DAYLIGHT","175018781","2 - REAR-END","01 - DRY","4 - CURVE GRADE","2 - BLACKTOP, BITUMINOUS, ASPHALT","N/A","P - PEDESTRIAN","2 - CLOUDY","45204",4,0.141,0.102384970942955,830026,39.1075000021773,-84.5550848677536,"East Price Hill",273561
"35XX DUCK CREEK RD",39.165291,-84.420728,"51-60","N/A","N/A","02/28/2015 05:50:00 PM +0000","02 - FOUR-WAY INTERSECTION","2 - INJURY",2,"02/28/2015 05:52:00 PM +0000","SAT","M - MALE","3 - NON-INCAPACITATING","BD129B14-DD56-498F-8E60-6B31A356903E","1 - DAYLIGHT","155002832","1 - NOT COLLISION BETWEEN TWO MOTOR VEHICLES IN TRANSPORT","01 - DRY","1 - STRAIGHT LEVEL","2 - BLACKTOP, BITUMINOUS, ASPHALT","N/A","P - PEDESTRIAN","1 - CLEAR","45213",3,0.304,0.132914560707764,240052,39.1659408618146,-84.4217913552594,"Madisonville",201948
"8XX WILLIAM HOWARD TAFT RD",39.128118,-84.491002,"51-60","WALNUT HILLS","WALNUT HILLS","09/15/2017 09:43:00 AM +0000","02 - FOUR-WAY INTERSECTION","2 - INJURY",2,"09/15/2017 09:43:00 AM +0000","FRI","F - FEMALE","2 - POSSIBLE","EBEB5E2D-3079-468B-B8D3-895BC71A05A7","1 - DAYLIGHT","175013967","1 - NOT COLLISION BETWEEN TWO MOTOR VEHICLES IN TRANSPORT","01 - DRY","1 - STRAIGHT LEVEL","2 - BLACKTOP, BITUMINOUS, ASPHALT","WALNUT HILLS","P - PEDESTRIAN","1 - CLEAR","45206",2,1.103,0.114663851473545,550035,39.1277408627559,-84.4918269023726,"Walnut Hills",204112
"15XX VINE ST",39.113006,-84.514816,"51-60","OTR","OVER-THE-RHINE","10/13/2015 04:45:00 PM +0000","01 - NOT AN INTERSECTION","2 - INJURY",2,"10/13/2015 04:47:00 PM +0000","TUE","M - MALE","3 - NON-INCAPACITATING","F00814B9-264D-4F58-ADD8-2FD178179A02","1 - DAYLIGHT","155014880","9 - UNKNOWN","01 - DRY","1 - STRAIGHT LEVEL","2 - BLACKTOP, BITUMINOUS, ASPHALT","OVER-THE-RHINE","P - PEDESTRIAN","1 - CLEAR","45202",3,0.304,0.215255452044015,650028,39.1119980441079,-84.5144190306731,"Over-The-Rhine",202750
"64XX MONTGOMERY RD",39.18652,-84.418231,"41-50","N/A","N/A","06/19/2017 07:55:00 PM +0000","01 - NOT AN INTERSECTION","2 - INJURY",2,"06/19/2017 07:56:00 PM +0000","MON","M - MALE","3 - NON-INCAPACITATING","544FEEBD-D540-4045-B8B0-581F86D6233B","1 - DAYLIGHT","175009192","1 - NOT COLLISION BETWEEN TWO MOTOR VEHICLES IN TRANSPORT","01 - DRY","1 - STRAIGHT LEVEL","2 - BLACKTOP, BITUMINOUS, ASPHALT","N/A","P - PEDESTRIAN","1 - CLEAR","45213",3,0.304,0.176641967245062,220061,39.1861862033143,-84.4172729367582,"Kennedy Heights",201559
"48XX WINNESTE AV",39.179785,-84.510796,"UNDER 18","N/A","N/A","11/09/2016 03:28:00 PM +0000","01 - NOT AN INTERSECTION","2 - INJURY",2,"11/09/2016 03:39:00 PM +0000","WED","M - MALE","3 - NON-INCAPACITATING","81707F84-B423-4AD2-8212-634B89787ED4","1 - DAYLIGHT","165018581","1 - NOT COLLISION BETWEEN TWO MOTOR VEHICLES IN TRANSPORT","01 - DRY","1 - STRAIGHT LEVEL","2 - BLACKTOP, BITUMINOUS, ASPHALT","N/A","P - PEDESTRIAN","1 - CLEAR","45232",3,0.304,0.102322643059582,630058,39.1794970135816,-84.5099006045301,"Winton Hills",276110
"36XX VINE ST",39.152681,-84.510598,"26-30","N/A","N/A","12/31/2016 03:19:00 PM +0000","01 - NOT AN INTERSECTION","2 - INJURY",2,"12/31/2016 03:20:00 PM +0000","SAT","F - FEMALE","4 - INCAPACITATING","6DBA5289-4820-4C50-9E97-DA9AC1C89AEF","1 - DAYLIGHT","165721838","1 - NOT COLLISION BETWEEN TWO MOTOR VEHICLES IN TRANSPORT","02 - WET","1 - STRAIGHT LEVEL","2 - BLACKTOP, BITUMINOUS, ASPHALT","N/A","P - PEDESTRIAN","4 - RAIN","45220",4,0.141,0.109431145288291,630046,39.1524969898362,-84.5099006045883,"Clifton",200052
"81XX DALY RD",39.214751,-84.531928,"31-40","COLLEGE HILL","COLLEGE  HILL","12/09/2017 07:09:00 PM +0000","01 - NOT AN INTERSECTION","2 - INJURY",2,"12/09/2017 07:10:00 PM +0000","SAT","M - MALE","3 - NON-INCAPACITATING","C33FB463-671C-4ACB-933B-B8A04A1AF48D","4 - DARK - LIGHTED ROADWAY","175018820","1 - NOT COLLISION BETWEEN TWO MOTOR VEHICLES IN TRANSPORT","03 - SNOW","2 - STRAIGHT GRADE","2 - BLACKTOP, BITUMINOUS, ASPHALT","COLLEGE HILL","P - PEDESTRIAN","6 - SNOW","45224",3,0.304,0.141585402020321,730074,39.2155007541559,-84.5324927356171,"College Hill",200100
"24XX HARRISON AV",39.141474,-84.581243,"31-40","N/A","N/A","06/29/2015 08:00:00 PM +0000","02 - FOUR-WAY INTERSECTION","2 - INJURY",2,"06/29/2015 08:22:00 PM +0000","MON","F - FEMALE","3 - NON-INCAPACITATING","6F49C64E-816D-4DDC-89CB-08DA689947A3","1 - DAYLIGHT","155008880","1 - NOT COLLISION BETWEEN TWO MOTOR VEHICLES IN TRANSPORT","01 - DRY","1 - STRAIGHT LEVEL","2 - BLACKTOP, BITUMINOUS, ASPHALT","N/A","P - PEDESTRIAN","1 - CLEAR","45211",3,0.304,0.136840227235836,950041,39.141243490866,-84.5821954235836,"Westwood",204284
"25XX W CLIFTON AV",39.12938,-84.51906,"18-25","N/A","N/A","05/20/2015 08:32:00 PM +0000","03 - T-INTERSECTION","2 - INJURY",2,"05/20/2015 08:32:00 PM +0000","WED","M - MALE","4 - INCAPACITATING","F690F846-03F7-46DA-901E-3CCF69B0828C","3 - DUSK","155006967","1 - NOT COLLISION BETWEEN TWO MOTOR VEHICLES IN TRANSPORT","01 - DRY","2 - STRAIGHT GRADE","2 - BLACKTOP, BITUMINOUS, ASPHALT","N/A","P - PEDESTRIAN","2 - CLOUDY","45219",4,0.141,0.160512971447994,670036,39.1299989759988,-84.5189374567681,"CUF",273417
"N I471 AT 5.4",39.10266,-84.497943,"26-30","N/A","N/A","09/25/2014 11:00:00 PM +0000","01 - NOT AN INTERSECTION","2 - INJURY",2,"09/25/2014 11:08:00 PM +0000","THU","M - MALE","3 - NON-INCAPACITATING","858927DA-5FFE-4993-9720-01E37B12BAAE","4 - DARK - LIGHTED ROADWAY","145009193","1 - NOT COLLISION BETWEEN TWO MOTOR VEHICLES IN TRANSPORT","01 - DRY","4 - CURVE GRADE","2 - BLACKTOP, BITUMINOUS, ASPHALT","N/A","P - PEDESTRIAN","1 - CLEAR","",3,0.304,0.106056699832568,580024,39.1029934579533,-84.498604540415,"Mt. Adams",274619
"XX E MCMICKEN AV",39.115559,-84.514714,"31-40","OTR","OVER-THE-RHINE","03/03/2016 08:26:00 PM +0000","01 - NOT AN INTERSECTION","2 - INJURY",2,"03/31/2016 11:22:16 AM +0000","THU","M - MALE","3 - NON-INCAPACITATING","1D3CF589-EFB2-403D-82E3-DEDE497F796E","3 - DUSK","165004720","1 - NOT COLLISION BETWEEN TWO MOTOR VEHICLES IN TRANSPORT","01 - DRY","1 - STRAIGHT LEVEL","2 - BLACKTOP, BITUMINOUS, ASPHALT","OVER-THE-RHINE","P - PEDESTRIAN","1 - CLEAR","45202",3,0.304,0.156943580658457,650030,39.1164980481358,-84.5144190306643,"Over-The-Rhine",202750
"78XX NEWBEDFORD AV",39.205228,-84.458426,"41-50","N/A","N/A","06/05/2014 09:05:04 AM +0000","03 - T-INTERSECTION","2 - INJURY",2,"06/05/2014 10:40:24 AM +0000","THU","M - MALE","3 - NON-INCAPACITATING","0DCC6F72-234F-41AC-8420-FA546B2573F7","1 - DAYLIGHT","145004345","1 - NOT COLLISION BETWEEN TWO MOTOR VEHICLES IN TRANSPORT","01 - DRY","2 - STRAIGHT GRADE","2 - BLACKTOP, BITUMINOUS, ASPHALT","N/A","P - PEDESTRIAN","1 - CLEAR","45237",3,0.304,0.0963100064041498,400069,39.2042219464197,-84.4579387218223,"Roselawn",203265
"20XX MADISON RD",39.132957,-84.462016,"26-30","N/A","N/A","03/25/2017 01:40:29 PM +0000","02 - FOUR-WAY INTERSECTION","2 - INJURY",2,"03/25/2017 01:50:47 PM +0000","SAT","F - FEMALE","3 - NON-INCAPACITATING","83842B20-E705-42E6-9F90-9D5E0DB3677C","1 - DAYLIGHT","175004326","1 - NOT COLLISION BETWEEN TWO MOTOR VEHICLES IN TRANSPORT","01 - DRY","1 - STRAIGHT LEVEL","1 - CONCRETE","N/A","P - PEDESTRIAN","1 - CLEAR","45208",3,0.304,0.152243490755282,420037,39.1322249924541,-84.4624571450151,"Evanston",200632
"34XX WARSAW AV",39.109525,-84.565509,"18-25","N/A","N/A","08/07/2017 04:38:00 PM +0000","10 - DRIVEWAY/ALLEY ACCESS","2 - INJURY",2,"08/07/2017 04:38:00 PM +0000","MON","M - MALE","3 - NON-INCAPACITATING","D0A95041-0896-4F6B-B403-7B26FE46EDA9","1 - DAYLIGHT","175011847","1 - NOT COLLISION BETWEEN TWO MOTOR VEHICLES IN TRANSPORT","01 - DRY","1 - STRAIGHT LEVEL","2 - BLACKTOP, BITUMINOUS, ASPHALT","N/A","P - PEDESTRIAN","1 - CLEAR","45205",3,0.304,0.171914246711242,880027,39.1097480420887,-84.5663809332601,"East Price Hill",273561
"12XX FIRST AV",39.114044,-84.578861,"26-30","WEST PRICE HILL","WEST PRICE HILL","09/17/2016 11:38:00 PM +0000","03 - T-INTERSECTION","2 - INJURY",2,"09/17/2016 11:45:00 PM +0000","SAT","F - FEMALE","3 - NON-INCAPACITATING","D1C20F10-950B-4CEF-8EBB-2438703F075B","4 - DARK - LIGHTED ROADWAY","165015196","1 - NOT COLLISION BETWEEN TWO MOTOR VEHICLES IN TRANSPORT","01 - DRY","1 - STRAIGHT LEVEL","2 - BLACKTOP, BITUMINOUS, ASPHALT","WEST PRICE HILL","P - PEDESTRIAN","1 - CLEAR","45205",3,0.304,0.210247943549201,940029,39.1142442525308,-84.5799362107818,"West Price HIll",275981
"8XX E PETE ROSE WY",39.101527,-84.49978,"41-50","N/A","N/A","02/08/2013 06:50:00 AM +0000","03 - T-INTERSECTION","2 - INJURY",2,"02/08/2013 06:53:00 AM +0000","FRI","F - FEMALE","2 - POSSIBLE","9BD6F2DC-086A-43DB-8F91-E8261F7C7B96","2 - DAWN","135001729","1 - NOT COLLISION BETWEEN TWO MOTOR VEHICLES IN TRANSPORT","02 - WET","1 - STRAIGHT LEVEL","2 - BLACKTOP, BITUMINOUS, ASPHALT","N/A","P - PEDESTRIAN","2 - CLOUDY","45202",2,1.103,0.110823600510468,590023,39.1007442408128,-84.5008637531845,"Central Business District",273189
"9XX ROCKDALE AV",39.143666,-84.484863,"UNDER 18","AVONDALE","AVONDALE","01/13/2015 07:00:00 AM +0000","03 - T-INTERSECTION","2 - INJURY",2,"01/14/2015 02:47:34 PM +0000","TUE","M - MALE","2 - POSSIBLE","52C1EDCA-284E-4D57-A1E9-A60F0BC2701D","2 - DAWN","155000576","1 - NOT COLLISION BETWEEN TWO MOTOR VEHICLES IN TRANSPORT","01 - DRY","1 - STRAIGHT LEVEL","2 - BLACKTOP, BITUMINOUS, ASPHALT","AVONDALE","P - PEDESTRIAN","2 - CLOUDY","45229",2,1.103,0.0967594770335076,520042,39.1434878666376,-84.4850492648871,"Avondale",199345
"5XX RACE ST",39.100215,-84.515296,"18-25","N/A","N/A","02/02/2018 12:00:00 PM +0000","02 - FOUR-WAY INTERSECTION","2 - INJURY",2,"02/02/2018 12:03:00 PM +0000","FRI","F - FEMALE","3 - NON-INCAPACITATING","0220FE6D-4571-4F58-B1D6-5D44ED825D7B","1 - DAYLIGHT","185001625","1 - NOT COLLISION BETWEEN TWO MOTOR VEHICLES IN TRANSPORT","01 - DRY","1 - STRAIGHT LEVEL","2 - BLACKTOP, BITUMINOUS, ASPHALT","N/A","P - PEDESTRIAN","1 - CLEAR","45202",3,0.304,0.161026622116359,650023,39.100748034025,-84.5144190306949,"Central Business District",273189
"14XX WALNUT ST",39.111018,-84.514508,"31-40","OTR","OVER-THE-RHINE","05/15/2018 08:27:00 AM +0000","02 - FOUR-WAY INTERSECTION","2 - INJURY",2,"05/15/2018 08:27:00 AM +0000","TUE","F - FEMALE","4 - INCAPACITATING","C057D948-9EB1-4463-B803-9539D409AEB3","1 - DAYLIGHT","185006752","1 - NOT COLLISION BETWEEN TWO MOTOR VEHICLES IN TRANSPORT","01 - DRY","1 - STRAIGHT LEVEL","2 - BLACKTOP, BITUMINOUS, ASPHALT","OVER-THE-RHINE","P - PEDESTRIAN","1 - CLEAR","45202",4,0.141,0.215255452044015,650028,39.1119980441079,-84.5144190306731,"Over-The-Rhine",202750
"6XX SEDAM ST",39.089308,-84.569499,"51-60","N/A","N/A","07/26/2018 02:02:00 PM +0000","01 - NOT AN INTERSECTION","2 - INJURY",2,"07/26/2018 02:03:00 PM +0000","THU","M - MALE","3 - NON-INCAPACITATING","F17E9AA2-CCD9-4C2E-8E2B-0669ADF89DFB","1 - DAYLIGHT","185010389","1 - NOT COLLISION BETWEEN TWO MOTOR VEHICLES IN TRANSPORT","01 - DRY","1 - STRAIGHT LEVEL","1 - CONCRETE","N/A","P - PEDESTRIAN","1 - CLEAR","45204",3,0.304,0.107743543766352,890018,39.08949750076,-84.5686401462607,"Sedamsville",203427
"83XX ANTHONY WAYNE",39.215241,-84.463205,"51-60","N/A","N/A","04/13/2014 12:00:00 AM +0000","01 - NOT AN INTERSECTION","2 - INJURY",2,"04/13/2014 09:11:00 PM +0000","SUN","M - MALE","2 - POSSIBLE","B4EF1F87-A240-4249-B6A6-AFB42158F26B","4 - DARK - LIGHTED ROADWAY","145002835","1 - NOT COLLISION BETWEEN TWO MOTOR VEHICLES IN TRANSPORT","01 - DRY","1 - STRAIGHT LEVEL","2 - BLACKTOP, BITUMINOUS, ASPHALT","N/A","P - PEDESTRIAN","1 - CLEAR","45216",2,1.103,0.150409435942708,420074,39.2154750523954,-84.4624571446978,"Hartwell",201193
"32XX BROTHERTON RD",39.155061,-84.427606,"UNDER 18","N/A","N/A","03/11/2013 07:10:00 AM +0000","02 - FOUR-WAY INTERSECTION","2 - INJURY",2,"03/18/2013 08:00:00 PM +0000","MON","F - FEMALE","3 - NON-INCAPACITATING","EF9F86FE-3E75-4B7B-965D-15623C4E6FA7","2 - DAWN","135003430","1 - NOT COLLISION BETWEEN TWO MOTOR VEHICLES IN TRANSPORT","02 - WET","1 - STRAIGHT LEVEL","2 - BLACKTOP, BITUMINOUS, ASPHALT","N/A","P - PEDESTRIAN","4 - RAIN","45209",3,0.304,0.14972068558869,270047,39.1546975298984,-84.4285689840395,"Oakley",202657
"10XX GRANDIN RIDGE DR",39.127225,-84.439383,"OVER 70","N/A","N/A","10/26/2016 01:51:00 PM +0000","01 - NOT AN INTERSECTION","2 - INJURY",2,"10/26/2016 01:51:00 PM +0000","WED","M - MALE","3 - NON-INCAPACITATING","3594F539-0A46-4B0F-88D3-AA8B57DD8997","1 - DAYLIGHT","165017727","1 - NOT COLLISION BETWEEN TWO MOTOR VEHICLES IN TRANSPORT","01 - DRY","4 - CURVE GRADE","2 - BLACKTOP, BITUMINOUS, ASPHALT","N/A","P - PEDESTRIAN","1 - CLEAR","45208",3,0.304,0.170534334090184,320035,39.1277077637597,-84.4398650347789,"Hyde Park",201414
"36XX NORTHDALE PL",39.182419,-84.415031,"61-70","N/A","N/A","01/09/2015 07:00:00 PM +0000","03 - T-INTERSECTION","2 - INJURY",2,"01/09/2015 07:08:00 PM +0000","FRI","MALE","2 - POSSIBLE","1AF0CC91-946F-48EB-AAE7-10BF783F8CC8","6 - DARK – UNKNOWN ROADWAY LIGHTING","155000369","1 - NOT COLLISION BETWEEN TWO MOTOR VEHICLES IN TRANSPORT","01 - DRY","1 - STRAIGHT LEVEL","2 - BLACKTOP, BITUMINOUS, ASPHALT","N/A","P - PEDESTRIAN","1 - CLEAR","45213",2,1.103,0.048223686793913,210059,39.1816838019235,-84.4150137277904,"Kennedy Heights",201559
"41XX W 8TH",39.108313,-84.588174,"26-30","N/A","N/A","02/12/2015 12:38:00 PM +0000","03 - T-INTERSECTION","2 - INJURY",2,"02/12/2015 12:42:00 PM +0000","THU","F - FEMALE","2 - POSSIBLE","8106649E-4F30-4B4A-B02F-3FD3C0293F61","1 - DAYLIGHT","155001924","1 - NOT COLLISION BETWEEN TWO MOTOR VEHICLES IN TRANSPORT","01 - DRY","1 - STRAIGHT LEVEL","1 - CONCRETE","N/A","P - PEDESTRIAN","2 - CLOUDY","45205",2,1.103,0.118737355299214,980026,39.1074908456924,-84.5889730615085,"West Price HIll",275981
"2XX GLENMARY AV",39.144911,-84.518631,"OVER 70","N/A","N/A","01/24/2015 10:59:00 AM +0000","03 - T-INTERSECTION","2 - INJURY",2,"01/24/2015 11:00:00 AM +0000","SAT","M - MALE","4 - INCAPACITATING","AEB75700-D8CB-4D55-8FBA-8CF1395CF764","1 - DAYLIGHT","155000960","1 - NOT COLLISION BETWEEN TWO MOTOR VEHICLES IN TRANSPORT","01 - DRY","2 - STRAIGHT GRADE","2 - BLACKTOP, BITUMINOUS, ASPHALT","N/A","P - PEDESTRIAN","1 - CLEAR","45220",4,0.141,0.131548250629445,670043,39.145748990145,-84.518937456741,"Clifton",200052
"19XX HARRISON AV",39.132081,-84.563575,"31-40","N/A","N/A","12/24/2016 04:27:00 PM +0000","01 - NOT AN INTERSECTION","2 - INJURY",2,"12/24/2016 04:27:00 PM +0000","SAT","M - MALE","3 - NON-INCAPACITATING","FCB80149-F1B0-4933-BE56-E02B260582D1","1 - DAYLIGHT","165021511","1 - NOT COLLISION BETWEEN TWO MOTOR VEHICLES IN TRANSPORT","01 - DRY","2 - STRAIGHT GRADE","2 - BLACKTOP, BITUMINOUS, ASPHALT","N/A","P - PEDESTRIAN","2 - CLOUDY","45214",3,0.304,0.160937067768645,870037,39.132248541917,-84.5641217202243,"South Fairmount",203599
"X W SEYMOUR AV",39.194411,-84.480901,"UNKNOWN","CARTHAGE","CARTHAGE","01/06/2015 07:03:00 AM +0000","01 - NOT AN INTERSECTION","3 - PROPERTY DAMAGE ONLY (PDO)",3,"01/06/2015 07:05:00 AM +0000","TUE","","1 - NO INJURY / NONE REPORTED","9639D12D-99EF-4689-839E-3EC2BABE597A","4 - DARK - LIGHTED ROADWAY","155000193","1 - NOT COLLISION BETWEEN TWO MOTOR VEHICLES IN TRANSPORT","03 - SNOW","1 - STRAIGHT LEVEL","2 - BLACKTOP, BITUMINOUS, ASPHALT","CARTHAGE","P - PEDESTRIAN","2 - CLOUDY","45216",1,10.082,0.184611660613781,500065,39.1952356835974,-84.4805308400933,"Carthage",199885
"19XX SAVANNAH WY",39.208119,-84.556143,"41-50","COLLEGE HILL","COLLEGE  HILL","01/05/2016 07:15:00 PM +0000","01 - NOT AN INTERSECTION","2 - INJURY",2,"01/05/2016 07:25:00 PM +0000","TUE","F - FEMALE","3 - NON-INCAPACITATING","03284AF2-4690-4326-9FC8-578EF36F977F","4 - DARK - LIGHTED ROADWAY","165000190","1 - NOT COLLISION BETWEEN TWO MOTOR VEHICLES IN TRANSPORT","01 - DRY","1 - STRAIGHT LEVEL","2 - BLACKTOP, BITUMINOUS, ASPHALT","COLLEGE HILL","P - PEDESTRIAN","1 - CLEAR","45224",3,0.304,0.123220126941605,830071,39.2087500935723,-84.5550848677639,"College Hill",200100
"30XX VERDIN AV",39.153735,-84.603727,"UNKNOWN","N/A","N/A","08/09/2013 12:07:00 PM +0000","03 - T-INTERSECTION","2 - INJURY",2,"08/09/2013 12:08:00 PM +0000","FRI","M - MALE","2 - POSSIBLE","ACE39755-A457-44B3-AC0F-1CB28117B83B","1 - DAYLIGHT","135009212","1 - NOT COLLISION BETWEEN TWO MOTOR VEHICLES IN TRANSPORT","01 - DRY","1 - STRAIGHT LEVEL","1 - CONCRETE","N/A","P - PEDESTRIAN","2 - CLOUDY","45211",2,1.103,0.127181482983904,1040047,39.1547344736649,-84.6025283358528,"Westwood",204284
"52XX EASTKNOLL CT",39.187615,-84.574083,"41-50","N/A","N/A","06/25/2018 11:35:00 PM +0000","01 - NOT AN INTERSECTION","2 - INJURY",2,"06/25/2018 11:38:00 PM +0000","MON","F - FEMALE","3 - NON-INCAPACITATING","AB5AEF7F-BC99-4FE2-9FFD-84CB9143CFB1","5 - DARK – ROADWAY NOT LIGHTED","185008873","1 - NOT COLLISION BETWEEN TWO MOTOR VEHICLES IN TRANSPORT","01 - DRY","1 - STRAIGHT LEVEL","2 - BLACKTOP, BITUMINOUS, ASPHALT","N/A","P - PEDESTRIAN","2 - CLOUDY","45239",3,0.304,0.107921722860371,910062,39.1884964106778,-84.573158572277,"Mt. Airy",274620
"21XX QUEEN CITY AV",39.128188,-84.573047,"41-50","SOUTH FAIRMOUNT","SOUTH  FAIRMOUNT","04/27/2018 07:10:00 AM +0000","03 - T-INTERSECTION","2 - INJURY",2,"04/27/2018 07:14:00 AM +0000","FRI","F - FEMALE","4 - INCAPACITATING","9C6BDD05-E3C6-4591-AA41-72687F6CABAD","1 - DAYLIGHT","185005815","1 - NOT COLLISION BETWEEN TWO MOTOR VEHICLES IN TRANSPORT","01 - DRY","1 - STRAIGHT LEVEL","2 - BLACKTOP, BITUMINOUS, ASPHALT","EAST PRICE HILL","P - PEDESTRIAN","1 - CLEAR","45214",4,0.141,0.171689048078817,910035,39.1277463574475,-84.573158572218,"South Fairmount",203599
"9XX RACE ST",39.105277,-84.514853,"26-30","N/A","N/A","08/15/2014 11:35:00 PM +0000","02 - FOUR-WAY INTERSECTION","2 - INJURY",2,"08/15/2014 11:38:00 PM +0000","FRI","F - FEMALE","2 - POSSIBLE","5479610C-FA04-4F06-99CC-8CC82C8C9C1D","4 - DARK - LIGHTED ROADWAY","145007359","1 - NOT COLLISION BETWEEN TWO MOTOR VEHICLES IN TRANSPORT","01 - DRY","1 - STRAIGHT LEVEL","2 - BLACKTOP, BITUMINOUS, ASPHALT","N/A","P - PEDESTRIAN","1 - CLEAR","45202",2,1.103,0.153365071667684,650025,39.1052480380605,-84.5144190306861,"Central Business District",273189
"34XX WARSAW",39.111158,-84.566285,"31-40","N/A","N/A","07/28/2013 03:05:00 PM +0000","01 - NOT AN INTERSECTION","2 - INJURY",2,"07/28/2013 03:07:00 PM +0000","SUN","M - MALE","2 - POSSIBLE","6E780256-0BBC-4596-A169-40749E4B93C1","1 - DAYLIGHT","135008909","1 - NOT COLLISION BETWEEN TWO MOTOR VEHICLES IN TRANSPORT","01 - DRY","2 - STRAIGHT GRADE","2 - BLACKTOP, BITUMINOUS, ASPHALT","N/A","P - PEDESTRIAN","1 - CLEAR","45205",2,1.103,0.19164982368532,880028,39.1119980441038,-84.5663809332616,"East Price Hill",273561
"1XX E FREEDOM WY",39.097418,-84.509853,"18-25","N/A","N/A","08/19/2017 02:50:00 AM +0000","01 - NOT AN INTERSECTION","2 - INJURY",2,"08/19/2017 02:50:00 AM +0000","SAT","M - MALE","3 - NON-INCAPACITATING","DE7C2CD2-AAAE-4DB9-B7D2-54B4B8C0F99F","4 - DARK - LIGHTED ROADWAY","175012385","1 - NOT COLLISION BETWEEN TWO MOTOR VEHICLES IN TRANSPORT","01 - DRY","1 - STRAIGHT LEVEL","1 - CONCRETE","N/A","P - PEDESTRIAN","1 - CLEAR","45202",3,0.304,0.195556727239186,630022,39.0984969420206,-84.5099006047046,"Central Business District",273189
"30XX COLERAIN",39.136585,-84.537095,"41-50","CAMP WASHINGTON","CAMP  WASHINGTON","03/04/2013 12:20:00 PM +0000","02 - FOUR-WAY INTERSECTION","2 - INJURY",2,"03/04/2013 12:30:00 PM +0000","MON","F - FEMALE","1 - NO INJURY / NONE REPORTED","9E4D78B2-94C2-44FC-8816-F2A702074BB1","1 - DAYLIGHT","135002786","1 - NOT COLLISION BETWEEN TWO MOTOR VEHICLES IN TRANSPORT","01 - DRY","1 - STRAIGHT LEVEL","2 - BLACKTOP, BITUMINOUS, ASPHALT","CAMP WASHINGTON","P - PEDESTRIAN","1 - CLEAR","45225",1,10.082,0.113401919099209,750039,39.1367509009735,-84.5370111621222,"Camp Washington",199841