"address_x","lat","long","age","community_council_neighborhood","cpd_neighborhood","crashdate","crashlocation","crashseverity","crashseverityid","datecrashreported","dayofweek","gender","injuries","instanceid","lightconditionsprimary","localreportno","mannerofcrash","roadconditionsprimary","roadcontour","roadsurface","sna_neighborhood","typeofperson","weather","zip","injury_type_num","cost","dist","cell_id","lat_cell","long_cell","hood","hood_id"
"2XX ERKENBRECHER AV",39.142965,-84.504326,"18-25","N/A","N/A","07/20/2016 08:00:00 AM +0000","10 - DRIVEWAY/ALLEY ACCESS","2 - INJURY",2,"07/20/2016 08:02:00 AM +0000","WED","F - FEMALE","2 - POSSIBLE","650F444B-7010-4528-ACEE-9233FA7049A8","1 - DAYLIGHT","165011384","1 - NOT COLLISION BETWEEN TWO MOTOR VEHICLES IN TRANSPORT","01 - DRY","1 - STRAIGHT LEVEL","1 - CONCRETE","N/A","P - PEDESTRIAN","1 - CLEAR","45229",2,1.103,0.102299784912335,610042,39.1434957171003,-84.5053821787546,"Avondale",199345
"23XX HARRISON",39.139569,-84.580309,"UNDER 18","WESTWOOD","WESTWOOD","01/23/2015 05:08:00 PM +0000","01 - NOT AN INTERSECTION","2 - INJURY",2,"01/23/2015 05:08:00 PM +0000","FRI","F - FEMALE","4 - INCAPACITATING","9D58749E-34E6-4DD2-B90B-61FD0F7E6E35","1 - DAYLIGHT","155000935","1 - NOT COLLISION BETWEEN TWO MOTOR VEHICLES IN TRANSPORT","01 - DRY","2 - STRAIGHT GRADE","2 - BLACKTOP, BITUMINOUS, ASPHALT","WESTWOOD","P - PEDESTRIAN","1 - CLEAR","45211",4,0.141,0.102128585628099,940040,39.1389942739565,-84.5799362108133,"Westwood",204284
"50XX RAVENNA ST",39.160216,-84.394801,"51-60","N/A","N/A","03/20/2015 01:30:00 PM +0000","03 - T-INTERSECTION","2 - INJURY",2,"03/20/2015 01:30:00 PM +0000","FRI","F - FEMALE","2 - POSSIBLE","43C1DDAE-912F-4328-8C77-3A90D3429C17","1 - DAYLIGHT","155003856","1 - NOT COLLISION BETWEEN TWO MOTOR VEHICLES IN TRANSPORT","01 - DRY","1 - STRAIGHT LEVEL","2 - BLACKTOP, BITUMINOUS, ASPHALT","N/A","P - PEDESTRIAN","1 - CLEAR","45227",2,1.103,0.180163551966964,120049,39.1591602383577,-84.3946808543317,"Madisonville",201948
"28XX WOODBURN AV",39.130507,-84.476096,"UNDER 18","N/A","N/A","09/17/2015 02:55:00 PM +0000","03 - T-INTERSECTION","2 - INJURY",2,"09/17/2015 02:57:00 PM +0000","THU","F - FEMALE","2 - POSSIBLE","CD8F6B2C-0700-4A92-BBFB-66A9DA0B93B7","1 - DAYLIGHT","155013369","1 - NOT COLLISION BETWEEN TWO MOTOR VEHICLES IN TRANSPORT","01 - DRY","1 - STRAIGHT LEVEL","2 - BLACKTOP, BITUMINOUS, ASPHALT","N/A","P - PEDESTRIAN","1 - CLEAR","45206",2,1.103,0.267033822660469,480037,39.1322332347665,-84.4760124159804,"Evanston",200632
"E I74 AT 17-4 MM",39.157992,-84.570631,"31-40","N/A","N/A","01/08/2016 03:03:00 PM +0000","01 - NOT AN INTERSECTION","2 - INJURY",2,"01/08/2016 03:03:00 PM +0000","FRI","F - FEMALE","4 - INCAPACITATING","E6AB670E-6A75-4813-9B02-73005447B0BB","1 - DAYLIGHT","165000336","1 - NOT COLLISION BETWEEN TWO MOTOR VEHICLES IN TRANSPORT","02 - WET","4 - CURVE GRADE","1 - CONCRETE","N/A","P - PEDESTRIAN","2 - CLOUDY","45225",4,0.141,0.115320280449848,900048,39.1569969937965,-84.5708993592982,"Westwood",204284
"5XX FOREST AV",39.146778,-84.497794,"UNDER 18","N/A","N/A","03/19/2013 02:51:00 PM +0000","02 - FOUR-WAY INTERSECTION","2 - INJURY",2,"03/19/2013 02:51:00 PM +0000","TUE","M - MALE","4 - INCAPACITATING","006FA9D9-D8B7-4FBE-A58E-E6F2150644BB","1 - DAYLIGHT","135003474","1 - NOT COLLISION BETWEEN TWO MOTOR VEHICLES IN TRANSPORT","01 - DRY","1 - STRAIGHT LEVEL","2 - BLACKTOP, BITUMINOUS, ASPHALT","N/A","P - PEDESTRIAN","1 - CLEAR","45229",4,0.141,0.112180131769979,580043,39.1457434947316,-84.4986045403015,"Avondale",199345
"35XX WARSAW AV",39.109362,-84.568344,"UNDER 18","EAST PRICE HILL","EAST PRICE HILL","05/09/2018 02:40:00 PM +0000","01 - NOT AN INTERSECTION","2 - INJURY",2,"05/09/2018 02:45:00 PM +0000","WED","F - FEMALE","3 - NON-INCAPACITATING","6DF3ACAD-01D9-479A-97C9-5775A740AE3A","1 - DAYLIGHT","185006447","1 - NOT COLLISION BETWEEN TWO MOTOR VEHICLES IN TRANSPORT","02 - WET","1 - STRAIGHT LEVEL","2 - BLACKTOP, BITUMINOUS, ASPHALT","EAST PRICE HILL","P - PEDESTRIAN","4 - RAIN","45205",3,0.304,0.196289340953965,890027,39.1097475188524,-84.5686401462761,"East Price Hill",273561
"2XX CALHOUN ST",39.129211,-84.517474,"18-25","CUF - HEIGHTS","FAIRVIEW","08/17/2016 09:35:00 PM +0000","01 - NOT AN INTERSECTION","2 - INJURY",2,"08/17/2016 09:37:00 PM +0000","WED","F - FEMALE","2 - POSSIBLE","1E866F11-DCCA-45F5-ACD5-15D7160AF2C1","4 - DARK - LIGHTED ROADWAY","165013180","1 - NOT COLLISION BETWEEN TWO MOTOR VEHICLES IN TRANSPORT","01 - DRY","1 - STRAIGHT LEVEL","2 - BLACKTOP, BITUMINOUS, ASPHALT","CUF","P - PEDESTRIAN","1 - CLEAR","45220",2,1.103,0.163632803522066,660036,39.1299985399047,-84.5166782436884,"CUF",273417
"7XX CENTRAL AV",39.103881,-84.520344,"26-30","N/A","N/A","12/18/2017 05:34:00 PM +0000","02 - FOUR-WAY INTERSECTION","2 - INJURY",2,"12/18/2017 05:36:00 PM +0000","MON","F - FEMALE","2 - POSSIBLE","9A566421-BBA4-4CB3-94DA-AE5ABC73CE7E","4 - DARK - LIGHTED ROADWAY","175019273","1 - NOT COLLISION BETWEEN TWO MOTOR VEHICLES IN TRANSPORT","02 - WET","1 - STRAIGHT LEVEL","1 - CONCRETE","N/A","P - PEDESTRIAN","4 - RAIN","45203",2,1.103,0.101817465626466,680024,39.1029993440687,-84.521196669918,"West End",276647
"XX W MCMILLAN ST",39.127056,-84.514113,"18-25","CUF - HEIGHTS","FAIRVIEW","03/25/2014 02:10:00 PM +0000","02 - FOUR-WAY INTERSECTION","2 - INJURY",2,"03/25/2014 02:10:00 PM +0000","TUE","F - FEMALE","2 - POSSIBLE","0B5F8FCE-DD2C-4336-89F2-AA92C706B569","1 - DAYLIGHT","145002332","1 - NOT COLLISION BETWEEN TWO MOTOR VEHICLES IN TRANSPORT","02 - WET","2 - STRAIGHT GRADE","1 - CONCRETE","CUF","P - PEDESTRIAN","6 - SNOW","45219",2,1.103,0.127656008258082,650035,39.1277480581921,-84.5144190306425,"CUF",273417
"38XX VINE",39.15619,-84.504698,"UNDER 18","N/A","N/A","01/16/2014 03:05:00 PM +0000","01 - NOT AN INTERSECTION","1 - FATAL INJURY",1,"01/16/2014 03:06:00 PM +0000","THU","F - FEMALE","4 - INCAPACITATING","B63FF103-9530-4303-9D48-89C2570DC9F3","1 - DAYLIGHT","145000444","1 - NOT COLLISION BETWEEN TWO MOTOR VEHICLES IN TRANSPORT","02 - WET","1 - STRAIGHT LEVEL","2 - BLACKTOP, BITUMINOUS, ASPHALT","N/A","P - PEDESTRIAN","6 - SNOW","45217",4,0.141,0.0932530652405595,610048,39.1569957288811,-84.5053821787227,"Clifton",200052
"22XX READING RD",39.122204,-84.501901,"UNDER 18","N/A","N/A","05/19/2015 10:04:00 PM +0000","01 - NOT AN INTERSECTION","2 - INJURY",2,"05/19/2015 10:04:00 PM +0000","TUE","M - MALE","4 - INCAPACITATING","7439BD94-186D-468F-9603-40447A7E98C8","4 - DARK - LIGHTED ROADWAY","155006927","1 - NOT COLLISION BETWEEN TWO MOTOR VEHICLES IN TRANSPORT","01 - DRY","4 - CURVE GRADE","2 - BLACKTOP, BITUMINOUS, ASPHALT","N/A","P - PEDESTRIAN","1 - CLEAR","45219",4,0.141,0.0999124656149406,590033,39.1232442603385,-84.5008637531269,"Walnut Hills",204112
"13XX HERSCHEL AV",39.132766,-84.420654,"41-50","N/A","N/A","11/14/2017 09:03:00 AM +0000","03 - T-INTERSECTION","3 - PROPERTY DAMAGE ONLY (PDO)",3,"11/14/2017 12:07:16 PM +0000","TUE","F - FEMALE","1 - NO INJURY / NONE REPORTED","A88763E6-DECC-4744-9973-40006304966A","1 - DAYLIGHT","175017452","1 - NOT COLLISION BETWEEN TWO MOTOR VEHICLES IN TRANSPORT","01 - DRY","1 - STRAIGHT LEVEL","2 - BLACKTOP, BITUMINOUS, ASPHALT","N/A","P - PEDESTRIAN","1 - CLEAR","45208",1,10.082,0.135016293642402,230037,39.132188534411,-84.4195321460983,"Mt. Lookout",274623
"10XX W NORTH BEND RD",39.202059,-84.532843,"61-70","N/A","N/A","08/28/2018 06:30:00 PM +0000","03 - T-INTERSECTION","2 - INJURY",2,"08/28/2018 06:56:00 PM +0000","TUE","M - MALE","3 - NON-INCAPACITATING","FBD2B963-28A1-4B37-973F-15BF9AEFFE82","1 - DAYLIGHT","185012883","1 - NOT COLLISION BETWEEN TWO MOTOR VEHICLES IN TRANSPORT","01 - DRY","1 - STRAIGHT LEVEL","2 - BLACKTOP, BITUMINOUS, ASPHALT","N/A","P - PEDESTRIAN","1 - CLEAR","45224",3,0.304,0.190251280231663,740068,39.2020008729068,-84.5347519488466,"College Hill",200100
"34XX WARSAW AV",39.110415,-84.565459,"UNKNOWN","EAST PRICE HILL","EAST PRICE HILL","08/14/2016 05:15:00 PM +0000","01 - NOT AN INTERSECTION","3 - PROPERTY DAMAGE ONLY (PDO)",3,"08/24/2016 05:35:00 PM +0000","SUN","","1 - NO INJURY / NONE REPORTED","9A751EE1-FE4E-4B09-A28D-79725873CE30","1 - DAYLIGHT","165013604","1 - NOT COLLISION BETWEEN TWO MOTOR VEHICLES IN TRANSPORT","01 - DRY","1 - STRAIGHT LEVEL","2 - BLACKTOP, BITUMINOUS, ASPHALT","EAST PRICE HILL","P - PEDESTRIAN","1 - CLEAR","45205",1,10.082,0.171914246711242,880027,39.1097480420887,-84.5663809332601,"East Price Hill",273561
"44XX GLENWAY",39.11295,-84.586548,"41-50","WEST PRICE HILL","WEST PRICE HILL","02/06/2013 03:00:00 PM +0000","10 - DRIVEWAY/ALLEY ACCESS","2 - INJURY",2,"02/06/2013 03:00:00 PM +0000","WED","M - MALE","3 - NON-INCAPACITATING","BC7F0044-CCF1-4A90-B5D3-FE17E9D564D9","1 - DAYLIGHT","135001665","1 - NOT COLLISION BETWEEN TWO MOTOR VEHICLES IN TRANSPORT","01 - DRY","1 - STRAIGHT LEVEL","2 - BLACKTOP, BITUMINOUS, ASPHALT","WEST PRICE HILL","P - PEDESTRIAN","1 - CLEAR","45205",3,0.304,0.108537508404258,970028,39.1119917651659,-84.5867138489149,"West Price HIll",275981
"45XX GLENWAY AV",39.113271,-84.592055,"31-40","N/A","N/A","01/23/2016 07:30:00 PM +0000","02 - FOUR-WAY INTERSECTION","2 - INJURY",2,"01/23/2016 07:50:00 PM +0000","SAT","F - FEMALE","3 - NON-INCAPACITATING","76D2B845-6DE2-4A52-B993-2A0F2925E61F","4 - DARK - LIGHTED ROADWAY","165001159","1 - NOT COLLISION BETWEEN TWO MOTOR VEHICLES IN TRANSPORT","01 - DRY","1 - STRAIGHT LEVEL","1 - CONCRETE","N/A","P - PEDESTRIAN","1 - CLEAR","45205",3,0.304,0.156112406141776,990029,39.1142398920864,-84.5912322740608,"West Price HIll",275981
"27XX PRICE AV",39.107565,-84.558414,"UNDER 18","N/A","N/A","10/11/2015 01:14:00 PM +0000","01 - NOT AN INTERSECTION","2 - INJURY",2,"10/11/2015 01:14:00 PM +0000","SUN","M - MALE","2 - POSSIBLE","A75233B2-115F-4EB9-9101-8B19D3390031","1 - DAYLIGHT","155014748","1 - NOT COLLISION BETWEEN TWO MOTOR VEHICLES IN TRANSPORT","01 - DRY","1 - STRAIGHT LEVEL","2 - BLACKTOP, BITUMINOUS, ASPHALT","N/A","P - PEDESTRIAN","1 - CLEAR","45204",2,1.103,0.150710433797287,840026,39.107499696961,-84.5573440809021,"East Price Hill",273561
"34XX VINE ST",39.141838,-84.509566,"UNDER 18","CORRYVILLE","CLIFTON","11/26/2016 09:13:00 PM +0000","03 - T-INTERSECTION","2 - INJURY",2,"11/26/2016 09:30:00 PM +0000","SAT","F - FEMALE","4 - INCAPACITATING","ED153047-C2FE-40CA-972B-1DA51312969E","4 - DARK - LIGHTED ROADWAY","165019675","1 - NOT COLLISION BETWEEN TWO MOTOR VEHICLES IN TRANSPORT","01 - DRY","3 - CURVE LEVEL","2 - BLACKTOP, BITUMINOUS, ASPHALT","CUF","P - PEDESTRIAN","2 - CLOUDY","45220",4,0.141,0.168719388245049,630041,39.1412469799104,-84.5099006046125,"Clifton",200052
"25XX TREVOR",39.134335,-84.552001,"31-40","N/A","N/A","02/04/2013 05:06:00 PM +0000","01 - NOT AN INTERSECTION","2 - INJURY",2,"02/04/2013 05:07:00 PM +0000","MON","M - MALE","3 - NON-INCAPACITATING","472D601C-7382-4B9A-9760-4E3A98C4418B","1 - DAYLIGHT","135001559","1 - NOT COLLISION BETWEEN TWO MOTOR VEHICLES IN TRANSPORT","02 - WET","2 - STRAIGHT GRADE","2 - BLACKTOP, BITUMINOUS, ASPHALT","N/A","P - PEDESTRIAN","6 - SNOW","45225",3,0.304,0.157517098701016,820038,39.1345002883673,-84.5528256545866,"North Fairmount",274707
"2XX W LIBERTY ST",39.11268,-84.518402,"26-30","OTR","OVER-THE-RHINE","11/19/2015 03:45:00 PM +0000","02 - FOUR-WAY INTERSECTION","2 - INJURY",2,"11/19/2015 03:50:00 PM +0000","THU","F - FEMALE","3 - NON-INCAPACITATING","C0A7AFED-9087-4CDA-9993-28FBAC32E83B","1 - DAYLIGHT","155016896","1 - NOT COLLISION BETWEEN TWO MOTOR VEHICLES IN TRANSPORT","01 - DRY","1 - STRAIGHT LEVEL","1 - CONCRETE","OVER-THE-RHINE","P - PEDESTRIAN","1 - CLEAR","45202",3,0.304,0.15278493931883,670028,39.1119989597858,-84.5189374567992,"Over-The-Rhine",202750
"82XX VINE ST",39.2099,-84.475573,"UNDER 18","HARTWELL","HARTWELL","06/16/2015 07:55:00 PM +0000","12 - SHARED-USE PATHS OR TRAILS","2 - INJURY",2,"06/16/2015 08:00:00 PM +0000","TUE","F - FEMALE","3 - NON-INCAPACITATING","ACFD3E98-17BB-47AB-8E73-DA8EA64F78F4","1 - DAYLIGHT","155008243","1 - NOT COLLISION BETWEEN TWO MOTOR VEHICLES IN TRANSPORT","02 - WET","1 - STRAIGHT LEVEL","2 - BLACKTOP, BITUMINOUS, ASPHALT","HARTWELL","P - PEDESTRIAN","4 - RAIN","45216",3,0.304,0.190920610668484,470072,39.210982030754,-84.4737532036584,"Hartwell",201193
"13XX WALNUT ST",39.109809,-84.512845,"18-25","OTR","OVER-THE-RHINE","04/03/2016 03:09:00 PM +0000","02 - FOUR-WAY INTERSECTION","2 - INJURY",2,"04/03/2016 03:09:00 PM +0000","SUN","F - FEMALE","3 - NON-INCAPACITATING","126B7237-9622-4E81-AE36-3B8E843822ED","1 - DAYLIGHT","165004946","1 - NOT COLLISION BETWEEN TWO MOTOR VEHICLES IN TRANSPORT","01 - DRY","1 - STRAIGHT LEVEL","2 - BLACKTOP, BITUMINOUS, ASPHALT","OVER-THE-RHINE","P - PEDESTRIAN","1 - CLEAR","45202",3,0.304,0.100690357949897,640027,39.1097475188569,-84.5121598176614,"Over-The-Rhine",202750
"43XX HAMILTON AV",39.167926,-84.541443,"UNDER 18","NORTHSIDE","NORTHSIDE","04/15/2016 02:38:47 PM +0000","01 - NOT AN INTERSECTION","2 - INJURY",2,"04/15/2016 02:38:56 PM +0000","FRI","M - MALE","2 - POSSIBLE","5DCB0306-297D-4089-B331-7C417C12B621","1 - DAYLIGHT","165005673","1 - NOT COLLISION BETWEEN TWO MOTOR VEHICLES IN TRANSPORT","01 - DRY","1 - STRAIGHT LEVEL","2 - BLACKTOP, BITUMINOUS, ASPHALT","NORTHSIDE","P - PEDESTRIAN","1 - CLEAR","45223",2,1.103,0.150991111106231,770053,39.1682509732542,-84.5415295885432,"Northside",274791
"19XX HIGHLAND AV",39.116869,-84.503534,"51-60","MOUNT AUBURN","MOUNT  AUBURN","08/22/2014 03:20:00 PM +0000","03 - T-INTERSECTION","2 - INJURY",2,"08/22/2014 03:21:00 PM +0000","FRI","F - FEMALE","3 - NON-INCAPACITATING","3FDE4D9A-E677-48C5-8F5A-562886CF4383","1 - DAYLIGHT","145007661","1 - NOT COLLISION BETWEEN TWO MOTOR VEHICLES IN TRANSPORT","01 - DRY","2 - STRAIGHT GRADE","2 - BLACKTOP, BITUMINOUS, ASPHALT","MT. AUBURN","P - PEDESTRIAN","1 - CLEAR","45202",3,0.304,0.201919718334942,600030,39.1164949957759,-84.5031229659582,"Mt. Auburn",274621
"37XX VINE ST",39.155755,-84.504441,"18-25","N/A","N/A","06/22/2013 04:18:36 AM +0000","01 - NOT AN INTERSECTION","2 - INJURY",2,"06/22/2013 04:48:43 AM +0000","SAT","M - MALE","2 - POSSIBLE","BE3CB88C-A23E-4991-BA80-445AF184BB5D","4 - DARK - LIGHTED ROADWAY","135007570","1 - NOT COLLISION BETWEEN TWO MOTOR VEHICLES IN TRANSPORT","01 - DRY","2 - STRAIGHT GRADE","2 - BLACKTOP, BITUMINOUS, ASPHALT","N/A","P - PEDESTRIAN","1 - CLEAR","45220",2,1.103,0.208751847381239,610047,39.1547457269195,-84.5053821787281,"Avondale",199345
"33XX SCHWARTZE",39.145183,-84.6133,"41-50","WESTWOOD","WESTWOOD","12/05/2013 07:10:00 AM +0000","03 - T-INTERSECTION","2 - INJURY",2,"12/05/2013 07:13:00 AM +0000","THU","F - FEMALE","2 - POSSIBLE","0486907F-5D14-45AF-81A8-C793C9C374D0","1 - DAYLIGHT","135012563","1 - NOT COLLISION BETWEEN TWO MOTOR VEHICLES IN TRANSPORT","02 - WET","1 - STRAIGHT LEVEL","2 - BLACKTOP, BITUMINOUS, ASPHALT","WESTWOOD","P - PEDESTRIAN","4 - RAIN","",2,1.103,0.15016330396205,1090043,39.1457279243836,-84.6138243956274,"Westwood",204284
"9XX GRAND AV",39.108574,-84.56084,"31-40","N/A","N/A","10/18/2013 02:50:00 PM +0000","01 - NOT AN INTERSECTION","2 - INJURY",2,"10/18/2013 02:50:00 PM +0000","FRI","M - MALE","2 - POSSIBLE","72DBC535-2F34-4A54-9606-9903F6DC7584","1 - DAYLIGHT","135011200","1 - NOT COLLISION BETWEEN TWO MOTOR VEHICLES IN TRANSPORT","01 - DRY","2 - STRAIGHT GRADE","2 - BLACKTOP, BITUMINOUS, ASPHALT","N/A","P - PEDESTRIAN","1 - CLEAR","45205",2,1.103,0.233965423642873,860026,39.1074989557216,-84.5618625071335,"East Price Hill",273561
"77XX READING",39.202953,-84.455952,"UNDER 18","N/A","N/A","06/09/2013 08:36:00 PM +0000","01 - NOT AN INTERSECTION","2 - INJURY",2,"06/09/2013 08:36:00 PM +0000","SUN","M - MALE","2 - POSSIBLE","0A0B8680-997F-42A0-95A5-C152648274BD","1 - DAYLIGHT","135007031","1 - NOT COLLISION BETWEEN TWO MOTOR VEHICLES IN TRANSPORT","01 - DRY","1 - STRAIGHT LEVEL","2 - BLACKTOP, BITUMINOUS, ASPHALT","N/A","P - PEDESTRIAN","1 - CLEAR","45237",2,1.103,0.157466855673239,390068,39.2019703304721,-84.4556795105242,"Roselawn",203265
"35XX EASTERN AV",39.115361,-84.438645,"UNDER 18","N/A","N/A","05/05/2016 09:05:00 AM +0000","01 - NOT AN INTERSECTION","2 - INJURY",2,"05/05/2016 09:20:00 AM +0000","THU","F - FEMALE","3 - NON-INCAPACITATING","CE0D9D37-3DCA-4AC3-AC45-16BF1F1354F5","1 - DAYLIGHT","165006912","1 - NOT COLLISION BETWEEN TWO MOTOR VEHICLES IN TRANSPORT","01 - DRY","1 - STRAIGHT LEVEL","2 - BLACKTOP, BITUMINOUS, ASPHALT","N/A","P - PEDESTRIAN","1 - CLEAR","45226",3,0.304,0.11727961538306,310030,39.1164557947662,-84.4376058244373,"Columbia-Tusculum",273334
"24XX READING RD",39.124143,-84.502691,"51-60","WALNUT HILLS","WALNUT HILLS","11/28/2015 07:15:00 PM +0000","02 - FOUR-WAY INTERSECTION","2 - INJURY",2,"11/28/2015 08:38:40 PM +0000","SAT","F - FEMALE","3 - NON-INCAPACITATING","40EBF4A7-3A14-4D46-BC3A-99C0034F80C5","5 - DARK – ROADWAY NOT LIGHTIED","155017407","1 - NOT COLLISION BETWEEN TWO MOTOR VEHICLES IN TRANSPORT","02 - WET","2 - STRAIGHT GRADE","2 - BLACKTOP, BITUMINOUS, ASPHALT","WALNUT HILLS","P - PEDESTRIAN","4 - RAIN","45206",3,0.304,0.0997933372543249,600033,39.1232450016623,-84.5031229659416,"Mt. Auburn",274621
"28XX STERRETT AV",39.113966,-84.558473,"51-60","N/A","N/A","03/30/2016 06:50:00 PM +0000","01 - NOT AN INTERSECTION","3 - PROPERTY DAMAGE ONLY (PDO)",3,"03/30/2016 06:53:00 PM +0000","WED","M - MALE","1 - NO INJURY / NONE REPORTED","1509FF73-2EE3-4FE4-BAF6-FC576E1BB09F","3 - DUSK","165004700","1 - NOT COLLISION BETWEEN TWO MOTOR VEHICLES IN TRANSPORT","01 - DRY","4 - CURVE GRADE","2 - BLACKTOP, BITUMINOUS, ASPHALT","N/A","P - PEDESTRIAN","1 - CLEAR","45204",1,10.082,0.111169164268368,840029,39.1142497030876,-84.5573440809036,"East Price Hill",273561
"27XX VINE ST",39.132137,-84.510254,"18-25","N/A","N/A","08/05/2017 07:35:00 PM +0000","01 - NOT AN INTERSECTION","3 - PROPERTY DAMAGE ONLY (PDO)",3,"08/05/2017 07:39:00 PM +0000","SAT","F - FEMALE","1 - NO INJURY / NONE REPORTED","33300E9C-DD62-4A57-B647-014031D5427E","1 - DAYLIGHT","175011723","1 - NOT COLLISION BETWEEN TWO MOTOR VEHICLES IN TRANSPORT","01 - DRY","1 - STRAIGHT LEVEL","2 - BLACKTOP, BITUMINOUS, ASPHALT","N/A","P - PEDESTRIAN","1 - CLEAR","45219",1,10.082,0.172033063209401,630037,39.1322469719562,-84.5099006046319,"Corryville",200172
"31XX READING RD",39.138126,-84.496038,"51-60","N/A","N/A","12/22/2017 06:51:00 AM +0000","02 - FOUR-WAY INTERSECTION","1 - FATAL INJURY",1,"12/22/2017 06:51:00 AM +0000","FRI","M - MALE","5 - FATAL","90F21CA2-F000-43FC-AA24-BAE69CF74484","4 - DARK - LIGHTED ROADWAY","175019438","1 - NOT COLLISION BETWEEN TWO MOTOR VEHICLES IN TRANSPORT","02 - WET","2 - STRAIGHT GRADE","2 - BLACKTOP, BITUMINOUS, ASPHALT","N/A","P - PEDESTRIAN","2 - CLOUDY","45229",5,0.046,0.10295924843202,570040,39.1389926603091,-84.496345327604,"Avondale",199345
"3XX PROBASCO ST",39.133861,-84.520971,"26-30","N/A","N/A","05/20/2017 10:13:00 PM +0000","03 - T-INTERSECTION","2 - INJURY",2,"05/20/2017 10:30:00 PM +0000","SAT","M - MALE","3 - NON-INCAPACITATING","7CCB3748-D112-47A3-AE86-A70B45708A3A","4 - DARK - LIGHTED ROADWAY","175007552","1 - NOT COLLISION BETWEEN TWO MOTOR VEHICLES IN TRANSPORT","02 - WET","1 - STRAIGHT LEVEL","2 - BLACKTOP, BITUMINOUS, ASPHALT","N/A","P - PEDESTRIAN","4 - RAIN","45220",3,0.304,0.128444795498199,680038,39.1344993725419,-84.5211966698672,"CUF",273417
"47XX KENARD AV",39.164806,-84.513681,"18-25","SPRING GROVE VILLAGE","SPRING GROVE VILLAGE","03/07/2017 06:40:00 PM +0000","01 - NOT AN INTERSECTION","2 - INJURY",2,"03/07/2017 06:40:00 PM +0000","TUE","F - FEMALE","3 - NON-INCAPACITATING","A47787A0-EA3E-4746-8B28-F629CBCE14A5","4 - DARK - LIGHTED ROADWAY","175003378","2 - REAR-END","02 - WET","1 - STRAIGHT LEVEL","2 - BLACKTOP, BITUMINOUS, ASPHALT","SPRING GROVE VILLAGE","P - PEDESTRIAN","1 - CLEAR","45232",3,0.304,0.166872939753995,650051,39.1637480902448,-84.5144190305725,"Winton Place",204406
"18XX PROVINCIAL CT",39.120045,-84.566002,"UNDER 18","N/A","N/A","07/23/2013 06:54:00 PM +0000","01 - NOT AN INTERSECTION","2 - INJURY",2,"07/23/2013 06:54:00 PM +0000","TUE","F - FEMALE","3 - NON-INCAPACITATING","4BCB3D9C-D0B2-4E66-995C-9C67ABE27389","1 - DAYLIGHT","135008792","1 - NOT COLLISION BETWEEN TWO MOTOR VEHICLES IN TRANSPORT","01 - DRY","4 - CURVE GRADE","2 - BLACKTOP, BITUMINOUS, ASPHALT","N/A","P - PEDESTRIAN","1 - CLEAR","45214",3,0.304,0.163597537577195,880032,39.1209980521565,-84.5663809332675,"East Price Hill",273561
"7XX GREENWOOD AV",39.153534,-84.488997,"UNDER 18","N/A","N/A","02/19/2018 06:35:00 PM +0000","01 - NOT AN INTERSECTION","1 - FATAL INJURY",1,"02/19/2018 06:36:00 PM +0000","MON","M - MALE","5 - FATAL","80902DEA-39D9-4604-AA1D-367934595961","3 - DUSK","185002496","1 - NOT COLLISION BETWEEN TWO MOTOR VEHICLES IN TRANSPORT","01 - DRY","2 - STRAIGHT GRADE","2 - BLACKTOP, BITUMINOUS, ASPHALT","N/A","P - PEDESTRIAN","2 - CLOUDY","45229",5,0.046,0.170841866929795,540046,39.1524899239599,-84.4895676897556,"North Avondale",274686
"32XX WERK RD",39.141071,-84.610251,"61-70","N/A","N/A","07/24/2016 12:15:00 PM +0000","10 - DRIVEWAY/ALLEY ACCESS","2 - INJURY",2,"07/24/2016 03:59:00 PM +0000","SUN","F - FEMALE","3 - NON-INCAPACITATING","00C41671-9630-4C48-9660-15CEA191F2F4","1 - DAYLIGHT","165011645","1 - NOT COLLISION BETWEEN TWO MOTOR VEHICLES IN TRANSPORT","01 - DRY","1 - STRAIGHT LEVEL","2 - BLACKTOP, BITUMINOUS, ASPHALT","N/A","P - PEDESTRIAN","1 - CLEAR","45211",3,0.304,0.188355018450659,1070041,39.1412306686491,-84.6093059719529,"Westwood",204284
"7XX EZZARD CHARLES DR",39.109952,-84.522261,"UNDER 18","N/A","N/A","11/30/2017 03:58:00 PM +0000","01 - NOT AN INTERSECTION","2 - INJURY",2,"11/30/2017 03:59:00 PM +0000","THU","M - MALE","3 - NON-INCAPACITATING","9A91C524-54D7-43A6-BB79-CD7ACF6C7D1D","1 - DAYLIGHT","175018297","1 - NOT COLLISION BETWEEN TWO MOTOR VEHICLES IN TRANSPORT","02 - WET","1 - STRAIGHT LEVEL","2 - BLACKTOP, BITUMINOUS, ASPHALT","N/A","P - PEDESTRIAN","2 - CLOUDY","45203",3,0.304,0.116657760029274,680027,39.1097493501827,-84.5211966699071,"West End",276647