"address_x","lat","long","age","community_council_neighborhood","cpd_neighborhood","crashdate","crashlocation","crashseverity","crashseverityid","datecrashreported","dayofweek","gender","injuries","instanceid","lightconditionsprimary","localreportno","mannerofcrash","roadconditionsprimary","roadcontour","roadsurface","sna_neighborhood","typeofperson","weather","zip","injury_type_num","cost","dist","cell_id","lat_cell","long_cell","hood","hood_id"
"61XX ARGUS RD",39.201691,-84.534966,"41-50","COLLEGE HILL","COLLEGE  HILL","05/03/2015 03:50:00 AM +0000","01 - NOT AN INTERSECTION","2 - INJURY",2,"05/03/2015 04:00:00 AM +0000","SUN","M - MALE","3 - NON-INCAPACITATING","4864F715-FF4F-420E-97F9-67FE7AE1AA35","5 - DARK – ROADWAY NOT LIGHTIED","155006065","7 - SIDESWIPE, SAME DIRECTION","01 - DRY","1 - STRAIGHT LEVEL","2 - BLACKTOP, BITUMINOUS, ASPHALT","COLLEGE HILL","P - PEDESTRIAN","1 - CLEAR","45224",3,0.304,0.190251280231663,740068,39.2020008729068,-84.5347519488466,"College Hill",200100
"34XX MADISON RD",39.158309,-84.421671,"18-25","N/A","N/A","10/05/2017 05:55:00 AM +0000","03 - T-INTERSECTION","2 - INJURY",2,"10/05/2017 05:59:00 AM +0000","THU","F - FEMALE","3 - NON-INCAPACITATING","D68ED845-2EDC-4AC7-B68A-55EBDDD89D06","4 - DARK - LIGHTED ROADWAY","175015042","1 - NOT COLLISION BETWEEN TWO MOTOR VEHICLES IN TRANSPORT","02 - WET","1 - STRAIGHT LEVEL","2 - BLACKTOP, BITUMINOUS, ASPHALT","N/A","P - PEDESTRIAN","4 - RAIN","45209",3,0.304,0.149805006928005,240049,39.1591908586081,-84.4217913552852,"Oakley",202657
"45XX PADDOCK RD",39.17161,-84.47792,"18-25","PADDOCK HILLS","BONDHILL","09/15/2018 01:07:00 AM +0000","01 - NOT AN INTERSECTION","1 - FATAL INJURY",1,"09/15/2018 01:08:00 AM +0000","SAT","F - FEMALE","5 - FATAL","140084FD-27B4-42BA-A45C-AB514CC87531","4 - DARK - LIGHTED ROADWAY","185012985","1 - NOT COLLISION BETWEEN TWO MOTOR VEHICLES IN TRANSPORT","01 - DRY","2 - STRAIGHT GRADE","2 - BLACKTOP, BITUMINOUS, ASPHALT","BOND HILL","P - PEDESTRIAN","1 - CLEAR","45229",5,0.046,0.171782216454144,490055,39.1727344878858,-84.4782716279655,"Bond Hill",199607
"2XX WALNUT ST",39.098191,-84.510141,"51-60","N/A","N/A","07/07/2017 05:29:00 PM +0000","01 - NOT AN INTERSECTION","2 - INJURY",2,"07/07/2017 05:30:00 PM +0000","FRI","M - MALE","3 - NON-INCAPACITATING","887C87DB-A295-4F40-8712-3FE83C1ABFEB","1 - DAYLIGHT","175010111","1 - NOT COLLISION BETWEEN TWO MOTOR VEHICLES IN TRANSPORT","01 - DRY","1 - STRAIGHT LEVEL","1 - CONCRETE","N/A","P - PEDESTRIAN","1 - CLEAR","45202",3,0.304,0.195556727239186,630022,39.0984969420206,-84.5099006047046,"Central Business District",273189
"20XX SEYMOUR AV",39.18617,-84.47427,"UNDER 18","BOND HILL","BONDHILL","09/25/2014 01:00:00 PM +0000","02 - FOUR-WAY INTERSECTION","2 - INJURY",2,"09/25/2014 01:20:00 PM +0000","THU","M - MALE","2 - POSSIBLE","05004550-7B85-4F6C-9E11-21611B506D30","1 - DAYLIGHT","145009149","1 - NOT COLLISION BETWEEN TWO MOTOR VEHICLES IN TRANSPORT","01 - DRY","1 - STRAIGHT LEVEL","2 - BLACKTOP, BITUMINOUS, ASPHALT","ROSELAWN","P - PEDESTRIAN","1 - CLEAR","45237",2,1.103,0.115774505389809,470061,39.18623201177,-84.473753203746,"Bond Hill",199607
"40XX W LIBERTY ST",39.117493,-84.580906,"UNDER 18","N/A","N/A","05/11/2017 03:30:00 PM +0000","01 - NOT AN INTERSECTION","2 - INJURY",2,"05/11/2017 03:30:00 PM +0000","THU","M - MALE","4 - INCAPACITATING","58783CC5-A559-4B10-A9A8-21AEE8A66275","1 - DAYLIGHT","175007012","1 - NOT COLLISION BETWEEN TWO MOTOR VEHICLES IN TRANSPORT","01 - DRY","2 - STRAIGHT GRADE","2 - BLACKTOP, BITUMINOUS, ASPHALT","N/A","P - PEDESTRIAN","2 - CLOUDY","45205",4,0.141,0.189020663547735,940030,39.1164942544823,-84.5799362107847,"West Price HIll",275981
"36XX VINE ST",39.150523,-84.511406,"26-30","AVONDALE","AVONDALE","07/11/2018 12:48:00 PM +0000","01 - NOT AN INTERSECTION","2 - INJURY",2,"07/11/2018 12:48:00 PM +0000","WED","M - MALE","3 - NON-INCAPACITATING","8172D7DA-DB34-49AE-8988-5FC8AB0D2E98","1 - DAYLIGHT","185009633","1 - NOT COLLISION BETWEEN TWO MOTOR VEHICLES IN TRANSPORT","01 - DRY","1 - STRAIGHT LEVEL","2 - BLACKTOP, BITUMINOUS, ASPHALT","AVONDALE","P - PEDESTRIAN","1 - CLEAR","45220",3,0.304,0.09995506835712,640045,39.1502475548581,-84.5121598175784,"Clifton",200052
"4XX WALNUT ST",39.100082,-84.511464,"31-40","N/A","N/A","11/21/2017 11:40:00 AM +0000","02 - FOUR-WAY INTERSECTION","2 - INJURY",2,"11/21/2017 05:00:00 PM +0000","TUE","M - MALE","2 - POSSIBLE","54AF4036-2177-46B3-8ABC-F43D665F9005","1 - DAYLIGHT","175017857","1 - NOT COLLISION BETWEEN TWO MOTOR VEHICLES IN TRANSPORT","01 - DRY","1 - STRAIGHT LEVEL","2 - BLACKTOP, BITUMINOUS, ASPHALT","N/A","P - PEDESTRIAN","1 - CLEAR","45202",2,1.103,0.129375284706794,640023,39.1007475108233,-84.5121598176799,"Central Business District",273189
"1XX E LIBERTY ST",39.112769,-84.513795,"61-70","N/A","N/A","08/17/2016 08:30:00 AM +0000","02 - FOUR-WAY INTERSECTION","2 - INJURY",2,"08/17/2016 08:35:00 AM +0000","WED","F - FEMALE","2 - POSSIBLE","7A8BF96F-A050-42E8-BECC-D63616A280A5","2 - DAWN","165013166","1 - NOT COLLISION BETWEEN TWO MOTOR VEHICLES IN TRANSPORT","02 - WET","1 - STRAIGHT LEVEL","2 - BLACKTOP, BITUMINOUS, ASPHALT","N/A","P - PEDESTRIAN","4 - RAIN","45202",2,1.103,0.215255452044015,650028,39.1119980441079,-84.5144190306731,"Over-The-Rhine",202750
"X E CENTRAL PY",39.106421,-84.513686,"51-60","N/A","N/A","12/14/2016 02:28:52 PM +0000","02 - FOUR-WAY INTERSECTION","2 - INJURY",2,"12/14/2016 02:29:00 PM +0000","WED","M - MALE","2 - POSSIBLE","F6E017A1-C849-4EE4-9107-8E2589C8DB5A","1 - DAYLIGHT","165020852","1 - NOT COLLISION BETWEEN TWO MOTOR VEHICLES IN TRANSPORT","01 - DRY","1 - STRAIGHT LEVEL","1 - CONCRETE","N/A","P - PEDESTRIAN","1 - CLEAR","45202",2,1.103,0.213835869601452,650026,39.107498040077,-84.5144190306818,"Over-The-Rhine",202750
"24XX HARRISON AV",39.139434,-84.57816,"18-25","N/A","N/A","08/03/2014 12:57:00 AM +0000","01 - NOT AN INTERSECTION","2 - INJURY",2,"08/03/2014 12:57:00 AM +0000","SUN","F - FEMALE","3 - NON-INCAPACITATING","4EFDF388-E50C-4E9C-9856-06D326115818","4 - DARK - LIGHTED ROADWAY","145006847","1 - NOT COLLISION BETWEEN TWO MOTOR VEHICLES IN TRANSPORT","01 - DRY","1 - STRAIGHT LEVEL","1 - CONCRETE","N/A","P - PEDESTRIAN","1 - CLEAR","45211",3,0.304,0.113170936807589,930040,39.1389950153653,-84.5776769979971,"Westwood",204284
"23XX READING RD",39.122901,-84.502126,"41-50","MOUNT AUBURN","MOUNT  AUBURN","12/01/2016 03:55:00 PM +0000","02 - FOUR-WAY INTERSECTION","2 - INJURY",2,"12/01/2016 03:56:00 PM +0000","THU","F - FEMALE","2 - POSSIBLE","1A61F071-8C17-48E5-866F-5AE8F4724C45","1 - DAYLIGHT","165019995","1 - NOT COLLISION BETWEEN TWO MOTOR VEHICLES IN TRANSPORT","01 - DRY","2 - STRAIGHT GRADE","2 - BLACKTOP, BITUMINOUS, ASPHALT","MT. AUBURN","P - PEDESTRIAN","1 - CLEAR","45206",2,1.103,0.0997933372543249,600033,39.1232450016623,-84.5031229659416,"Mt. Auburn",274621
"1XX ROSA PARKS ST",39.097451,-84.511169,"18-25","DOWNTOWN","C. B. D. / RIVERFRONT","03/03/2018 07:25:00 PM +0000","01 - NOT AN INTERSECTION","2 - INJURY",2,"03/03/2018 07:26:00 PM +0000","SAT","M - MALE","3 - NON-INCAPACITATING","22E5C8ED-9F6F-4B78-836E-22F329C2E2C4","4 - DARK - LIGHTED ROADWAY","185003099","1 - NOT COLLISION BETWEEN TWO MOTOR VEHICLES IN TRANSPORT","01 - DRY","1 - STRAIGHT LEVEL","1 - CONCRETE","DOWNTOWN","P - PEDESTRIAN","1 - CLEAR","45202",3,0.304,0.115850232809009,640022,39.0984975088131,-84.5121598176844,"Central Business District",273189
"53XX BAHAMA TE",39.187155,-84.565173,"UNDER 18","MOUNT AIRY","MOUNT AIRY","03/21/2016 05:05:00 PM +0000","01 - NOT AN INTERSECTION","2 - INJURY",2,"03/21/2016 05:08:00 PM +0000","MON","M - MALE","3 - NON-INCAPACITATING","64493760-B38F-448D-83B0-A7075CBE5AA6","1 - DAYLIGHT","165004225","1 - NOT COLLISION BETWEEN TWO MOTOR VEHICLES IN TRANSPORT","01 - DRY","1 - STRAIGHT LEVEL","2 - BLACKTOP, BITUMINOUS, ASPHALT","MT. AIRY","P - PEDESTRIAN","1 - CLEAR","45223",3,0.304,0.161569871130369,870061,39.1862485900738,-84.5641217202538,"Mt. Airy",274620
"25XX W NORTH BEND RD",39.189351,-84.570474,"18-25","MOUNT AIRY","MOUNT AIRY","02/18/2016 04:50:00 PM +0000","02 - FOUR-WAY INTERSECTION","2 - INJURY",2,"02/18/2016 04:53:00 PM +0000","THU","M - MALE","2 - POSSIBLE","B8D2EC40-2724-42ED-8D73-3E5648E5F9AD","1 - DAYLIGHT","165002491","1 - NOT COLLISION BETWEEN TWO MOTOR VEHICLES IN TRANSPORT","01 - DRY","1 - STRAIGHT LEVEL","2 - BLACKTOP, BITUMINOUS, ASPHALT","MT. AIRY","P - PEDESTRIAN","1 - CLEAR","45239",2,1.103,0.101829760453731,900062,39.1884970214678,-84.5708993593255,"Mt. Airy",274620
"3XX LUDLOW AV",39.143579,-84.521019,"18-25","N/A","N/A","04/29/2015 04:59:00 PM +0000","03 - T-INTERSECTION","2 - INJURY",2,"04/29/2015 04:59:00 PM +0000","WED","M - MALE","4 - INCAPACITATING","A541E799-25A1-4FB3-88D7-B538A5E68A37","1 - DAYLIGHT","155005877","1 - NOT COLLISION BETWEEN TWO MOTOR VEHICLES IN TRANSPORT","01 - DRY","1 - STRAIGHT LEVEL","2 - BLACKTOP, BITUMINOUS, ASPHALT","N/A","P - PEDESTRIAN","1 - CLEAR","45220",4,0.141,0.110495035795511,680042,39.1434993806495,-84.5211966698527,"Clifton",200052
"21XX FERGUSON RD",39.125041,-84.600661,"18-25","WEST PRICE HILL","WEST PRICE HILL","02/12/2018 02:10:00 PM +0000","01 - NOT AN INTERSECTION","2 - INJURY",2,"02/14/2018 10:00:00 AM +0000","MON","M - MALE","2 - POSSIBLE","7BCD622F-4A39-4B9C-AAD8-D541595128F9","1 - DAYLIGHT","185002509","1 - NOT COLLISION BETWEEN TWO MOTOR VEHICLES IN TRANSPORT","01 - DRY","1 - STRAIGHT LEVEL","2 - BLACKTOP, BITUMINOUS, ASPHALT","WEST PRICE HILL","P - PEDESTRIAN","1 - CLEAR","45238",2,1.103,0.20034607017704,1030034,39.1254856278955,-84.6002691235914,"West Price HIll",275981
"17XX GILSEY AV",39.122048,-84.583154,"18-25","N/A","N/A","07/16/2018 11:00:00 AM +0000","01 - NOT AN INTERSECTION","2 - INJURY",2,"07/16/2018 11:12:00 AM +0000","MON","F - FEMALE","2 - POSSIBLE","81EBBDCD-3027-42D6-9325-63031FB322FC","1 - DAYLIGHT","185009852","1 - NOT COLLISION BETWEEN TWO MOTOR VEHICLES IN TRANSPORT","01 - DRY","1 - STRAIGHT LEVEL","2 - BLACKTOP, BITUMINOUS, ASPHALT","N/A","P - PEDESTRIAN","1 - CLEAR","45205",2,1.103,0.199938025699612,950032,39.1209934734645,-84.5821954235559,"West Price HIll",275981
"18XX SUNNYBROOK DR",39.205875,-84.45192,"UNDER 18","ROSELAWN","ROSELAWN","11/06/2015 06:25:00 PM +0000","01 - NOT AN INTERSECTION","2 - INJURY",2,"11/06/2015 06:29:00 PM +0000","FRI","M - MALE","2 - POSSIBLE","5FF12A20-2956-4849-8C23-4D7444156781","5 - DARK – ROADWAY NOT LIGHTIED","155016243","1 - NOT COLLISION BETWEEN TWO MOTOR VEHICLES IN TRANSPORT","01 - DRY","1 - STRAIGHT LEVEL","2 - BLACKTOP, BITUMINOUS, ASPHALT","ROSELAWN","P - PEDESTRIAN","1 - CLEAR","45237",2,1.103,0.120512148126674,380070,39.2064686754727,-84.4534202993047,"Roselawn",203265
"60XX RIDGE AV",39.181701,-84.426301,"18-25","N/A","N/A","07/11/2018 10:00:00 AM +0000","02 - FOUR-WAY INTERSECTION","2 - INJURY",2,"07/11/2018 10:05:00 AM +0000","WED","F - FEMALE","3 - NON-INCAPACITATING","C0571E1E-2ABE-40C5-B027-780079609C82","1 - DAYLIGHT","185009621","1 - NOT COLLISION BETWEEN TWO MOTOR VEHICLES IN TRANSPORT","01 - DRY","1 - STRAIGHT LEVEL","2 - BLACKTOP, BITUMINOUS, ASPHALT","N/A","P - PEDESTRIAN","1 - CLEAR","45213",3,0.304,0.0941196764546656,260059,39.1816953627268,-84.4263097742127,"Pleasant Ridge",202946
"32XX HARRISON AV",39.154449,-84.602708,"31-40","WESTWOOD","WESTWOOD","07/28/2016 04:18:00 PM +0000","01 - NOT AN INTERSECTION","2 - INJURY",2,"07/28/2016 04:19:00 PM +0000","THU","M - MALE","3 - NON-INCAPACITATING","EC8E6AC0-A044-4610-9FF0-4ECA068FF480","1 - DAYLIGHT","165011909","2 - REAR-END","01 - DRY","1 - STRAIGHT LEVEL","1 - CONCRETE","WESTWOOD","P - PEDESTRIAN","1 - CLEAR","45211",3,0.304,0.127181482983904,1040047,39.1547344736649,-84.6025283358528,"Westwood",204284
"16XX HOFFNER ST",39.158512,-84.539761,"OVER 70","N/A","N/A","12/18/2017 07:00:41 PM +0000","03 - T-INTERSECTION","2 - INJURY",2,"12/18/2017 07:05:01 PM +0000","MON","M - MALE","2 - POSSIBLE","20AE649F-A48C-4F54-9652-C92C089AB19D","4 - DARK - LIGHTED ROADWAY","175019289","1 - NOT COLLISION BETWEEN TWO MOTOR VEHICLES IN TRANSPORT","02 - WET","1 - STRAIGHT LEVEL","2 - BLACKTOP, BITUMINOUS, ASPHALT","N/A","P - PEDESTRIAN","4 - RAIN","45223",2,1.103,0.151376409735632,760049,39.1592509650786,-84.5392703753254,"Northside",274791
"60XX HAMILTON AV",39.202585,-84.547121,"18-25","N/A","N/A","04/01/2016 03:51:17 PM +0000","02 - FOUR-WAY INTERSECTION","2 - INJURY",2,"04/01/2016 03:53:19 PM +0000","FRI","F - FEMALE","2 - POSSIBLE","3EBE42E8-D54F-4CDC-8713-1F16AB6CE70B","1 - DAYLIGHT","165004847","1 - NOT COLLISION BETWEEN TWO MOTOR VEHICLES IN TRANSPORT","01 - DRY","2 - STRAIGHT GRADE","2 - BLACKTOP, BITUMINOUS, ASPHALT","N/A","P - PEDESTRIAN","1 - CLEAR","45224",2,1.103,0.100835301536108,790068,39.202000872906,-84.5460480149722,"College Hill",200100
"12XX VINE ST",39.108948,-84.514785,"26-30","N/A","N/A","01/10/2015 04:31:00 PM +0000","01 - NOT AN INTERSECTION","2 - INJURY",2,"01/10/2015 04:31:00 PM +0000","SAT","M - MALE","3 - NON-INCAPACITATING","342D27AC-7DC4-4B25-BD25-C0C98C55E38C","1 - DAYLIGHT","155000408","1 - NOT COLLISION BETWEEN TWO MOTOR VEHICLES IN TRANSPORT","01 - DRY","1 - STRAIGHT LEVEL","1 - CONCRETE","N/A","P - PEDESTRIAN","1 - CLEAR","45202",3,0.304,0.19256559898794,650027,39.1097480420928,-84.5144190306774,"Over-The-Rhine",202750
"38XX BOUDINOT AV",39.161215,-84.600748,"18-25","N/A","N/A","06/11/2013 01:00:00 PM +0000","10 - DRIVEWAY/ALLEY ACCESS","2 - INJURY",2,"06/11/2013 06:27:00 PM +0000","TUE","F - FEMALE","2 - POSSIBLE","635D24D5-D29D-4C67-8DB6-29D3BD90001C","1 - DAYLIGHT","135007132","1 - NOT COLLISION BETWEEN TWO MOTOR VEHICLES IN TRANSPORT","01 - DRY","1 - STRAIGHT LEVEL","2 - BLACKTOP, BITUMINOUS, ASPHALT","N/A","P - PEDESTRIAN","1 - CLEAR","45211",2,1.103,0.149778230130102,1030050,39.161485656722,-84.6002691236651,"Westwood",204284
"9XX W NORTH BEND RD",39.20063,-84.522919,"18-25","N/A","N/A","12/03/2014 04:00:00 PM +0000","01 - NOT AN INTERSECTION","2 - INJURY",2,"12/03/2014 04:02:00 PM +0000","WED","F - FEMALE","3 - NON-INCAPACITATING","CF898A2D-D6FF-4AC1-BAAC-FC0452ED47EF","1 - DAYLIGHT","145012521","1 - NOT COLLISION BETWEEN TWO MOTOR VEHICLES IN TRANSPORT","01 - DRY","1 - STRAIGHT LEVEL","1 - CONCRETE","N/A","P - PEDESTRIAN","1 - CLEAR","45224",3,0.304,0.117907508016337,690067,39.1997497800945,-84.5234558828997,"College Hill",200100
"2XX E 13TH ST",39.110076,-84.511128,"UNDER 18","N/A","N/A","04/12/2015 08:30:00 PM +0000","01 - NOT AN INTERSECTION","2 - INJURY",2,"04/12/2015 08:58:00 PM +0000","SUN","M - MALE","2 - POSSIBLE","91D78ED7-39A3-47CF-8295-0D08A05E1DA5","4 - DARK - LIGHTED ROADWAY","155005044","1 - NOT COLLISION BETWEEN TWO MOTOR VEHICLES IN TRANSPORT","01 - DRY","1 - STRAIGHT LEVEL","2 - BLACKTOP, BITUMINOUS, ASPHALT","N/A","P - PEDESTRIAN","1 - CLEAR","45202",2,1.103,0.100690357949897,640027,39.1097475188569,-84.5121598176614,"Over-The-Rhine",202750
"25XX JEFFERSON AV",39.128216,-84.510765,"51-60","N/A","N/A","05/19/2015 01:53:00 PM +0000","03 - T-INTERSECTION","2 - INJURY",2,"05/19/2015 01:58:00 PM +0000","TUE","F - FEMALE","2 - POSSIBLE","A893BA0F-CDC1-4C11-90B6-F773433DCB37","1 - DAYLIGHT","155006895","1 - NOT COLLISION BETWEEN TWO MOTOR VEHICLES IN TRANSPORT","01 - DRY","3 - CURVE LEVEL","1 - CONCRETE","N/A","P - PEDESTRIAN","1 - CLEAR","45221",2,1.103,0.13432532964,630035,39.1277469679745,-84.5099006046416,"Corryville",200172
"17XX HEWITT AV",39.137271,-84.472126,"UNDER 18","N/A","N/A","05/31/2016 07:10:00 PM +0000","01 - NOT AN INTERSECTION","2 - INJURY",2,"05/31/2016 07:13:00 PM +0000","TUE","M - MALE","3 - NON-INCAPACITATING","15503EA9-446B-4268-B52C-D6272DAA82CB","1 - DAYLIGHT","165008514","1 - NOT COLLISION BETWEEN TWO MOTOR VEHICLES IN TRANSPORT","01 - DRY","1 - STRAIGHT LEVEL","2 - BLACKTOP, BITUMINOUS, ASPHALT","N/A","P - PEDESTRIAN","1 - CLEAR","45207",3,0.304,0.106922989242349,460039,39.1367306652159,-84.4714939919603,"Evanston",200632
"2XX W 3RD ST",39.097647,-84.515474,"61-70","N/A","N/A","10/03/2016 04:44:00 PM +0000","02 - FOUR-WAY INTERSECTION","2 - INJURY",2,"10/04/2016 05:05:00 PM +0000","MON","F - FEMALE","2 - POSSIBLE","4E16AD9F-90E9-406D-BA1F-4C33F95E6C79","1 - DAYLIGHT","165016293","1 - NOT COLLISION BETWEEN TWO MOTOR VEHICLES IN TRANSPORT","01 - DRY","1 - STRAIGHT LEVEL","2 - BLACKTOP, BITUMINOUS, ASPHALT","N/A","P - PEDESTRIAN","1 - CLEAR","45202",2,1.103,0.190398872345146,650022,39.0984980320062,-84.5144190306992,"Central Business District",273189
"23XX CENTRAL PY",39.123061,-84.533493,"18-25","WEST END","WEST  END","02/18/2018 03:18:00 AM +0000","01 - NOT AN INTERSECTION","2 - INJURY",2,"02/18/2018 03:20:00 AM +0000","SUN","M - MALE","4 - INCAPACITATING","13239B88-3680-40AC-8E32-989708BDC97E","4 - DARK - LIGHTED ROADWAY","185002435","1 - NOT COLLISION BETWEEN TWO MOTOR VEHICLES IN TRANSPORT","02 - WET","3 - CURVE LEVEL","2 - BLACKTOP, BITUMINOUS, ASPHALT","WEST END","P - PEDESTRIAN","2 - CLOUDY","45214",4,0.141,0.162834336838898,730033,39.1232506706081,-84.5324927357138,"CUF",273417
"1XX WALNUT ST",39.09752,-84.509058,"18-25","N/A","N/A","07/16/2016 11:20:00 PM +0000","01 - NOT AN INTERSECTION","2 - INJURY",2,"07/16/2016 11:20:00 PM +0000","SAT","M - MALE","4 - INCAPACITATING","36AA7C52-AD08-4766-95E7-551BF5D5E324","4 - DARK - LIGHTED ROADWAY","165011198","1 - NOT COLLISION BETWEEN TWO MOTOR VEHICLES IN TRANSPORT","01 - DRY","1 - STRAIGHT LEVEL","2 - BLACKTOP, BITUMINOUS, ASPHALT","N/A","P - PEDESTRIAN","1 - CLEAR","45202",4,0.141,0.195556727239186,630022,39.0984969420206,-84.5099006047046,"Central Business District",273189
"54XX BAHAMA TE",39.189173,-84.566811,"UNDER 18","MOUNT AIRY","MOUNT AIRY","04/13/2017 01:00:57 PM +0000","01 - NOT AN INTERSECTION","2 - INJURY",2,"04/13/2017 01:01:12 PM +0000","THU","F - FEMALE","3 - NON-INCAPACITATING","CF786D64-5F28-4830-A871-A8455ADE77C0","1 - DAYLIGHT","175005380","1 - NOT COLLISION BETWEEN TWO MOTOR VEHICLES IN TRANSPORT","01 - DRY","1 - STRAIGHT LEVEL","2 - BLACKTOP, BITUMINOUS, ASPHALT","MT. AIRY","P - PEDESTRIAN","1 - CLEAR","45223",3,0.304,0.102357617987655,880062,39.1884981121643,-84.5663809333117,"Mt. Airy",274620
"75XX READING RD",39.197127,-84.458296,"18-25","ROSELAWN","ROSELAWN","09/17/2015 08:54:55 AM +0000","01 - NOT AN INTERSECTION","2 - INJURY",2,"09/17/2015 08:55:08 AM +0000","THU","F - FEMALE","2 - POSSIBLE","7FB8194E-CEEE-46BE-A3F0-A8920D18E12C","1 - DAYLIGHT","155013293","1 - NOT COLLISION BETWEEN TWO MOTOR VEHICLES IN TRANSPORT","01 - DRY","1 - STRAIGHT LEVEL","2 - BLACKTOP, BITUMINOUS, ASPHALT","ROSELAWN","P - PEDESTRIAN","1 - CLEAR","45237",2,1.103,0.175658003852127,400066,39.1974719417316,-84.4579387218486,"Roselawn",203265
"46XX N WILLIAMSBURG RD",39.218335,-84.482143,"26-30","N/A","N/A","12/08/2015 05:02:00 AM +0000","01 - NOT AN INTERSECTION","2 - INJURY",2,"12/08/2015 05:02:00 AM +0000","TUE","F - FEMALE","3 - NON-INCAPACITATING","E7D2152F-E438-442A-83A9-4DC904854D88","5 - DARK – ROADWAY NOT LIGHTIED","155017941","1 - NOT COLLISION BETWEEN TWO MOTOR VEHICLES IN TRANSPORT","01 - DRY","2 - STRAIGHT GRADE","2 - BLACKTOP, BITUMINOUS, ASPHALT","N/A","P - PEDESTRIAN","2 - CLOUDY","45215",3,0.304,0.112481247407553,510075,39.217736835984,-84.4827900522987,"Hartwell",201193
"24XX MADISON RD",39.141071,-84.453832,"61-70","N/A","N/A","10/11/2017 07:15:00 AM +0000","02 - FOUR-WAY INTERSECTION","2 - INJURY",2,"10/11/2017 07:29:00 AM +0000","WED","M - MALE","4 - INCAPACITATING","1F6775B5-91E4-451F-851D-B9AFFF5D4AAF","2 - DAWN","175015404","1 - NOT COLLISION BETWEEN TWO MOTOR VEHICLES IN TRANSPORT","02 - WET","3 - CURVE LEVEL","2 - BLACKTOP, BITUMINOUS, ASPHALT","N/A","P - PEDESTRIAN","4 - RAIN","45208",4,0.141,0.175137649650469,380041,39.1412186314833,-84.4534202995627,"Hyde Park",201414
"XX E LIBERTY ST",39.113044,-84.514573,"OVER 70","N/A","N/A","12/20/2016 02:00:00 PM +0000","02 - FOUR-WAY INTERSECTION","2 - INJURY",2,"12/20/2016 02:02:00 PM +0000","TUE","F - FEMALE","2 - POSSIBLE","ED7B5CB5-09D5-4396-9E6D-8702A8B2DC34","1 - DAYLIGHT","165021254","1 - NOT COLLISION BETWEEN TWO MOTOR VEHICLES IN TRANSPORT","01 - DRY","1 - STRAIGHT LEVEL","2 - BLACKTOP, BITUMINOUS, ASPHALT","N/A","P - PEDESTRIAN","1 - CLEAR","45202",2,1.103,0.215255452044015,650028,39.1119980441079,-84.5144190306731,"Over-The-Rhine",202750
"XX W LIBERTY",39.113669,-84.516865,"31-40","N/A","N/A","06/23/2014 02:55:00 PM +0000","02 - FOUR-WAY INTERSECTION","2 - INJURY",2,"06/23/2014 02:57:00 PM +0000","MON","F - FEMALE","3 - NON-INCAPACITATING","7EF58009-65A8-4A14-9D52-8E2281A94583","1 - DAYLIGHT","145005119","1 - NOT COLLISION BETWEEN TWO MOTOR VEHICLES IN TRANSPORT","01 - DRY","1 - STRAIGHT LEVEL","1 - CONCRETE","N/A","P - PEDESTRIAN","1 - CLEAR","45202",3,0.304,0.164119758695227,660029,39.1142485257709,-84.5166782437173,"Over-The-Rhine",202750
"30XX ERIE AV",39.140317,-84.429203,"UNDER 18","N/A","N/A","10/05/2015 03:38:00 PM +0000","01 - NOT AN INTERSECTION","2 - INJURY",2,"10/05/2015 04:20:09 PM +0000","MON","F - FEMALE","4 - INCAPACITATING","6A3A7DB0-8249-4933-A10E-AF822A4C41D7","1 - DAYLIGHT","155014449","1 - NOT COLLISION BETWEEN TWO MOTOR VEHICLES IN TRANSPORT","01 - DRY","1 - STRAIGHT LEVEL","2 - BLACKTOP, BITUMINOUS, ASPHALT","N/A","P - PEDESTRIAN","1 - CLEAR","45208",4,0.141,0.103919986310464,270041,39.1411975228181,-84.4285689840927,"Hyde Park",201414
"30XX MCHENRY AV",39.141255,-84.580201,"UNDER 18","N/A","N/A","05/28/2018 04:54:00 PM +0000","01 - NOT AN INTERSECTION","2 - INJURY",2,"05/28/2018 04:55:00 PM +0000","MON","M - MALE","2 - POSSIBLE","DA2B4E40-3DF0-4047-B8E0-9E2D647630FC","1 - DAYLIGHT","185007496","1 - NOT COLLISION BETWEEN TWO MOTOR VEHICLES IN TRANSPORT","01 - DRY","1 - STRAIGHT LEVEL","1 - CONCRETE","N/A","P - PEDESTRIAN","1 - CLEAR","45211",2,1.103,0.16375710671912,940041,39.1412442758999,-84.5799362108161,"Westwood",204284