"address_x","lat","long","age","community_council_neighborhood","cpd_neighborhood","crashdate","crashlocation","crashseverity","crashseverityid","datecrashreported","dayofweek","gender","injuries","instanceid","lightconditionsprimary","localreportno","mannerofcrash","roadconditionsprimary","roadcontour","roadsurface","sna_neighborhood","typeofperson","weather","zip","injury_type_num","cost","dist","cell_id","lat_cell","long_cell","hood","hood_id"
"22XX QUEEN CITY AV",39.126418,-84.574166,"51-60","N/A","N/A","03/29/2017 06:08:00 PM +0000","03 - T-INTERSECTION","2 - INJURY",2,"03/29/2017 06:08:00 PM +0000","WED","F - FEMALE","4 - INCAPACITATING","3DA10748-3739-48AC-889B-4E5405BF2AE4","1 - DAYLIGHT","175004533","1 - NOT COLLISION BETWEEN TWO MOTOR VEHICLES IN TRANSPORT","01 - DRY","2 - STRAIGHT GRADE","1 - CONCRETE","N/A","P - PEDESTRIAN","1 - CLEAR","45214",4,0.141,0.123442396938912,910034,39.1254963554655,-84.5731585722158,"West Price HIll",275981
"2XX W MCMILLAN ST",39.127311,-84.521045,"UNDER 18","CUF - HEIGHTS","FAIRVIEW","05/05/2015 03:30:00 PM +0000","01 - NOT AN INTERSECTION","2 - INJURY",2,"05/05/2015 03:37:00 PM +0000","TUE","M - MALE","3 - NON-INCAPACITATING","7847FEB6-684B-4A68-A4B5-583542DB4892","1 - DAYLIGHT","155006178","1 - NOT COLLISION BETWEEN TWO MOTOR VEHICLES IN TRANSPORT","01 - DRY","2 - STRAIGHT GRADE","1 - CONCRETE","CUF","P - PEDESTRIAN","1 - CLEAR","45219",3,0.304,0.110321248608516,680035,39.1277493664531,-84.5211966698781,"CUF",273417
"29XX READING RD",39.133181,-84.497491,"31-40","AVONDALE","AVONDALE","10/27/2017 07:12:00 PM +0000","02 - FOUR-WAY INTERSECTION","2 - INJURY",2,"10/27/2017 07:13:00 PM +0000","FRI","F - FEMALE","4 - INCAPACITATING","B52D5D86-331A-405E-B34E-1B4DC5A5FCD1","4 - DARK - LIGHTED ROADWAY","175016438","1 - NOT COLLISION BETWEEN TWO MOTOR VEHICLES IN TRANSPORT","02 - WET","1 - STRAIGHT LEVEL","2 - BLACKTOP, BITUMINOUS, ASPHALT","AVONDALE","P - PEDESTRIAN","4 - RAIN","45206",4,0.141,0.153883733668582,580037,39.1322434831459,-84.4986045403374,"Avondale",199345
"5XX W LIBERTY ST",39.113323,-84.524174,"41-50","WEST END","WEST  END","03/31/2016 02:35:00 PM +0000","02 - FOUR-WAY INTERSECTION","2 - INJURY",2,"03/31/2016 02:40:00 PM +0000","THU","M - MALE","2 - POSSIBLE","84A202F3-5210-475D-A445-9B7F398EE0EA","1 - DAYLIGHT","165004752","9 - UNKNOWN","01 - DRY","1 - STRAIGHT LEVEL","2 - BLACKTOP, BITUMINOUS, ASPHALT","WEST END","P - PEDESTRIAN","2 - CLOUDY","45214",2,1.103,0.0957761806429857,690029,39.1142497030903,-84.5234558830282,"West End",276647
"8XX DELTA AV",39.128601,-84.429596,"31-40","N/A","N/A","03/11/2018 03:24:00 AM +0000","02 - FOUR-WAY INTERSECTION","2 - INJURY",2,"03/11/2018 03:26:00 AM +0000","SUN","M - MALE","3 - NON-INCAPACITATING","82AB02F7-3757-4972-A8D1-3E331DD67345","4 - DARK - LIGHTED ROADWAY","185003463","1 - NOT COLLISION BETWEEN TWO MOTOR VEHICLES IN TRANSPORT","01 - DRY","2 - STRAIGHT GRADE","2 - BLACKTOP, BITUMINOUS, ASPHALT","N/A","P - PEDESTRIAN","1 - CLEAR","45226",3,0.304,0.10460371893692,270035,39.1276975157217,-84.4285689841458,"Mt. Lookout",274623
"6XX E MEHRING WY",39.098868,-84.503524,"26-30","N/A","N/A","01/08/2016 07:54:00 AM +0000","03 - T-INTERSECTION","2 - INJURY",2,"01/08/2016 07:54:00 AM +0000","FRI","M - MALE","3 - NON-INCAPACITATING","B23139A3-119F-4FE9-B538-33FDE119DCEE","1 - DAYLIGHT","165000304","1 - NOT COLLISION BETWEEN TWO MOTOR VEHICLES IN TRANSPORT","02 - WET","1 - STRAIGHT LEVEL","2 - BLACKTOP, BITUMINOUS, ASPHALT","N/A","P - PEDESTRIAN","4 - RAIN","45202",3,0.304,0.102134033387887,600022,39.0984949800464,-84.5031229660025,"Central Business District",273189
"9XX ELBERON AV",39.107833,-84.565485,"18-25","N/A","N/A","06/28/2017 07:54:00 PM +0000","01 - NOT AN INTERSECTION","2 - INJURY",2,"06/28/2017 07:55:00 PM +0000","WED","M - MALE","3 - NON-INCAPACITATING","A9E34583-6D07-4420-8733-0AA607576834","1 - DAYLIGHT","175009671","1 - NOT COLLISION BETWEEN TWO MOTOR VEHICLES IN TRANSPORT","01 - DRY","1 - STRAIGHT LEVEL","1 - CONCRETE","N/A","P - PEDESTRIAN","1 - CLEAR","45205",3,0.304,0.139792338445034,880026,39.1074980400729,-84.5663809332587,"East Price Hill",273561
"7XX FINDLAY ST",39.116769,-84.526441,"UNDER 18","N/A","N/A","01/19/2017 06:25:00 PM +0000","02 - FOUR-WAY INTERSECTION","2 - INJURY",2,"01/19/2017 06:31:00 PM +0000","THU","M - MALE","3 - NON-INCAPACITATING","236A20CB-C618-4CE6-8D5A-D7563A199ECD","4 - DARK - LIGHTED ROADWAY","175000955","1 - NOT COLLISION BETWEEN TWO MOTOR VEHICLES IN TRANSPORT","01 - DRY","1 - STRAIGHT LEVEL","2 - BLACKTOP, BITUMINOUS, ASPHALT","N/A","P - PEDESTRIAN","2 - CLOUDY","45214",3,0.304,0.13625716508119,700030,39.1165000103669,-84.5257150961743,"West End",276647
"20XX ELEANOR",39.120574,-84.51129,"18-25","N/A","N/A","01/11/2014 12:50:00 AM +0000","03 - T-INTERSECTION","2 - INJURY",2,"01/11/2014 02:17:08 AM +0000","SAT","M - MALE","2 - POSSIBLE","0B3FCF92-BD42-4D75-9429-106342572039","5 - DARK – ROADWAY NOT LIGHTIED","145000267","1 - NOT COLLISION BETWEEN TWO MOTOR VEHICLES IN TRANSPORT","02 - WET","1 - STRAIGHT LEVEL","2 - BLACKTOP, BITUMINOUS, ASPHALT","N/A","P - PEDESTRIAN","4 - RAIN","45219",2,1.103,0.127618189118605,640032,39.1209975288818,-84.5121598176384,"Mt. Auburn",274621
"11XX ROSSMORE AV",39.179441,-84.478271,"26-30","N/A","N/A","09/03/2018 10:11:00 AM +0000","03 - T-INTERSECTION","2 - INJURY",2,"09/03/2018 10:11:00 AM +0000","MON","F - FEMALE","2 - POSSIBLE","D98EC715-409C-4F38-BBA9-0D67BB855085","1 - DAYLIGHT","185012338","1 - NOT COLLISION BETWEEN TWO MOTOR VEHICLES IN TRANSPORT","01 - DRY","1 - STRAIGHT LEVEL","2 - BLACKTOP, BITUMINOUS, ASPHALT","N/A","P - PEDESTRIAN","1 - CLEAR","45237",2,1.103,0.157493782007268,490058,39.1794844932039,-84.4782716279425,"Bond Hill",199607
"61XX GLENWAY AV",39.145061,-84.620093,"26-30","N/A","N/A","03/31/2018 09:15:00 PM +0000","01 - NOT AN INTERSECTION","2 - INJURY",2,"03/31/2018 09:16:00 PM +0000","SAT","M - MALE","3 - NON-INCAPACITATING","90FED713-3CB3-4445-9EE6-3B2DE9DA5F39","4 - DARK - LIGHTED ROADWAY","185004460","1 - NOT COLLISION BETWEEN TWO MOTOR VEHICLES IN TRANSPORT","02 - WET","1 - STRAIGHT LEVEL","2 - BLACKTOP, BITUMINOUS, ASPHALT","N/A","P - PEDESTRIAN","4 - RAIN","45211",3,0.304,0.136206665085446,1120043,39.1457234757158,-84.6206020304342,"Westwood",204284
"4XX E KING DR",39.135384,-84.501365,"61-70","CORRYVILLE","CORRYVILLE","07/06/2013 02:42:00 AM +0000","10 - DRIVEWAY/ALLEY ACCESS","2 - INJURY",2,"07/06/2013 02:44:00 AM +0000","SAT","M - MALE","4 - INCAPACITATING","4EEAF8BC-F6C3-4363-8861-B6C2CA1453AB","4 - DARK - LIGHTED ROADWAY","135008232","1 - NOT COLLISION BETWEEN TWO MOTOR VEHICLES IN TRANSPORT","02 - WET","2 - STRAIGHT GRADE","2 - BLACKTOP, BITUMINOUS, ASPHALT","CORRYVILLE","P - PEDESTRIAN","4 - RAIN","45229",4,0.141,0.0990311442875128,590038,39.1344942700738,-84.5008637530982,"Avondale",199345
"40XX HAMILTON AV",39.158641,-84.538501,"31-40","N/A","N/A","09/10/2016 07:40:00 PM +0000","01 - NOT AN INTERSECTION","3 - PROPERTY DAMAGE ONLY (PDO)",3,"09/10/2016 07:45:00 PM +0000","SAT","M - MALE","1 - NO INJURY / NONE REPORTED","A1248DA4-7D84-4BC6-93C7-AE5F067DD182","3 - DUSK","165014767","1 - NOT COLLISION BETWEEN TWO MOTOR VEHICLES IN TRANSPORT","01 - DRY","1 - STRAIGHT LEVEL","2 - BLACKTOP, BITUMINOUS, ASPHALT","N/A","P - PEDESTRIAN","1 - CLEAR","45223",1,10.082,0.151376409735632,760049,39.1592509650786,-84.5392703753254,"Northside",274791
"4XX W MCMICKEN AV",39.141409,-84.427937,"51-60","N/A","N/A","07/05/2018 11:20:08 PM +0000","02 - FOUR-WAY INTERSECTION","2 - INJURY",2,"07/05/2018 11:20:09 PM +0000","THU","M - MALE","3 - NON-INCAPACITATING","C56E5893-4BE1-47B3-B9C6-C1A89F78AC4B","4 - DARK - LIGHTED ROADWAY","185009377","1 - NOT COLLISION BETWEEN TWO MOTOR VEHICLES IN TRANSPORT","01 - DRY","2 - STRAIGHT GRADE","2 - BLACKTOP, BITUMINOUS, ASPHALT","N/A","P - PEDESTRIAN","1 - CLEAR","45214",3,0.304,0.103919986310464,270041,39.1411975228181,-84.4285689840927,"Hyde Park",201414
"27XX ALMS",39.129294,-84.484514,"UNDER 18","WALNUT HILLS","WALNUT HILLS","06/30/2013 02:50:00 PM +0000","01 - NOT AN INTERSECTION","2 - INJURY",2,"06/30/2013 02:58:00 PM +0000","SUN","M - MALE","3 - NON-INCAPACITATING","8DB30A1B-2A3D-4F04-8FB6-5193F5042973","1 - DAYLIGHT","135007938","1 - NOT COLLISION BETWEEN TWO MOTOR VEHICLES IN TRANSPORT","01 - DRY","2 - STRAIGHT GRADE","2 - BLACKTOP, BITUMINOUS, ASPHALT","WALNUT HILLS","P - PEDESTRIAN","1 - CLEAR","45206",3,0.304,0.123834360483364,520036,39.1299878555979,-84.4850492649301,"Walnut Hills",204112
"31XX SOUTHSIDE",39.084359,-84.571321,"18-25","N/A","N/A","01/16/2014 04:00:00 PM +0000","03 - T-INTERSECTION","2 - INJURY",2,"01/16/2014 04:02:00 PM +0000","THU","F - FEMALE","2 - POSSIBLE","7DEDE124-2A9D-4426-9B47-9D6F77BAD850","1 - DAYLIGHT","145000428","6 - ANGLE","03 - SNOW","4 - CURVE GRADE","1 - CONCRETE","N/A","P - PEDESTRIAN","2 - CLOUDY","45204",2,1.103,0.100483736040419,900016,39.0849969299941,-84.5708993592357,"Sedamsville",203427
"12XX ROSSMORE AV",39.179712,-84.47387,"31-40","N/A","N/A","09/05/2013 08:50:48 PM +0000","01 - NOT AN INTERSECTION","2 - INJURY",2,"09/05/2013 09:05:29 PM +0000","THU","M - MALE","3 - NON-INCAPACITATING","8DBB0C7E-5682-4D6B-B165-84F29D94094E","5 - DARK – ROADWAY NOT LIGHTED","135009937","1 - NOT COLLISION BETWEEN TWO MOTOR VEHICLES IN TRANSPORT","01 - DRY","1 - STRAIGHT LEVEL","6 - OTHER","N/A","P - PEDESTRIAN","1 - CLEAR","45237",3,0.304,0.204658778171263,470058,39.1794820065786,-84.4737532037699,"Bond Hill",199607
"29XX GILBERT AV",39.135097,-84.487371,"26-30","WALNUT HILLS","WALNUT HILLS","07/08/2015 12:43:00 PM +0000","01 - NOT AN INTERSECTION","2 - INJURY",2,"07/08/2015 12:43:00 PM +0000","WED","F - FEMALE","2 - POSSIBLE","17BD648E-B1E8-4BEF-AB8F-DDB74F3670AC","1 - DAYLIGHT","155009293","1 - NOT COLLISION BETWEEN TWO MOTOR VEHICLES IN TRANSPORT","02 - WET","1 - STRAIGHT LEVEL","1 - CONCRETE","WALNUT HILLS","P - PEDESTRIAN","4 - RAIN","45206",2,1.103,0.153418283868973,530038,39.1344889059406,-84.48730847733,"Walnut Hills",204112
"28XX BOUDINOT AV",39.134153,-84.602723,"51-60","N/A","N/A","09/14/2017 06:49:00 AM +0000","01 - NOT AN INTERSECTION","2 - INJURY",2,"09/14/2017 06:55:00 AM +0000","THU","F - FEMALE","2 - POSSIBLE","D7E31C37-DC06-4A01-819D-CBEBDA0DB6B5","4 - DARK - LIGHTED ROADWAY","175013897","1 - NOT COLLISION BETWEEN TWO MOTOR VEHICLES IN TRANSPORT","02 - WET","1 - STRAIGHT LEVEL","2 - BLACKTOP, BITUMINOUS, ASPHALT","N/A","P - PEDESTRIAN","2 - CLOUDY","45238",2,1.103,0.126222288946133,1040038,39.1344844576256,-84.6025283358099,"Westwood",204284
"6XX LINN ST",39.101198,-84.530353,"31-40","N/A","N/A","07/16/2014 12:05:00 PM +0000","01 - NOT AN INTERSECTION","2 - INJURY",2,"07/16/2014 12:12:00 PM +0000","WED","M - MALE","2 - POSSIBLE","DE1CF4B5-C881-4752-99E4-CB777FCFA6FD","1 - DAYLIGHT","145006133","1 - NOT COLLISION BETWEEN TWO MOTOR VEHICLES IN TRANSPORT","01 - DRY","1 - STRAIGHT LEVEL","2 - BLACKTOP, BITUMINOUS, ASPHALT","N/A","P - PEDESTRIAN","2 - CLOUDY","45203",2,1.103,0.079816963259924,720023,39.1007504756324,-84.5302335225434,"Central Business District",273189
"1XX E GALBRAITH RD",39.21308,-84.46982,"41-50","N/A","N/A","06/11/2013 04:37:00 PM +0000","10 - DRIVEWAY/ALLEY ACCESS","2 - INJURY",2,"06/11/2013 04:37:00 PM +0000","TUE","M - MALE","3 - NON-INCAPACITATING","1FC64ADA-46EA-4564-AABF-F2F7FB9A1E46","1 - DAYLIGHT","135007143","1 - NOT COLLISION BETWEEN TWO MOTOR VEHICLES IN TRANSPORT","01 - DRY","1 - STRAIGHT LEVEL","2 - BLACKTOP, BITUMINOUS, ASPHALT","N/A","P - PEDESTRIAN","1 - CLEAR","45216",3,0.304,0.102542760709162,450073,39.2132293707067,-84.4692347798047,"Hartwell",201193
"27XX JEFFERSON AV",39.131855,-84.511658,"18-25","N/A","N/A","03/02/2013 10:32:00 AM +0000","01 - NOT AN INTERSECTION","2 - INJURY",2,"03/02/2013 10:32:00 AM +0000","SAT","M - MALE","2 - POSSIBLE","7C9DCB65-7984-41B3-A2F3-487E62AA8509","1 - DAYLIGHT","135002683","1 - NOT COLLISION BETWEEN TWO MOTOR VEHICLES IN TRANSPORT","01 - DRY","1 - STRAIGHT LEVEL","2 - BLACKTOP, BITUMINOUS, ASPHALT","N/A","P - PEDESTRIAN","1 - CLEAR","45221",2,1.103,0.184745731900249,640037,39.1322475388878,-84.5121598176153,"CUF",273417
"3XX W MCMILLAN ST",39.127928,-84.522391,"18-25","CUF - HEIGHTS","FAIRVIEW","05/07/2018 03:54:00 PM +0000","03 - T-INTERSECTION","2 - INJURY",2,"05/07/2018 03:55:00 PM +0000","MON","M - MALE","4 - INCAPACITATING","52C04821-41CC-4D8E-B8C9-EE63C60FDD90","1 - DAYLIGHT","185006361","1 - NOT COLLISION BETWEEN TWO MOTOR VEHICLES IN TRANSPORT","01 - DRY","2 - STRAIGHT GRADE","2 - BLACKTOP, BITUMINOUS, ASPHALT","CUF","P - PEDESTRIAN","1 - CLEAR","45219",4,0.141,0.10786699549206,690035,39.1277497153227,-84.5234558830079,"CUF",273417
"3XX W KING DR",39.134701,-84.521133,"18-25","N/A","N/A","07/25/2014 11:23:43 PM +0000","02 - FOUR-WAY INTERSECTION","2 - INJURY",2,"07/25/2014 11:24:48 PM +0000","FRI","M - MALE","3 - NON-INCAPACITATING","B8703CD0-5B1A-4A63-BD0E-7A6DB834CCFD","4 - DARK - LIGHTED ROADWAY","145006533","1 - NOT COLLISION BETWEEN TWO MOTOR VEHICLES IN TRANSPORT","01 - DRY","1 - STRAIGHT LEVEL","1 - CONCRETE","N/A","P - PEDESTRIAN","1 - CLEAR","45220",3,0.304,0.128444795498199,680038,39.1344993725419,-84.5211966698672,"CUF",273417
"33XX GLENMORE AV",39.148107,-84.613531,"31-40","WESTWOOD","WESTWOOD","12/09/2015 07:28:14 PM +0000","01 - NOT AN INTERSECTION","2 - INJURY",2,"12/09/2015 07:31:23 PM +0000","WED","M - MALE","2 - POSSIBLE","A0980272-ABE1-4A1F-96FF-89EBCFAA9B06","4 - DARK - LIGHTED ROADWAY","155018024","1 - NOT COLLISION BETWEEN TWO MOTOR VEHICLES IN TRANSPORT","01 - DRY","1 - STRAIGHT LEVEL","2 - BLACKTOP, BITUMINOUS, ASPHALT","WESTWOOD","P - PEDESTRIAN","1 - CLEAR","45211",2,1.103,0.140024672748906,1090044,39.1479779260586,-84.6138243956329,"Westwood",204284
"10XX W LIBERTY",39.113351,-84.533953,"61-70","N/A","N/A","01/14/2016 04:35:00 PM +0000","01 - NOT AN INTERSECTION","2 - INJURY",2,"01/14/2016 04:35:00 PM +0000","THU","F - FEMALE","2 - POSSIBLE","D7CAFCBA-CAD5-462F-8C76-379B2E37A50E","1 - DAYLIGHT","165000731","1 - NOT COLLISION BETWEEN TWO MOTOR VEHICLES IN TRANSPORT","01 - DRY","1 - STRAIGHT LEVEL","2 - BLACKTOP, BITUMINOUS, ASPHALT","N/A","P - PEDESTRIAN","1 - CLEAR","45214",2,1.103,0.16149486063228,740029,39.1142507932005,-84.5347519489284,"West End",276647
"21XX RAVINE ST",39.121481,-84.525626,"41-50","OTR","OVER-THE-RHINE","09/05/2018 05:55:00 AM +0000","03 - T-INTERSECTION","2 - INJURY",2,"09/05/2018 06:01:00 AM +0000","WED","M - MALE","4 - INCAPACITATING","315BEBCA-4C85-4871-8B33-BB7928EB611A","4 - DARK - LIGHTED ROADWAY","185012474","1 - NOT COLLISION BETWEEN TWO MOTOR VEHICLES IN TRANSPORT","01 - DRY","2 - STRAIGHT GRADE","2 - BLACKTOP, BITUMINOUS, ASPHALT","CUF","P - PEDESTRIAN","1 - CLEAR","45214",4,0.141,0.159168848320911,700032,39.1210000144559,-84.5257150961681,"Over-The-Rhine",202750
"XX E LIBERTY ST",39.099583,-84.508063,"41-50","N/A","N/A","11/17/2014 11:00:00 PM +0000","02 - FOUR-WAY INTERSECTION","2 - INJURY",2,"11/17/2014 11:00:00 PM +0000","MON","F - FEMALE","2 - POSSIBLE","C3459F39-CAE3-4A33-A427-D76C014F0A11","4 - DARK - LIGHTED ROADWAY","145011815","1 - NOT COLLISION BETWEEN TWO MOTOR VEHICLES IN TRANSPORT","03 - SNOW","1 - STRAIGHT LEVEL","1 - CONCRETE","N/A","P - PEDESTRIAN","1 - CLEAR","45202",2,1.103,0.114972293245951,620022,39.0984963316286,-84.5076413917624,"Central Business District",273189
"48XX READING RD",39.174557,-84.466661,"31-40","N/A","N/A","09/16/2016 10:55:00 PM +0000","01 - NOT AN INTERSECTION","2 - INJURY",2,"09/16/2016 10:56:00 PM +0000","FRI","M - MALE","4 - INCAPACITATING","19E7BD34-092E-462E-AC26-C327FBA6E2AA","4 - DARK - LIGHTED ROADWAY","165015156","1 - NOT COLLISION BETWEEN TWO MOTOR VEHICLES IN TRANSPORT","01 - DRY","1 - STRAIGHT LEVEL","2 - BLACKTOP, BITUMINOUS, ASPHALT","N/A","P - PEDESTRIAN","1 - CLEAR","45237",4,0.141,0.211524356113764,440056,39.1749779461206,-84.4669755681551,"Bond Hill",199607
"6XX SEDAM ST",39.090648,-84.570739,"51-60","N/A","N/A","07/26/2018 02:02:00 PM +0000","01 - NOT AN INTERSECTION","2 - INJURY",2,"07/26/2018 02:03:00 PM +0000","THU","M - MALE","3 - NON-INCAPACITATING","B59C085A-3208-4C72-AD46-4E524B8F31E1","1 - DAYLIGHT","185010389","1 - NOT COLLISION BETWEEN TWO MOTOR VEHICLES IN TRANSPORT","01 - DRY","1 - STRAIGHT LEVEL","1 - CONCRETE","N/A","P - PEDESTRIAN","1 - CLEAR","45204",3,0.304,0.111146283569282,900019,39.0917469360083,-84.5708993592416,"Sedamsville",203427
"2XX E KING DR",39.135838,-84.505954,"61-70","N/A","N/A","05/28/2018 10:10:00 AM +0000","02 - FOUR-WAY INTERSECTION","1 - FATAL INJURY",1,"05/28/2018 10:10:00 AM +0000","MON","F - FEMALE","5 - FATAL","2B51DCE8-25FE-471E-9B88-8D760A87742A","1 - DAYLIGHT","185007482","1 - NOT COLLISION BETWEEN TWO MOTOR VEHICLES IN TRANSPORT","01 - DRY","1 - STRAIGHT LEVEL","2 - BLACKTOP, BITUMINOUS, ASPHALT","N/A","P - PEDESTRIAN","1 - CLEAR","45219",5,0.046,0.0928654907953208,610039,39.1367457111998,-84.5053821787705,"Corryville",200172
"12XX HOPPLE",39.137856,-84.337051,"51-60","N/A","N/A","01/15/2014 02:20:00 PM +0000","01 - NOT AN INTERSECTION","2 - INJURY",2,"01/31/2014 07:00:00 PM +0000","WED","M - MALE","2 - POSSIBLE","441F54F2-A183-4337-8AE0-757BFF274924","1 - DAYLIGHT","145000366","1 - NOT COLLISION BETWEEN TWO MOTOR VEHICLES IN TRANSPORT","01 - DRY","2 - STRAIGHT GRADE","1 - CONCRETE","N/A","P - PEDESTRIAN","2 - CLOUDY","45225",2,1.103,0.149802700077049,30046,39.1523831508322,-84.3743479954349,"Madisonville",201948
"31XX ROBERTSON",39.154792,-84.430098,"51-60","N/A","N/A","10/25/2013 07:35:00 AM +0000","02 - FOUR-WAY INTERSECTION","2 - INJURY",2,"10/25/2013 11:00:00 AM +0000","FRI","F - FEMALE","2 - POSSIBLE","8E4F29B7-9F61-4FA6-BDA6-F8C2261C79EB","1 - DAYLIGHT","135011426","1 - NOT COLLISION BETWEEN TWO MOTOR VEHICLES IN TRANSPORT","01 - DRY","1 - STRAIGHT LEVEL","2 - BLACKTOP, BITUMINOUS, ASPHALT","N/A","P - PEDESTRIAN","1 - CLEAR","45209",2,1.103,0.0993482583671825,280047,39.1546996671409,-84.4308281938996,"Oakley",202657
"31XX HARRISON AV",39.151758,-84.601325,"41-50","N/A","N/A","09/03/2016 10:30:00 PM +0000","01 - NOT AN INTERSECTION","2 - INJURY",2,"09/03/2016 10:32:00 PM +0000","SAT","F - FEMALE","3 - NON-INCAPACITATING","F55B5404-E486-404D-9E59-FD89FADBE5A0","4 - DARK - LIGHTED ROADWAY","165014324","2 - REAR-END","01 - DRY","1 - STRAIGHT LEVEL","2 - BLACKTOP, BITUMINOUS, ASPHALT","N/A","P - PEDESTRIAN","1 - CLEAR","45211",3,0.304,0.118760967926684,1030046,39.1524856495317,-84.6002691236467,"Westwood",204284
"40XX RED BANK RD",39.14761,-84.405112,"OVER 70","N/A","N/A","05/24/2015 12:25:00 PM +0000","99 - UNKNOWN","2 - INJURY",2,"05/24/2015 12:50:00 PM +0000","SUN","F - FEMALE","4 - INCAPACITATING","D59BA0DF-060D-4C46-9872-D3EC8C9FB07C","1 - DAYLIGHT","155007151","1 - NOT COLLISION BETWEEN TWO MOTOR VEHICLES IN TRANSPORT","01 - DRY","2 - STRAIGHT GRADE","1 - CONCRETE","N/A","P - PEDESTRIAN","1 - CLEAR","45227",4,0.141,0.108627889420022,170044,39.1479237561556,-84.4059768935486,"Hyde Park",201414
"16XX CENTRAL PY",39.11397,-84.52041,"31-40","N/A","N/A","10/14/2014 03:22:00 PM +0000","02 - FOUR-WAY INTERSECTION","2 - INJURY",2,"10/14/2014 03:22:00 PM +0000","TUE","M - MALE","3 - NON-INCAPACITATING","CB1BF3CD-7820-40B5-8EA8-B4928A495E4F","1 - DAYLIGHT","145010137","1 - NOT COLLISION BETWEEN TWO MOTOR VEHICLES IN TRANSPORT","02 - WET","1 - STRAIGHT LEVEL","2 - BLACKTOP, BITUMINOUS, ASPHALT","N/A","P - PEDESTRIAN","2 - CLOUDY","45214",3,0.304,0.105926392119189,680029,39.1142493542549,-84.5211966698999,"Over-The-Rhine",202750
"2XX GOODMAN ST",39.13639,-84.50285,"51-60","CORRYVILLE","CORRYVILLE","09/05/2013 05:15:00 PM +0000","01 - NOT AN INTERSECTION","2 - INJURY",2,"09/05/2013 05:20:00 PM +0000","THU","M - MALE","3 - NON-INCAPACITATING","6FD15BEC-CF35-4C1B-9D3E-FB088ACAD22F","1 - DAYLIGHT","135010076","1 - NOT COLLISION BETWEEN TWO MOTOR VEHICLES IN TRANSPORT","01 - DRY","1 - STRAIGHT LEVEL","1 - CONCRETE","CORRYVILLE","P - PEDESTRIAN","1 - CLEAR","45219",3,0.304,0.216960849201901,600039,39.136745013415,-84.5031229659084,"Corryville",200172
"W MCMICKEN AV",39.121749,-84.527185,"51-60","N/A","N/A","07/25/2013 10:10:00 PM +0000","01 - NOT AN INTERSECTION","2 - INJURY",2,"08/07/2013 12:15:00 PM +0000","THU","M - MALE","3 - NON-INCAPACITATING","07A010C4-073A-460E-A17E-ABCF5D596476","4 - DARK - LIGHTED ROADWAY","135008849","1 - NOT COLLISION BETWEEN TWO MOTOR VEHICLES IN TRANSPORT","01 - DRY","2 - STRAIGHT GRADE","2 - BLACKTOP, BITUMINOUS, ASPHALT","N/A","P - PEDESTRIAN","1 - CLEAR","45214",3,0.304,0.157424185122175,710032,39.1210002760952,-84.5279743093363,"Over-The-Rhine",202750
"58XX PAMELEEN CT",39.204721,-84.577991,"UNDER 18","MOUNT AIRY","MOUNT AIRY","09/15/2017 06:10:00 PM +0000","01 - NOT AN INTERSECTION","2 - INJURY",2,"09/15/2017 06:17:00 PM +0000","FRI","F - FEMALE","2 - POSSIBLE","BCA892AA-EAB2-4926-A1D0-522E6747B299","1 - DAYLIGHT","175014013","1 - NOT COLLISION BETWEEN TWO MOTOR VEHICLES IN TRANSPORT","01 - DRY","1 - STRAIGHT LEVEL","2 - BLACKTOP, BITUMINOUS, ASPHALT","MT. AIRY","P - PEDESTRIAN","1 - CLEAR","45239",2,1.103,0.202474434246705,930069,39.2042450717729,-84.5776769980736,"Mt. Airy",274620
"45XX READING RD",39.166914,-84.470885,"26-30","N/A","N/A","12/06/2017 03:20:00 PM +0000","01 - NOT AN INTERSECTION","2 - INJURY",2,"12/06/2017 03:24:00 PM +0000","WED","F - FEMALE","3 - NON-INCAPACITATING","A9FC4802-4CB0-4EA0-9D69-0BF2ADB9F39D","1 - DAYLIGHT","175018618","1 - NOT COLLISION BETWEEN TWO MOTOR VEHICLES IN TRANSPORT","01 - DRY","1 - STRAIGHT LEVEL","2 - BLACKTOP, BITUMINOUS, ASPHALT","N/A","P - PEDESTRIAN","1 - CLEAR","45229",3,0.304,0.110953296786787,460052,39.1659806875553,-84.471493991855,"Paddock Hills",274942
"25XX CLIFTON AV",39.127386,-84.521004,"31-40","N/A","N/A","08/22/2015 08:54:00 PM +0000","03 - T-INTERSECTION","2 - INJURY",2,"08/22/2015 08:56:00 PM +0000","SAT","M - MALE","2 - POSSIBLE","529505B9-664D-4378-B559-F5B0536ADA62","4 - DARK - LIGHTED ROADWAY","155011785","1 - NOT COLLISION BETWEEN TWO MOTOR VEHICLES IN TRANSPORT","01 - DRY","1 - STRAIGHT LEVEL","2 - BLACKTOP, BITUMINOUS, ASPHALT","N/A","P - PEDESTRIAN","1 - CLEAR","45221",2,1.103,0.110321248608516,680035,39.1277493664531,-84.5211966698781,"CUF",273417