"address_x","lat","long","age","community_council_neighborhood","cpd_neighborhood","crashdate","crashlocation","crashseverity","crashseverityid","datecrashreported","dayofweek","gender","injuries","instanceid","lightconditionsprimary","localreportno","mannerofcrash","roadconditionsprimary","roadcontour","roadsurface","sna_neighborhood","typeofperson","weather","zip","injury_type_num","cost","dist","cell_id","lat_cell","long_cell","hood","hood_id"
"3XX E 8TH ST",39.104163,-84.509026,"OVER 70","N/A","N/A","03/03/2017 11:05:00 AM +0000","02 - FOUR-WAY INTERSECTION","1 - FATAL INJURY",1,"03/03/2017 11:05:00 AM +0000","FRI","F - FEMALE","5 - FATAL","3D2A58AB-1050-425B-8034-FA8A03EE2612","1 - DAYLIGHT","175003100","6 - ANGLE","01 - DRY","1 - STRAIGHT LEVEL","2 - BLACKTOP, BITUMINOUS, ASPHALT","N/A","P - PEDESTRIAN","1 - CLEAR","45202",5,0.046,0.212349218642573,630025,39.1052469480212,-84.50990060469,"Central Business District",273189
"9XX MAIN ST",39.105794,-84.509779,"51-60","N/A","N/A","04/11/2013 10:35:00 AM +0000","01 - NOT AN INTERSECTION","2 - INJURY",2,"04/11/2013 10:39:00 AM +0000","THU","M - MALE","3 - NON-INCAPACITATING","71428561-E218-4FA9-8B5F-E7A8031FCC2B","1 - DAYLIGHT","135004399","5 - BACKING","02 - WET","1 - STRAIGHT LEVEL","2 - BLACKTOP, BITUMINOUS, ASPHALT","N/A","P - PEDESTRIAN","4 - RAIN","45202",3,0.304,0.212349218642573,630025,39.1052469480212,-84.50990060469,"Central Business District",273189
"XX W 66TH ST",39.190358,-84.484778,"UNDER 18","N/A","N/A","10/23/2016 04:37:00 PM +0000","01 - NOT AN INTERSECTION","2 - INJURY",2,"10/23/2016 04:37:00 PM +0000","SUN","M - MALE","2 - POSSIBLE","4CBC1446-C155-4523-80EA-BB34B0822766","1 - DAYLIGHT","165017555","1 - NOT COLLISION BETWEEN TWO MOTOR VEHICLES IN TRANSPORT","01 - DRY","1 - STRAIGHT LEVEL","2 - BLACKTOP, BITUMINOUS, ASPHALT","N/A","P - PEDESTRIAN","1 - CLEAR","45216",2,1.103,0.106878992481548,520063,39.1907379050794,-84.4850492647368,"Carthage",199885
"16XX HARRISON AV",39.125165,-84.549029,"61-70","N/A","N/A","01/03/2017 06:19:00 PM +0000","02 - FOUR-WAY INTERSECTION","2 - INJURY",2,"01/03/2017 06:19:00 PM +0000","TUE","M - MALE","3 - NON-INCAPACITATING","B7007194-F288-48D5-B580-34AFD44AD66A","4 - DARK - LIGHTED ROADWAY","175000118","1 - NOT COLLISION BETWEEN TWO MOTOR VEHICLES IN TRANSPORT","02 - WET","1 - STRAIGHT LEVEL","2 - BLACKTOP, BITUMINOUS, ASPHALT","N/A","P - PEDESTRIAN","4 - RAIN","45214",3,0.304,0.187310190707058,800034,39.1255006726601,-84.5483072282059,"South Fairmount",203599
"53XX COLERAIN AV",39.219078,-84.587031,"UNDER 18","N/A","N/A","05/13/2016 10:41:00 PM +0000","01 - NOT AN INTERSECTION","2 - INJURY",2,"05/13/2016 10:42:00 PM +0000","FRI","M - MALE","3 - NON-INCAPACITATING","ABF95D35-BD0D-4AE0-85AB-B73F08E10E06","4 - DARK - LIGHTED ROADWAY","165007472","1 - NOT COLLISION BETWEEN TWO MOTOR VEHICLES IN TRANSPORT","01 - DRY","1 - STRAIGHT LEVEL","1 - CONCRETE","N/A","P - PEDESTRIAN","1 - CLEAR","45223",3,0.304,0.202474434246705,930069,39.2042450717729,-84.5776769980736,"Mt. Airy",274620
"12XX W 8TH",39.105133,-84.536738,"41-50","N/A","N/A","08/19/2014 01:49:00 PM +0000","01 - NOT AN INTERSECTION","2 - INJURY",2,"08/19/2014 01:50:00 PM +0000","TUE","M - MALE","4 - INCAPACITATING","02828008-3F2D-4E3E-BCC9-6A4F5070D328","1 - DAYLIGHT","145007505","1 - NOT COLLISION BETWEEN TWO MOTOR VEHICLES IN TRANSPORT","01 - DRY","1 - STRAIGHT LEVEL","1 - CONCRETE","N/A","P - PEDESTRIAN","1 - CLEAR","45203",4,0.141,0.207836686131771,750025,39.1052508721617,-84.5370111621479,"Lower Price Hill",276431
"69XX READING RD",39.186656,-84.464166,"41-50","BOND HILL","BONDHILL","07/12/2015 05:04:00 AM +0000","01 - NOT AN INTERSECTION","3 - PROPERTY DAMAGE ONLY (PDO)",3,"07/12/2015 07:31:07 AM +0000","SUN","M - MALE","1 - NO INJURY / NONE REPORTED","DCF752AF-62DB-45CA-A513-F60C0360C0F6","4 - DARK - LIGHTED ROADWAY","155009531","7 - SIDESWIPE, SAME DIRECTION","02 - WET","4 - CURVE GRADE","2 - BLACKTOP, BITUMINOUS, ASPHALT","ROSELAWN","P - PEDESTRIAN","4 - RAIN","45237",1,10.082,0.106339542128855,430061,39.1862265147531,-84.4647163564144,"Bond Hill",199607
"58XX KELLOGG AV",39.065147,-84.423251,"31-40","N/A","N/A","09/30/2017 01:35:00 AM +0000","01 - NOT AN INTERSECTION","2 - INJURY",2,"09/30/2017 01:40:00 AM +0000","SAT","M - MALE","2 - POSSIBLE","7A4CC851-537D-4270-98C6-06611CEAC67A","4 - DARK - LIGHTED ROADWAY","175014773","1 - NOT COLLISION BETWEEN TWO MOTOR VEHICLES IN TRANSPORT","01 - DRY","1 - STRAIGHT LEVEL","2 - BLACKTOP, BITUMINOUS, ASPHALT","N/A","P - PEDESTRIAN","1 - CLEAR","45228",2,1.103,0.161635611938999,250007,39.0646930799414,-84.4240505650856,"California",199824
"1XX JOE NUXHALL WY",39.097896,-84.508305,"26-30","N/A","N/A","08/21/2013 09:49:00 PM +0000","01 - NOT AN INTERSECTION","2 - INJURY",2,"08/21/2013 09:49:00 PM +0000","WED","F - FEMALE","4 - INCAPACITATING","C534845C-FE4E-4831-AF7F-CB2A26F07142","4 - DARK - LIGHTED ROADWAY","135009521","1 - NOT COLLISION BETWEEN TWO MOTOR VEHICLES IN TRANSPORT","01 - DRY","1 - STRAIGHT LEVEL","1 - CONCRETE","N/A","P - PEDESTRIAN","1 - CLEAR","45202",4,0.141,0.114972293245951,620022,39.0984963316286,-84.5076413917624,"Central Business District",273189
"11XX PURCELL AV",39.112142,-84.564343,"UNDER 18","EAST PRICE HILL","EAST PRICE HILL","04/23/2015 06:51:00 PM +0000","01 - NOT AN INTERSECTION","2 - INJURY",2,"04/23/2015 06:51:00 PM +0000","THU","F - FEMALE","3 - NON-INCAPACITATING","370CC282-A2D5-4165-A384-6D37B9FF1645","1 - DAYLIGHT","155005580","1 - NOT COLLISION BETWEEN TWO MOTOR VEHICLES IN TRANSPORT","01 - DRY","1 - STRAIGHT LEVEL","2 - BLACKTOP, BITUMINOUS, ASPHALT","EAST PRICE HILL","P - PEDESTRIAN","1 - CLEAR","45205",3,0.304,0.0910180902795156,870028,39.111998523745,-84.5641217202132,"East Price Hill",273561
"55XX GLENWAY AV",39.131001,-84.610046,"26-30","WESTWOOD","WESTWOOD","06/09/2017 03:20:00 PM +0000","10 - DRIVEWAY/ALLEY ACCESS","2 - INJURY",2,"06/09/2017 03:56:16 PM +0000","FRI","M - MALE","2 - POSSIBLE","5BDC118C-C879-42DC-A881-4CC1FB917205","1 - DAYLIGHT","175008643","1 - NOT COLLISION BETWEEN TWO MOTOR VEHICLES IN TRANSPORT","01 - DRY","1 - STRAIGHT LEVEL","2 - BLACKTOP, BITUMINOUS, ASPHALT","WESTWOOD","P - PEDESTRIAN","1 - CLEAR","45238",2,1.103,0.148660775628165,1070036,39.1299806600342,-84.6093059719269,"Westwood",204284
"28XX LINWOOD AV",39.137071,-84.437754,"18-25","N/A","N/A","02/28/2017 08:44:06 AM +0000","01 - NOT AN INTERSECTION","2 - INJURY",2,"02/28/2017 08:45:07 AM +0000","TUE","F - FEMALE","4 - INCAPACITATING","23D2E5F9-61F2-44F0-9607-78016924545D","1 - DAYLIGHT","175002890","1 - NOT COLLISION BETWEEN TWO MOTOR VEHICLES IN TRANSPORT","02 - WET","1 - STRAIGHT LEVEL","2 - BLACKTOP, BITUMINOUS, ASPHALT","N/A","P - PEDESTRIAN","4 - RAIN","45208",4,0.141,0.122397573439027,310039,39.1367058066428,-84.4376058243559,"Hyde Park",201414
"27XX WOODBURN AV",39.127881,-84.477087,"UNDER 18","N/A","N/A","07/05/2018 08:24:00 AM +0000","01 - NOT AN INTERSECTION","2 - INJURY",2,"07/05/2018 08:25:00 AM +0000","THU","F - FEMALE","2 - POSSIBLE","69626C1B-5EE3-4347-9746-56A838DECC90","1 - DAYLIGHT","185009337","1 - NOT COLLISION BETWEEN TWO MOTOR VEHICLES IN TRANSPORT","01 - DRY","1 - STRAIGHT LEVEL","2 - BLACKTOP, BITUMINOUS, ASPHALT","N/A","P - PEDESTRIAN","1 - CLEAR","45206",2,1.103,0.0911690232360323,500036,39.1299856315178,-84.4805308403109,"Walnut Hills",204112
"23XX BEECHMONT AV",39.096208,-84.386219,"61-70","N/A","N/A","07/17/2015 09:00:39 PM +0000","01 - NOT AN INTERSECTION","2 - INJURY",2,"07/17/2015 09:15:00 PM +0000","FRI","M - MALE","4 - INCAPACITATING","8BC441DD-8F04-4E88-918B-4F489E9FD2A7","3 - DUSK","155009809","1 - NOT COLLISION BETWEEN TWO MOTOR VEHICLES IN TRANSPORT","02 - WET","1 - STRAIGHT LEVEL","2 - BLACKTOP, BITUMINOUS, ASPHALT","N/A","P - PEDESTRIAN","4 - RAIN","45230",4,0.141,0.100705949154849,80021,39.0961486250141,-84.3856440263576,"Mt. Washington",274624
"2XX W MCMILLAN ST",39.127307,-84.520863,"18-25","N/A","N/A","02/07/2017 09:50:00 PM +0000","01 - NOT AN INTERSECTION","2 - INJURY",2,"02/08/2017 03:35:00 PM +0000","TUE","F - FEMALE","2 - POSSIBLE","A2072879-1C35-4A24-A649-9B384A70EB96","4 - DARK - LIGHTED ROADWAY","175001911","1 - NOT COLLISION BETWEEN TWO MOTOR VEHICLES IN TRANSPORT","01 - DRY","1 - STRAIGHT LEVEL","1 - CONCRETE","N/A","P - PEDESTRIAN","1 - CLEAR","45219",2,1.103,0.110321248608516,680035,39.1277493664531,-84.5211966698781,"CUF",273417
"52XX EASTKNOLL CT",39.187535,-84.573863,"41-50","N/A","N/A","06/25/2018 11:35:00 PM +0000","01 - NOT AN INTERSECTION","2 - INJURY",2,"06/25/2018 11:38:00 PM +0000","MON","F - FEMALE","3 - NON-INCAPACITATING","90908731-3697-4052-BCE5-997667AF66BB","5 - DARK – ROADWAY NOT LIGHTED","185008873","1 - NOT COLLISION BETWEEN TWO MOTOR VEHICLES IN TRANSPORT","01 - DRY","1 - STRAIGHT LEVEL","2 - BLACKTOP, BITUMINOUS, ASPHALT","N/A","P - PEDESTRIAN","2 - CLOUDY","45239",3,0.304,0.107921722860371,910062,39.1884964106778,-84.573158572277,"Mt. Airy",274620
"34XX BURNET AV",39.142229,-84.500628,"41-50","N/A","N/A","11/29/2016 02:10:00 PM +0000","02 - FOUR-WAY INTERSECTION","2 - INJURY",2,"11/29/2016 02:12:00 PM +0000","TUE","F - FEMALE","2 - POSSIBLE","B2D4EF6B-EDC7-4347-BF40-06D82963E3FD","1 - DAYLIGHT","165019878","1 - NOT COLLISION BETWEEN TWO MOTOR VEHICLES IN TRANSPORT","01 - DRY","1 - STRAIGHT LEVEL","2 - BLACKTOP, BITUMINOUS, ASPHALT","N/A","P - PEDESTRIAN","1 - CLEAR","45229",2,1.103,0.125824217348466,590041,39.1412442759061,-84.5008637530809,"Corryville",200172
"XX E LIBERTY ST",39.112099,-84.514774,"26-30","N/A","N/A","11/27/2013 12:35:00 PM +0000","02 - FOUR-WAY INTERSECTION","3 - PROPERTY DAMAGE ONLY (PDO)",3,"11/27/2013 12:37:00 PM +0000","WED","M - MALE","1 - NO INJURY / NONE REPORTED","1933CD5D-2391-45F0-AF73-3D53A175B5FE","1 - DAYLIGHT","135012365","1 - NOT COLLISION BETWEEN TWO MOTOR VEHICLES IN TRANSPORT","01 - DRY","1 - STRAIGHT LEVEL","2 - BLACKTOP, BITUMINOUS, ASPHALT","N/A","P - PEDESTRIAN","2 - CLOUDY","45202",1,10.082,0.215255452044015,650028,39.1119980441079,-84.5144190306731,"Over-The-Rhine",202750
"1XX E MCMILLAN ST",39.126581,-84.504671,"18-25","MOUNT AUBURN","MOUNT  AUBURN","10/22/2016 08:05:00 PM +0000","01 - NOT AN INTERSECTION","2 - INJURY",2,"10/23/2016 11:50:02 AM +0000","SAT","M - MALE","2 - POSSIBLE","C96EB8EF-AB9D-4896-AEB2-08B75B3BE442","4 - DARK - LIGHTED ROADWAY","165017541","1 - NOT COLLISION BETWEEN TWO MOTOR VEHICLES IN TRANSPORT","01 - DRY","2 - STRAIGHT GRADE","1 - CONCRETE","MT. AUBURN","P - PEDESTRIAN","1 - CLEAR","45219",2,1.103,0.0927771939943615,610034,39.1254957013508,-84.5053821787971,"Mt. Auburn",274621
"3XX E 8TH ST",39.104933,-84.509226,"OVER 70","N/A","N/A","03/03/2017 11:05:00 AM +0000","02 - FOUR-WAY INTERSECTION","1 - FATAL INJURY",1,"03/03/2017 11:05:00 AM +0000","FRI","F - FEMALE","5 - FATAL","5B83437F-BD6B-4BB2-B598-72C32CD0D2DE","1 - DAYLIGHT","175003100","6 - ANGLE","01 - DRY","1 - STRAIGHT LEVEL","2 - BLACKTOP, BITUMINOUS, ASPHALT","N/A","P - PEDESTRIAN","1 - CLEAR","45202",5,0.046,0.212349218642573,630025,39.1052469480212,-84.50990060469,"Central Business District",273189
"X W CORRY ST",39.128641,-84.509778,"18-25","CORRYVILLE","CORRYVILLE","05/06/2017 11:40:00 PM +0000","01 - NOT AN INTERSECTION","2 - INJURY",2,"05/06/2017 11:48:00 PM +0000","SAT","M - MALE","2 - POSSIBLE","E817AFAA-101B-41AB-89F0-83A975A771B5","4 - DARK - LIGHTED ROADWAY","175006764","1 - NOT COLLISION BETWEEN TWO MOTOR VEHICLES IN TRANSPORT","01 - DRY","2 - STRAIGHT GRADE","2 - BLACKTOP, BITUMINOUS, ASPHALT","CORRYVILLE","P - PEDESTRIAN","1 - CLEAR","45219",2,1.103,0.13432532964,630035,39.1277469679745,-84.5099006046416,"Corryville",200172
"17XX DANA AV",39.147159,-84.467905,"41-50","N/A","N/A","12/22/2016 05:45:00 AM +0000","02 - FOUR-WAY INTERSECTION","2 - INJURY",2,"12/22/2016 05:45:00 AM +0000","THU","M - MALE","3 - NON-INCAPACITATING","4ED3D898-012C-4B5E-B3D9-8AE890B2C289","4 - DARK - LIGHTED ROADWAY","165021374","1 - NOT COLLISION BETWEEN TWO MOTOR VEHICLES IN TRANSPORT","01 - DRY","1 - STRAIGHT LEVEL","2 - BLACKTOP, BITUMINOUS, ASPHALT","N/A","P - PEDESTRIAN","1 - CLEAR","45207",3,0.304,0.116301140140444,440043,39.1457279243952,-84.4669755682638,"Evanston",200632
"27XX JEFFERSON AV",39.129911,-84.511966,"18-25","CORRYVILLE","CORRYVILLE","10/30/2017 06:45:00 PM +0000","02 - FOUR-WAY INTERSECTION","2 - INJURY",2,"10/30/2017 06:47:00 PM +0000","MON","M - MALE","3 - NON-INCAPACITATING","28F8DA6A-287F-4093-88F3-0FBAD0F2C60C","4 - DARK - LIGHTED ROADWAY","175016595","1 - NOT COLLISION BETWEEN TWO MOTOR VEHICLES IN TRANSPORT","02 - WET","1 - STRAIGHT LEVEL","2 - BLACKTOP, BITUMINOUS, ASPHALT","CORRYVILLE","P - PEDESTRIAN","2 - CLOUDY","45221",3,0.304,0.109672164668597,640036,39.1299975368881,-84.5121598176199,"CUF",273417
"19XX WESTWOOD NORTHERN BV",39.143045,-84.559871,"31-40","N/A","N/A","10/11/2017 08:00:00 AM +0000","03 - T-INTERSECTION","2 - INJURY",2,"10/11/2017 08:02:00 AM +0000","WED","F - FEMALE","2 - POSSIBLE","CA8A64F0-1FBA-44B9-AE73-ED379BBDD13C","1 - DAYLIGHT","175015410","1 - NOT COLLISION BETWEEN TWO MOTOR VEHICLES IN TRANSPORT","02 - WET","1 - STRAIGHT LEVEL","2 - BLACKTOP, BITUMINOUS, ASPHALT","N/A","P - PEDESTRIAN","2 - CLOUDY","45225",2,1.103,0.119634470519922,850042,39.1434993806465,-84.5596032940415,"North Fairmount",274707
"21XX BEECHMONT AV",39.093881,-84.387188,"26-30","N/A","N/A","01/25/2018 05:10:00 PM +0000","01 - NOT AN INTERSECTION","3 - PROPERTY DAMAGE ONLY (PDO)",3,"01/25/2018 05:30:00 PM +0000","THU","M - MALE","1 - NO INJURY / NONE REPORTED","0B94AC97-01BA-4AD4-B1B3-451449473985","1 - DAYLIGHT","185001299","1 - NOT COLLISION BETWEEN TWO MOTOR VEHICLES IN TRANSPORT","01 - DRY","1 - STRAIGHT LEVEL","2 - BLACKTOP, BITUMINOUS, ASPHALT","N/A","P - PEDESTRIAN","1 - CLEAR","45230",1,10.082,0.12738423571022,90020,39.0939015892843,-84.3879032331191,"Mt. Washington",274624
"57XX COLERAIN AV",39.198269,-84.578101,"51-60","MOUNT AIRY","MOUNT AIRY","08/13/2018 01:52:00 PM +0000","01 - NOT AN INTERSECTION","2 - INJURY",2,"08/13/2018 01:54:00 PM +0000","MON","M - MALE","3 - NON-INCAPACITATING","7C90E890-954F-4977-A702-248372928576","1 - DAYLIGHT","185011283","1 - NOT COLLISION BETWEEN TWO MOTOR VEHICLES IN TRANSPORT","01 - DRY","1 - STRAIGHT LEVEL","2 - BLACKTOP, BITUMINOUS, ASPHALT","MT. AIRY","P - PEDESTRIAN","1 - CLEAR","45239",3,0.304,0.135882564759832,930066,39.1974950659665,-84.5776769980657,"Mt. Airy",274620
"28XX BOUDINOT AV",39.133624,-84.601632,"51-60","N/A","N/A","12/09/2014 03:45:00 PM +0000","02 - FOUR-WAY INTERSECTION","2 - INJURY",2,"12/10/2014 06:00:00 PM +0000","TUE","M - MALE","2 - POSSIBLE","0FCA9ECE-E207-40E5-8627-48414767DC1C","1 - DAYLIGHT","155000129","1 - NOT COLLISION BETWEEN TWO MOTOR VEHICLES IN TRANSPORT","01 - DRY","1 - STRAIGHT LEVEL","2 - BLACKTOP, BITUMINOUS, ASPHALT","N/A","P - PEDESTRIAN","1 - CLEAR","45238",2,1.103,0.126222288946133,1040038,39.1344844576256,-84.6025283358099,"Westwood",204284
"40XX GLENWAY",39.115003,-84.57827,"UNDER 18","N/A","N/A","03/11/2014 03:10:15 PM +0000","03 - T-INTERSECTION","3 - PROPERTY DAMAGE ONLY (PDO)",3,"03/11/2014 03:20:45 PM +0000","TUE","F - FEMALE","1 - NO INJURY / NONE REPORTED","8B1301B2-5C36-4138-AFB4-850ECF58A0A9","1 - DAYLIGHT","145001966","1 - NOT COLLISION BETWEEN TWO MOTOR VEHICLES IN TRANSPORT","01 - DRY","1 - STRAIGHT LEVEL","2 - BLACKTOP, BITUMINOUS, ASPHALT","N/A","P - PEDESTRIAN","1 - CLEAR","45205",1,10.082,0.105555475259037,930029,39.1142449938065,-84.577676997968,"West Price HIll",275981
"24XX GILBERT AV",39.126295,-84.491277,"51-60","WALNUT HILLS","WALNUT HILLS","03/29/2014 12:40:00 AM +0000","03 - T-INTERSECTION","2 - INJURY",2,"03/29/2014 02:11:39 PM +0000","SAT","M - MALE","3 - NON-INCAPACITATING","85915936-2909-476D-9470-0A6A6212564E","4 - DARK - LIGHTED ROADWAY","145002443","1 - NOT COLLISION BETWEEN TWO MOTOR VEHICLES IN TRANSPORT","01 - DRY","1 - STRAIGHT LEVEL","2 - BLACKTOP, BITUMINOUS, ASPHALT","WALNUT HILLS","P - PEDESTRIAN","1 - CLEAR","45206",3,0.304,0.111073882263427,550034,39.1254908608637,-84.4918269023792,"Walnut Hills",204112
"51XX HAWAIIAN TE",39.183593,-84.567368,"UNDER 18","MOUNT AIRY","MOUNT AIRY","10/13/2016 03:29:35 PM +0000","01 - NOT AN INTERSECTION","2 - INJURY",2,"10/13/2016 03:29:45 PM +0000","THU","M - MALE","4 - INCAPACITATING","E489A72C-0886-439C-BE23-2238E7038B27","1 - DAYLIGHT","165016863","1 - NOT COLLISION BETWEEN TWO MOTOR VEHICLES IN TRANSPORT","01 - DRY","2 - STRAIGHT GRADE","2 - BLACKTOP, BITUMINOUS, ASPHALT","MT. AIRY","P - PEDESTRIAN","1 - CLEAR","45223",4,0.141,0.156225120163836,880060,39.183998108185,-84.5663809333088,"Mt. Airy",274620
"21XX FERGUSON RD",39.123981,-84.601816,"UNDER 18","N/A","N/A","05/04/2018 02:16:00 PM +0000","01 - NOT AN INTERSECTION","2 - INJURY",2,"05/04/2018 02:16:00 PM +0000","FRI","F - FEMALE","3 - NON-INCAPACITATING","DE71FC2E-8512-40D9-8083-428CA3C12018","1 - DAYLIGHT","185006189","1 - NOT COLLISION BETWEEN TWO MOTOR VEHICLES IN TRANSPORT","01 - DRY","1 - STRAIGHT LEVEL","2 - BLACKTOP, BITUMINOUS, ASPHALT","N/A","P - PEDESTRIAN","1 - CLEAR","45238",3,0.304,0.184005042253514,1040033,39.1232344486913,-84.6025283357861,"West Price HIll",275981
"16XX WALNUT ST",39.112834,-84.513197,"18-25","OTR","OVER-THE-RHINE","09/12/2014 11:32:29 AM +0000","02 - FOUR-WAY INTERSECTION","2 - INJURY",2,"09/12/2014 11:32:36 AM +0000","FRI","F - FEMALE","3 - NON-INCAPACITATING","DAF263FE-95C1-4351-B983-F3F5C0EF5940","1 - DAYLIGHT","145008554","1 - NOT COLLISION BETWEEN TWO MOTOR VEHICLES IN TRANSPORT","01 - DRY","1 - STRAIGHT LEVEL","2 - BLACKTOP, BITUMINOUS, ASPHALT","OVER-THE-RHINE","P - PEDESTRIAN","1 - CLEAR","45202",3,0.304,0.167756329929267,640028,39.1119975208634,-84.5121598176568,"Over-The-Rhine",202750
"16XX QUEEN CITY AV",39.110677,-84.546382,"61-70","N/A","N/A","06/29/2016 01:05:00 PM +0000","02 - FOUR-WAY INTERSECTION","1 - FATAL INJURY",1,"06/29/2016 01:05:00 PM +0000","WED","M - MALE","3 - NON-INCAPACITATING","5D68CF0C-AB7B-4F67-A365-D852CF7CE3F5","1 - DAYLIGHT","165010107","6 - ANGLE","01 - DRY","1 - STRAIGHT LEVEL","2 - BLACKTOP, BITUMINOUS, ASPHALT","N/A","P - PEDESTRIAN","1 - CLEAR","45214",3,0.304,0.166447235727521,790027,39.1097507890803,-84.546048015005,"Lower Price Hill",276431
"2XX W MITCHELL AV",39.163867,-84.510675,"51-60","N/A","N/A","09/13/2013 02:42:00 PM +0000","02 - FOUR-WAY INTERSECTION","2 - INJURY",2,"09/13/2013 02:44:00 PM +0000","FRI","F - FEMALE","3 - NON-INCAPACITATING","FE690A4B-C0DA-42E4-955F-FA60AF95DCF8","1 - DAYLIGHT","135010131","6 - ANGLE","01 - DRY","1 - STRAIGHT LEVEL","2 - BLACKTOP, BITUMINOUS, ASPHALT","N/A","P - PEDESTRIAN","2 - CLOUDY","45232",3,0.304,0.187057692083897,630051,39.1637469997433,-84.509900604564,"Winton Place",204406
"4XX E KING DR",39.13432,-84.501662,"UNKNOWN","AVONDALE","AVONDALE","05/30/2015 02:17:00 PM +0000","01 - NOT AN INTERSECTION","3 - PROPERTY DAMAGE ONLY (PDO)",3,"05/30/2015 02:18:00 PM +0000","SAT","","1 - NO INJURY / NONE REPORTED","A290D4F4-8A09-401B-B2D4-F5BC54D34B8A","1 - DAYLIGHT","155007429","1 - NOT COLLISION BETWEEN TWO MOTOR VEHICLES IN TRANSPORT","01 - DRY","2 - STRAIGHT GRADE","1 - CONCRETE","AVONDALE","P - PEDESTRIAN","1 - CLEAR","45229",1,10.082,0.0990311442875128,590038,39.1344942700738,-84.5008637530982,"Avondale",199345
"10XX E MCMILLAN ST",39.125576,-84.488352,"UNDER 18","WALNUT HILLS","WALNUT HILLS","11/06/2017 03:15:00 PM +0000","01 - NOT AN INTERSECTION","3 - PROPERTY DAMAGE ONLY (PDO)",3,"11/06/2017 03:18:00 PM +0000","MON","M - MALE","1 - NO INJURY / NONE REPORTED","79DBB5C0-3327-4D60-BD22-EC1F1755FD2B","1 - DAYLIGHT","175017054","1 - NOT COLLISION BETWEEN TWO MOTOR VEHICLES IN TRANSPORT","01 - DRY","1 - STRAIGHT LEVEL","1 - CONCRETE","WALNUT HILLS","P - PEDESTRIAN","1 - CLEAR","45206",1,10.082,0.141446958640806,530034,39.1254888985041,-84.4873084773579,"Walnut Hills",204112
"49XX GLENWAY AV",39.118283,-84.599511,"UNDER 18","N/A","N/A","01/18/2017 07:25:00 AM +0000","01 - NOT AN INTERSECTION","2 - INJURY",2,"01/18/2017 07:26:00 AM +0000","WED","M - MALE","3 - NON-INCAPACITATING","1F1EA867-46AF-49EC-94E9-F1092EAC0B18","2 - DAWN","175000879","1 - NOT COLLISION BETWEEN TWO MOTOR VEHICLES IN TRANSPORT","02 - WET","1 - STRAIGHT LEVEL","2 - BLACKTOP, BITUMINOUS, ASPHALT","N/A","P - PEDESTRIAN","4 - RAIN","45238",3,0.304,0.10139138976865,1030031,39.1187356224711,-84.6002691235776,"West Price HIll",275981
"28XX JEFFERSON AV",39.132965,-84.510279,"26-30","CORRYVILLE - HEIGHTS","CLIFTON/UNIVERSITY HEIGHTS","02/07/2013 03:36:00 PM +0000","02 - FOUR-WAY INTERSECTION","2 - INJURY",2,"02/07/2013 03:36:00 PM +0000","THU","F - FEMALE","4 - INCAPACITATING","12B54EAC-99F3-475E-8A3C-6F85C93F0453","1 - DAYLIGHT","135001694","1 - NOT COLLISION BETWEEN TWO MOTOR VEHICLES IN TRANSPORT","01 - DRY","1 - STRAIGHT LEVEL","1 - CONCRETE","CUF","P - PEDESTRIAN","1 - CLEAR","45221",4,0.141,0.172033063209401,630037,39.1322469719562,-84.5099006046319,"Corryville",200172
"12XX MANSS AV",39.115301,-84.579035,"26-30","WEST PRICE HILL","WEST PRICE HILL","01/06/2016 03:05:00 PM +0000","01 - NOT AN INTERSECTION","2 - INJURY",2,"01/06/2016 03:05:00 PM +0000","WED","M - MALE","4 - INCAPACITATING","99A5E6FA-48B9-4550-97D5-85F5F0B8A502","1 - DAYLIGHT","165000219","1 - NOT COLLISION BETWEEN TWO MOTOR VEHICLES IN TRANSPORT","01 - DRY","2 - STRAIGHT GRADE","2 - BLACKTOP, BITUMINOUS, ASPHALT","WEST PRICE HILL","P - PEDESTRIAN","1 - CLEAR","45205",4,0.141,0.210247943549201,940029,39.1142442525308,-84.5799362107818,"West Price HIll",275981
"2XX W 6TH ST",39.102075,-84.516142,"31-40","N/A","N/A","03/09/2017 10:42:00 PM +0000","02 - FOUR-WAY INTERSECTION","2 - INJURY",2,"03/09/2017 10:44:00 PM +0000","THU","F - FEMALE","3 - NON-INCAPACITATING","2F98D8D9-C9EF-4E1F-96CD-4DE050E8D8EA","4 - DARK - LIGHTED ROADWAY","175003493","1 - NOT COLLISION BETWEEN TWO MOTOR VEHICLES IN TRANSPORT","02 - WET","1 - STRAIGHT LEVEL","2 - BLACKTOP, BITUMINOUS, ASPHALT","N/A","P - PEDESTRIAN","4 - RAIN","45202",3,0.304,0.143742576569493,660024,39.1029985156525,-84.5166782437379,"Central Business District",273189
"29XX BOUDINOT AV",39.136523,-84.605417,"41-50","N/A","N/A","11/28/2016 09:03:00 PM +0000","02 - FOUR-WAY INTERSECTION","2 - INJURY",2,"11/28/2016 09:04:00 PM +0000","MON","M - MALE","3 - NON-INCAPACITATING","76F0A8F3-6F39-4248-AC09-3E602101A058","4 - DARK - LIGHTED ROADWAY","165019839","1 - NOT COLLISION BETWEEN TWO MOTOR VEHICLES IN TRANSPORT","02 - WET","1 - STRAIGHT LEVEL","1 - CONCRETE","N/A","P - PEDESTRIAN","4 - RAIN","45238",3,0.304,0.157284382936953,1050039,39.1367332382869,-84.604787547938,"Westwood",204284