"address_x","lat","long","age","community_council_neighborhood","cpd_neighborhood","crashdate","crashlocation","crashseverity","crashseverityid","datecrashreported","dayofweek","gender","injuries","instanceid","lightconditionsprimary","localreportno","mannerofcrash","roadconditionsprimary","roadcontour","roadsurface","sna_neighborhood","typeofperson","weather","zip","injury_type_num","cost","dist","cell_id","lat_cell","long_cell","hood","hood_id"
"48XX GLENWAY AV",39.116813,-84.597824,"61-70","N/A","N/A","01/16/2017 12:00:00 PM +0000","01 - NOT AN INTERSECTION","2 - INJURY",2,"01/16/2017 12:01:00 PM +0000","MON","M - MALE","3 - NON-INCAPACITATING","2E51328A-E415-4A49-BDAC-46AD4F885FFC","1 - DAYLIGHT","175000798","1 - NOT COLLISION BETWEEN TWO MOTOR VEHICLES IN TRANSPORT","02 - WET","1 - STRAIGHT LEVEL","2 - BLACKTOP, BITUMINOUS, ASPHALT","N/A","P - PEDESTRIAN","2 - CLOUDY","45238",3,0.304,0.1019427748081,1020030,39.1164867543955,-84.5980099113001,"West Price HIll",275981
"61XX GLENWAY AV",39.141863,-84.618964,"OVER 70","WESTWOOD","WESTWOOD","12/12/2014 04:54:00 PM +0000","01 - NOT AN INTERSECTION","2 - INJURY",2,"12/12/2014 04:57:00 PM +0000","FRI","M - MALE","4 - INCAPACITATING","A8764C52-0A29-44B4-8C3A-446CF6B88A3F","1 - DAYLIGHT","145013059","1 - NOT COLLISION BETWEEN TWO MOTOR VEHICLES IN TRANSPORT","01 - DRY","1 - STRAIGHT LEVEL","2 - BLACKTOP, BITUMINOUS, ASPHALT","WESTWOOD","P - PEDESTRIAN","1 - CLEAR","45211",4,0.141,0.140543574912476,1110041,39.1412249989627,-84.6183428189162,"Westwood",204284
"6XX FOREST",39.145988,-84.496651,"51-60","N/A","N/A","02/09/2014 03:39:00 AM +0000","01 - NOT AN INTERSECTION","2 - INJURY",2,"02/09/2014 04:04:54 AM +0000","SUN","M - MALE","2 - POSSIBLE","D458A7FA-97E0-4567-8181-14C8CC643AC1","4 - DARK - LIGHTED ROADWAY","145001143","1 - NOT COLLISION BETWEEN TWO MOTOR VEHICLES IN TRANSPORT","02 - WET","1 - STRAIGHT LEVEL","1 - CONCRETE","N/A","P - PEDESTRIAN","4 - RAIN","45229",2,1.103,0.176240684423611,570043,39.1457426660581,-84.4963453275854,"Avondale",199345
"21XX QUEEN CITY AV",39.128108,-84.570169,"OVER 70","SOUTH FAIRMOUNT - WESTWOOD","SOUTH  FAIRMOUNT","09/07/2016 12:19:00 PM +0000","01 - NOT AN INTERSECTION","2 - INJURY",2,"09/07/2016 12:24:00 PM +0000","WED","F - FEMALE","3 - NON-INCAPACITATING","95E8B19A-0CAF-416A-A49E-04D03C6B7D8F","1 - DAYLIGHT","165014620","1 - NOT COLLISION BETWEEN TWO MOTOR VEHICLES IN TRANSPORT","01 - DRY","1 - STRAIGHT LEVEL","2 - BLACKTOP, BITUMINOUS, ASPHALT","SOUTH FAIRMOUNT","P - PEDESTRIAN","1 - CLEAR","45214",3,0.304,0.118806669264086,900035,39.1277469679697,-84.5708993592728,"South Fairmount",203599
"31XX VINE ST",39.138481,-84.508665,"18-25","N/A","N/A","01/08/2016 07:08:00 AM +0000","02 - FOUR-WAY INTERSECTION","2 - INJURY",2,"01/08/2016 08:03:00 AM +0000","FRI","F - FEMALE","2 - POSSIBLE","36BD687E-49F5-4ED3-A17D-36980BF8F138","5 - DARK – ROADWAY NOT LIGHTIED","165000301","1 - NOT COLLISION BETWEEN TWO MOTOR VEHICLES IN TRANSPORT","02 - WET","1 - STRAIGHT LEVEL","1 - CONCRETE","N/A","P - PEDESTRIAN","4 - RAIN","45220",2,1.103,0.135713081861699,620040,39.1389963673513,-84.507641391671,"Corryville",200172
"8XX STATE AV",39.10696,-84.55387,"51-60","LOWER PRICE HILL","LOWER PRICE  HILL","02/25/2013 04:15:00 PM +0000","01 - NOT AN INTERSECTION","2 - INJURY",2,"02/25/2013 04:16:00 PM +0000","MON","F - FEMALE","3 - NON-INCAPACITATING","582AEBB8-836F-44EC-A8D8-AD84F6C503CE","1 - DAYLIGHT","135002440","1 - NOT COLLISION BETWEEN TWO MOTOR VEHICLES IN TRANSPORT","01 - DRY","1 - STRAIGHT LEVEL","2 - BLACKTOP, BITUMINOUS, ASPHALT","LOWER PRICE HILL","P - PEDESTRIAN","1 - CLEAR","45204",3,0.304,0.100908988400508,820026,39.1075002637913,-84.5528256545869,"Lower Price Hill",276431
"X W CORRY ST",39.128031,-84.509278,"18-25","CORRYVILLE","CORRYVILLE","05/06/2017 11:40:00 PM +0000","01 - NOT AN INTERSECTION","2 - INJURY",2,"05/06/2017 11:48:00 PM +0000","SAT","M - MALE","2 - POSSIBLE","348D75B6-6703-4829-97A0-EE1C4E14FF87","4 - DARK - LIGHTED ROADWAY","175006764","1 - NOT COLLISION BETWEEN TWO MOTOR VEHICLES IN TRANSPORT","01 - DRY","2 - STRAIGHT GRADE","2 - BLACKTOP, BITUMINOUS, ASPHALT","CORRYVILLE","P - PEDESTRIAN","1 - CLEAR","45219",2,1.103,0.13432532964,630035,39.1277469679745,-84.5099006046416,"Corryville",200172
"15XX CENTRAL PKWY",39.113913,-84.520941,"51-60","N/A","N/A","01/03/2017 09:15:00 PM +0000","02 - FOUR-WAY INTERSECTION","2 - INJURY",2,"01/03/2017 09:15:00 PM +0000","TUE","M - MALE","4 - INCAPACITATING","46FCBCBA-F744-45D1-B19D-B23365A5E51A","4 - DARK - LIGHTED ROADWAY","175000130","1 - NOT COLLISION BETWEEN TWO MOTOR VEHICLES IN TRANSPORT","02 - WET","1 - STRAIGHT LEVEL","2 - BLACKTOP, BITUMINOUS, ASPHALT","N/A","P - PEDESTRIAN","4 - RAIN","45214",4,0.141,0.105926392119189,680029,39.1142493542549,-84.5211966698999,"Over-The-Rhine",202750
"71XX EASTLAWN DR",39.19086,-84.457085,"51-60","ROSELAWN","ROSELAWN","10/21/2014 11:10:00 AM +0000","01 - NOT AN INTERSECTION","2 - INJURY",2,"10/21/2014 11:15:00 AM +0000","TUE","M - MALE","2 - POSSIBLE","F4663504-B3FA-4C61-AE14-85D80ED95924","1 - DAYLIGHT","145010475","2 - REAR-END","01 - DRY","1 - STRAIGHT LEVEL","2 - BLACKTOP, BITUMINOUS, ASPHALT","ROSELAWN","P - PEDESTRIAN","2 - CLOUDY","45237",2,1.103,0.109618942160446,400063,39.1907219370381,-84.4579387218748,"Roselawn",203265
"6XX W 3RD ST",39.097031,-84.522701,"41-50","N/A","N/A","12/05/2017 12:10:00 AM +0000","01 - NOT AN INTERSECTION","2 - INJURY",2,"12/23/2017 03:00:00 PM +0000","TUE","F - FEMALE","3 - NON-INCAPACITATING","A42491F5-C6DA-4191-8D52-2A1281972D56","4 - DARK - LIGHTED ROADWAY","175019609","1 - NOT COLLISION BETWEEN TWO MOTOR VEHICLES IN TRANSPORT","01 - DRY","1 - STRAIGHT LEVEL","2 - BLACKTOP, BITUMINOUS, ASPHALT","N/A","P - PEDESTRIAN","1 - CLEAR","45203",3,0.304,0.0985930406362864,690021,39.0962496867373,-84.5234558830552,"Central Business District",273189
"25XX EDEN AV",39.1298,-84.50659,"41-50","CORRYVILLE","CORRYVILLE","11/06/2015 10:39:00 AM +0000","03 - T-INTERSECTION","2 - INJURY",2,"11/06/2015 10:39:00 AM +0000","FRI","M - MALE","2 - POSSIBLE","24093EF9-662D-450D-8F3B-9B4C0B211335","1 - DAYLIGHT","155016214","1 - NOT COLLISION BETWEEN TWO MOTOR VEHICLES IN TRANSPORT","02 - WET","1 - STRAIGHT LEVEL","2 - BLACKTOP, BITUMINOUS, ASPHALT","CORRYVILLE","P - PEDESTRIAN","2 - CLOUDY","45219",2,1.103,0.132566724654861,620036,39.1299963594339,-84.5076413916913,"Corryville",200172
"X W 9TH ST",39.104501,-84.514355,"31-40","N/A","N/A","02/18/2018 02:30:00 AM +0000","02 - FOUR-WAY INTERSECTION","2 - INJURY",2,"02/18/2018 02:33:00 AM +0000","SUN","F - FEMALE","3 - NON-INCAPACITATING","911FB9D8-44DC-4189-AA99-7FA43D5E1C59","4 - DARK - LIGHTED ROADWAY","185002428","1 - NOT COLLISION BETWEEN TWO MOTOR VEHICLES IN TRANSPORT","01 - DRY","1 - STRAIGHT LEVEL","1 - CONCRETE","N/A","P - PEDESTRIAN","2 - CLOUDY","45202",3,0.304,0.153365071667684,650025,39.1052480380605,-84.5144190306861,"Central Business District",273189
"21XX SEYMOUR AV",39.182926,-84.455763,"31-40","ROSELAWN","BONDHILL","12/19/2016 06:52:00 AM +0000","01 - NOT AN INTERSECTION","2 - INJURY",2,"12/19/2016 06:53:00 AM +0000","MON","M - MALE","3 - NON-INCAPACITATING","C39E01F3-E57A-4DAC-A07F-3AC2F1968383","6 - DARK – UNKNOWN ROADWAY LIGHTING","165021160","1 - NOT COLLISION BETWEEN TWO MOTOR VEHICLES IN TRANSPORT","01 - DRY","1 - STRAIGHT LEVEL","2 - BLACKTOP, BITUMINOUS, ASPHALT","ROSELAWN","P - PEDESTRIAN","1 - CLEAR","45237",3,0.304,0.15082743646744,390060,39.1839703181622,-84.4556795105948,"Bond Hill",199607
"15XX CENTRAL PY",39.110433,-84.521371,"61-70","N/A","N/A","11/09/2017 04:05:00 PM +0000","06 - FIVE-POINT, OR MORE","2 - INJURY",2,"11/09/2017 04:06:00 PM +0000","THU","M - MALE","4 - INCAPACITATING","D97761D2-C11A-475D-866C-01204DB4D2B4","1 - DAYLIGHT","175017222","1 - NOT COLLISION BETWEEN TWO MOTOR VEHICLES IN TRANSPORT","01 - DRY","1 - STRAIGHT LEVEL","1 - CONCRETE","N/A","P - PEDESTRIAN","1 - CLEAR","45214",4,0.141,0.116657760029274,680027,39.1097493501827,-84.5211966699071,"West End",276647
"44XX READING RD",39.164608,-84.471855,"41-50","PADDOCK HILLS","PADDOCK  HILLS","08/25/2018 01:04:00 AM +0000","01 - NOT AN INTERSECTION","2 - INJURY",2,"08/25/2018 01:05:00 AM +0000","SAT","M - MALE","4 - INCAPACITATING","34DF1D0C-5787-43C2-AC22-25BA23509B3F","4 - DARK - LIGHTED ROADWAY","185011954","1 - NOT COLLISION BETWEEN TWO MOTOR VEHICLES IN TRANSPORT","01 - DRY","1 - STRAIGHT LEVEL","2 - BLACKTOP, BITUMINOUS, ASPHALT","NORTH AVONDALE - PADDOCK HILLS","P - PEDESTRIAN","1 - CLEAR","45229",4,0.141,0.193594654609577,460051,39.1637306858407,-84.471493991863,"Paddock Hills",274942
"4XX W 9TH ST",39.104405,-84.520444,"18-25","N/A","N/A","12/20/2016 10:58:00 PM +0000","10 - DRIVEWAY/ALLEY ACCESS","2 - INJURY",2,"12/20/2016 10:58:00 PM +0000","TUE","M - MALE","3 - NON-INCAPACITATING","59A79586-9A47-4CCA-8A9F-148DC0DC51ED","4 - DARK - LIGHTED ROADWAY","165021292","1 - NOT COLLISION BETWEEN TWO MOTOR VEHICLES IN TRANSPORT","01 - DRY","1 - STRAIGHT LEVEL","1 - CONCRETE","N/A","P - PEDESTRIAN","1 - CLEAR","45202",3,0.304,0.149483011646625,680025,39.1052493461075,-84.5211966699144,"West End",276647
"26XX GILBERT AV",39.128183,-84.489261,"26-30","WALNUT HILLS","WALNUT HILLS","08/29/2016 03:27:00 PM +0000","02 - FOUR-WAY INTERSECTION","2 - INJURY",2,"08/29/2016 03:28:00 PM +0000","MON","M - MALE","3 - NON-INCAPACITATING","D09E0089-F9D4-48E1-9083-2E2D22E7208E","1 - DAYLIGHT","165013932","1 - NOT COLLISION BETWEEN TWO MOTOR VEHICLES IN TRANSPORT","01 - DRY","1 - STRAIGHT LEVEL","2 - BLACKTOP, BITUMINOUS, ASPHALT","WALNUT HILLS","P - PEDESTRIAN","1 - CLEAR","45206",3,0.304,0.119426029212238,540035,39.1277399033645,-84.4895676898303,"Walnut Hills",204112
"51XX GLENWAY",39.12252,-84.60154,"UNDER 18","WEST PRICE HILL","WEST PRICE HILL","02/04/2014 02:55:00 PM +0000","04 - Y-INTERSECTION","2 - INJURY",2,"02/04/2014 04:00:00 PM +0000","TUE","F - FEMALE","3 - NON-INCAPACITATING","925000F4-1DF8-4901-AA8F-432D24DD105B","1 - DAYLIGHT","145001016","1 - NOT COLLISION BETWEEN TWO MOTOR VEHICLES IN TRANSPORT","01 - DRY","1 - STRAIGHT LEVEL","2 - BLACKTOP, BITUMINOUS, ASPHALT","WEST PRICE HILL","P - PEDESTRIAN","2 - CLOUDY","45238",3,0.304,0.184005042253514,1040033,39.1232344486913,-84.6025283357861,"West Price HIll",275981
"4XX E 3RD ST",39.099134,-84.504916,"18-25","N/A","N/A","12/21/2017 04:25:00 PM +0000","02 - FOUR-WAY INTERSECTION","2 - INJURY",2,"12/21/2017 04:30:00 PM +0000","THU","M - MALE","1 - NO INJURY / NONE REPORTED","D6DE81D2-3856-4463-A3F5-1FF5EDDC6AC9","1 - DAYLIGHT","175019413","1 - NOT COLLISION BETWEEN TWO MOTOR VEHICLES IN TRANSPORT","01 - DRY","1 - STRAIGHT LEVEL","1 - CONCRETE","N/A","P - PEDESTRIAN","1 - CLEAR","45202",1,10.082,0.18987963955642,610022,39.0984956776372,-84.5053821788608,"Central Business District",273189
"49XX RELLEUM",39.119799,-84.600769,"18-25","N/A","N/A","04/14/2014 01:20:00 PM +0000","03 - T-INTERSECTION","2 - INJURY",2,"04/14/2014 01:24:00 PM +0000","MON","F - FEMALE","3 - NON-INCAPACITATING","89531A36-F940-498A-8405-AAF8E7FF9B00","1 - DAYLIGHT","145002846","1 - NOT COLLISION BETWEEN TWO MOTOR VEHICLES IN TRANSPORT","02 - WET","1 - STRAIGHT LEVEL","2 - BLACKTOP, BITUMINOUS, ASPHALT","N/A","P - PEDESTRIAN","4 - RAIN","45238",3,0.304,0.10139138976865,1030031,39.1187356224711,-84.6002691235776,"West Price HIll",275981
"31XX BELLEVUE",39.135819,-84.504392,"61-70","CORRYVILLE","CORRYVILLE","10/21/2013 09:45:00 AM +0000","01 - NOT AN INTERSECTION","2 - INJURY",2,"10/22/2013 02:15:00 PM +0000","MON","M - MALE","2 - POSSIBLE","682D47C8-D81F-4347-8ACD-0B3A0663A9DD","1 - DAYLIGHT","135011338","1 - NOT COLLISION BETWEEN TWO MOTOR VEHICLES IN TRANSPORT","99 - UNKNOWN","2 - STRAIGHT GRADE","2 - BLACKTOP, BITUMINOUS, ASPHALT","CORRYVILLE","P - PEDESTRIAN","9 - OTHER/UNKNOWN","45219",2,1.103,0.0928654907953208,610039,39.1367457111998,-84.5053821787705,"Corryville",200172
"1XX E 9TH ST",39.105634,-84.51168,"18-25","N/A","N/A","01/02/2013 03:11:00 PM +0000","10 - DRIVEWAY/ALLEY ACCESS","2 - INJURY",2,"01/02/2013 03:15:00 PM +0000","WED","M - MALE","3 - NON-INCAPACITATING","B2FFF8DE-CC5C-4499-B900-76FAE8FED815","1 - DAYLIGHT","135000044","1 - NOT COLLISION BETWEEN TWO MOTOR VEHICLES IN TRANSPORT","01 - DRY","1 - STRAIGHT LEVEL","1 - CONCRETE","N/A","P - PEDESTRIAN","1 - CLEAR","45202",3,0.304,0.149580060022916,640025,39.1052475148416,-84.5121598176706,"Central Business District",273189
"19XX VINE ST",39.117956,-84.516115,"51-60","OTR","OVER-THE-RHINE","10/16/2016 06:35:00 PM +0000","06 - FIVE-POINT, OR MORE","2 - INJURY",2,"10/16/2016 06:35:00 PM +0000","SUN","M - MALE","4 - INCAPACITATING","B8BDB07A-573E-40C5-81B8-DA9C925950D5","1 - DAYLIGHT","165017052","1 - NOT COLLISION BETWEEN TWO MOTOR VEHICLES IN TRANSPORT","01 - DRY","2 - STRAIGHT GRADE","2 - BLACKTOP, BITUMINOUS, ASPHALT","OVER-THE-RHINE","P - PEDESTRIAN","2 - CLOUDY","45202",4,0.141,0.104441056150266,660031,39.1187485298129,-84.5166782437091,"Over-The-Rhine",202750
"82XX ANTHONY WAYNE",39.209376,-84.465999,"18-25","N/A","N/A","02/24/2013 03:00:00 AM +0000","01 - NOT AN INTERSECTION","2 - INJURY",2,"02/24/2013 03:00:00 AM +0000","SUN","M - MALE","4 - INCAPACITATING","1DF3F30A-2253-41D4-A4DA-56AF57A3C453","4 - DARK - LIGHTED ROADWAY","135002408","1 - NOT COLLISION BETWEEN TWO MOTOR VEHICLES IN TRANSPORT","01 - DRY","1 - STRAIGHT LEVEL","1 - CONCRETE","N/A","P - PEDESTRIAN","1 - CLEAR","45216",4,0.141,0.19782428435906,440071,39.208727971055,-84.4669755680298,"Hartwell",201193
"39XX ERIE AV",39.147926,-84.407468,"OVER 70","HYDE PARK","OAKLEY","07/06/2014 05:03:00 PM +0000","01 - NOT AN INTERSECTION","2 - INJURY",2,"07/06/2014 05:04:00 PM +0000","SUN","F - FEMALE","3 - NON-INCAPACITATING","D09207B3-F2EE-4FF3-8253-0C732CCBD917","1 - DAYLIGHT","145005707","1 - NOT COLLISION BETWEEN TWO MOTOR VEHICLES IN TRANSPORT","01 - DRY","1 - STRAIGHT LEVEL","2 - BLACKTOP, BITUMINOUS, ASPHALT","OAKLEY","P - PEDESTRIAN","2 - CLOUDY","45208",3,0.304,0.152019650618386,180044,39.1479263294432,-84.4082361018968,"Hyde Park",201414
"34XX BERRY AV",39.138068,-84.449365,"OVER 70","N/A","N/A","08/17/2018 08:20:38 AM +0000","03 - T-INTERSECTION","2 - INJURY",2,"08/17/2018 09:25:59 AM +0000","FRI","M - MALE","4 - INCAPACITATING","DA7B05B0-61E1-4055-82A9-E31B2943C337","1 - DAYLIGHT","185011475","1 - NOT COLLISION BETWEEN TWO MOTOR VEHICLES IN TRANSPORT","02 - WET","1 - STRAIGHT LEVEL","2 - BLACKTOP, BITUMINOUS, ASPHALT","N/A","P - PEDESTRIAN","2 - CLOUDY","45208",4,0.141,0.102172116102337,360040,39.1389651845907,-84.448901877498,"Hyde Park",201414
"XX CATALPA",39.123498,-84.702378,"18-25","SAYLER PARK","SAYLER  PARK","04/18/2015 02:10:00 AM +0000","01 - NOT AN INTERSECTION","2 - INJURY",2,"04/18/2015 02:12:00 AM +0000","SAT","F - FEMALE","3 - NON-INCAPACITATING","42978C29-6F42-4661-A45F-960AEBE71B6D","5 - DARK – ROADWAY NOT LIGHTIED","155005291","1 - NOT COLLISION BETWEEN TWO MOTOR VEHICLES IN TRANSPORT","01 - DRY","1 - STRAIGHT LEVEL","2 - BLACKTOP, BITUMINOUS, ASPHALT","SAYLER PARK","P - PEDESTRIAN","1 - CLEAR","45233",3,0.304,0.177892501176987,1480033,39.123139472122,-84.7019335567154,"Sayler Park",203392
"29XX FERGUSON RD",39.136169,-84.601213,"UNDER 18","N/A","N/A","05/03/2013 11:40:00 AM +0000","10 - DRIVEWAY/ALLEY ACCESS","2 - INJURY",2,"05/03/2013 11:50:00 AM +0000","FRI","M - MALE","3 - NON-INCAPACITATING","D3CE198C-7C8C-4717-88C1-E078CEF9BAE0","1 - DAYLIGHT","135005347","1 - NOT COLLISION BETWEEN TWO MOTOR VEHICLES IN TRANSPORT","01 - DRY","2 - STRAIGHT GRADE","2 - BLACKTOP, BITUMINOUS, ASPHALT","N/A","P - PEDESTRIAN","1 - CLEAR","45238",3,0.304,0.11295927076107,1030039,39.1367356369226,-84.6002691236144,"Westwood",204284
"23XX FERGUSON RD",39.128349,-84.597191,"51-60","WESTWOOD","WESTWOOD","08/26/2017 04:30:00 PM +0000","01 - NOT AN INTERSECTION","2 - INJURY",2,"08/26/2017 04:45:00 PM +0000","SAT","M - MALE","2 - POSSIBLE","D5FE6CB8-9458-43E5-B630-59BB825EF83B","1 - DAYLIGHT","175012796","1 - NOT COLLISION BETWEEN TWO MOTOR VEHICLES IN TRANSPORT","01 - DRY","1 - STRAIGHT LEVEL","1 - CONCRETE","WESTWOOD","P - PEDESTRIAN","1 - CLEAR","45238",2,1.103,0.0969254328495049,1020035,39.1277367635288,-84.5980099113223,"Westwood",204284
"46XX NORTH EDGEWOOD AV",39.173451,-84.515841,"UNDER 18","N/A","N/A","09/22/2016 06:50:00 AM +0000","02 - FOUR-WAY INTERSECTION","2 - INJURY",2,"09/22/2016 07:55:43 AM +0000","THU","F - FEMALE","1 - NO INJURY / NONE REPORTED","BA1EEC08-390A-435D-BF6E-0659DD6819A8","2 - DAWN","165015447","1 - NOT COLLISION BETWEEN TWO MOTOR VEHICLES IN TRANSPORT","01 - DRY","1 - STRAIGHT LEVEL","2 - BLACKTOP, BITUMINOUS, ASPHALT","N/A","P - PEDESTRIAN","1 - CLEAR","45232",1,10.082,0.155608219480072,660055,39.1727485780795,-84.51667824361,"Winton Place",204406
"25XX WESTWOOD NORTHERN BV",39.147974,-84.582989,"UNDER 18","WESTWOOD","WESTWOOD","05/27/2018 11:31:00 PM +0000","02 - FOUR-WAY INTERSECTION","2 - INJURY",2,"05/27/2018 11:31:00 PM +0000","SUN","F - FEMALE","3 - NON-INCAPACITATING","412CA3E8-15F6-40C8-BB70-88DB2F7FE83C","4 - DARK - LIGHTED ROADWAY","185007467","1 - NOT COLLISION BETWEEN TWO MOTOR VEHICLES IN TRANSPORT","01 - DRY","2 - STRAIGHT GRADE","2 - BLACKTOP, BITUMINOUS, ASPHALT","WESTWOOD","P - PEDESTRIAN","1 - CLEAR","45211",3,0.304,0.122869742745766,950044,39.1479934966534,-84.5821954235928,"Westwood",204284
"XX E GALBRAITH RD",39.21284,-84.469714,"41-50","N/A","N/A","11/24/2017 05:56:00 PM +0000","01 - NOT AN INTERSECTION","2 - INJURY",2,"11/24/2017 05:56:00 PM +0000","FRI","M - MALE","3 - NON-INCAPACITATING","FF6C84FD-8549-47F5-AAEB-19CFC7DAEA15","5 - DARK – ROADWAY NOT LIGHTED","175018014","1 - NOT COLLISION BETWEEN TWO MOTOR VEHICLES IN TRANSPORT","01 - DRY","2 - STRAIGHT GRADE","2 - BLACKTOP, BITUMINOUS, ASPHALT","N/A","P - PEDESTRIAN","2 - CLOUDY","45216",3,0.304,0.102542760709162,450073,39.2132293707067,-84.4692347798047,"Hartwell",201193
"15XX JOHN ST",39.114377,-84.524297,"UNDER 18","WEST END","WEST  END","12/19/2015 06:57:00 PM +0000","02 - FOUR-WAY INTERSECTION","2 - INJURY",2,"12/19/2015 06:57:00 PM +0000","SAT","F - FEMALE","3 - NON-INCAPACITATING","118E248D-A00B-4B71-A409-62BFA197BFF7","4 - DARK - LIGHTED ROADWAY","155018549","1 - NOT COLLISION BETWEEN TWO MOTOR VEHICLES IN TRANSPORT","01 - DRY","1 - STRAIGHT LEVEL","2 - BLACKTOP, BITUMINOUS, ASPHALT","WEST END","P - PEDESTRIAN","1 - CLEAR","45214",3,0.304,0.0957761806429857,690029,39.1142497030903,-84.5234558830282,"West End",276647
"48XX WINNESTE AV",39.179736,-84.50954,"UNDER 18","WINTON HILLS","WINTON HILLS","08/28/2014 08:40:13 PM +0000","02 - FOUR-WAY INTERSECTION","2 - INJURY",2,"08/28/2014 08:42:02 PM +0000","THU","F - FEMALE","2 - POSSIBLE","141B2673-BC70-4E85-9EEF-48054799E7CE","4 - DARK - LIGHTED ROADWAY","145007928","1 - NOT COLLISION BETWEEN TWO MOTOR VEHICLES IN TRANSPORT","01 - DRY","2 - STRAIGHT GRADE","2 - BLACKTOP, BITUMINOUS, ASPHALT","WINTON HILLS","P - PEDESTRIAN","1 - CLEAR","45232",2,1.103,0.102322643059582,630058,39.1794970135816,-84.5099006045301,"Winton Hills",276110
"32XX HARRISON AV",39.154374,-84.602711,"31-40","N/A","N/A","03/24/2016 08:30:00 PM +0000","02 - FOUR-WAY INTERSECTION","2 - INJURY",2,"03/24/2016 08:33:00 PM +0000","THU","F - FEMALE","3 - NON-INCAPACITATING","DCF153AC-5B58-42E8-A48A-365FC70B448D","4 - DARK - LIGHTED ROADWAY","165004402","1 - NOT COLLISION BETWEEN TWO MOTOR VEHICLES IN TRANSPORT","02 - WET","1 - STRAIGHT LEVEL","2 - BLACKTOP, BITUMINOUS, ASPHALT","N/A","P - PEDESTRIAN","2 - CLOUDY","45211",3,0.304,0.127181482983904,1040047,39.1547344736649,-84.6025283358528,"Westwood",204284
"N I75 AT 2-4 MM",39.124774,-84.535675,"51-60","N/A","N/A","07/14/2016 10:53:00 AM +0000","07 - ON RAMP","2 - INJURY",2,"07/14/2016 10:53:00 AM +0000","THU","M - MALE","4 - INCAPACITATING","AA60BF4B-32FB-4642-92E7-C2A4DB2C8B9F","1 - DAYLIGHT","165011046","2 - REAR-END","01 - DRY","4 - CURVE GRADE","2 - BLACKTOP, BITUMINOUS, ASPHALT","N/A","P - PEDESTRIAN","1 - CLEAR","45214",4,0.141,0.194748763471638,740034,39.1255008034852,-84.5347519489179,"Camp Washington",199841
"25XX PARK AV",39.126758,-84.487102,"61-70","WALNUT HILLS","WALNUT HILLS","01/02/2015 08:40:00 PM +0000","02 - FOUR-WAY INTERSECTION","2 - INJURY",2,"01/02/2015 08:42:00 PM +0000","FRI","M - MALE","2 - POSSIBLE","1C53FD67-3333-4192-9883-CA9556E42B57","1 - DAYLIGHT","155000046","1 - NOT COLLISION BETWEEN TWO MOTOR VEHICLES IN TRANSPORT","01 - DRY","1 - STRAIGHT LEVEL","1 - CONCRETE","WALNUT HILLS","P - PEDESTRIAN","1 - CLEAR","45206",2,1.103,0.0960502492615706,530035,39.1277389003643,-84.4873084773509,"Walnut Hills",204112
"LOTH ST",39.121858,-84.514828,"UNDER 18","N/A","N/A","04/02/2013 05:00:00 PM +0000","01 - NOT AN INTERSECTION","2 - INJURY",2,"04/02/2013 05:05:00 PM +0000","TUE","M - MALE","3 - NON-INCAPACITATING","9D241DD4-69EF-4904-870B-C83B5305F701","1 - DAYLIGHT","135004041","1 - NOT COLLISION BETWEEN TWO MOTOR VEHICLES IN TRANSPORT","01 - DRY","1 - STRAIGHT LEVEL","2 - BLACKTOP, BITUMINOUS, ASPHALT","N/A","P - PEDESTRIAN","1 - CLEAR","45219",3,0.304,0.114414986014964,650032,39.1209980521606,-84.5144190306556,"Mt. Auburn",274621
"7XX N FRED SHUTTLESWORTH CR",39.153313,-84.487534,"41-50","AVONDALE - NORTH AVONDALE","NORTH AVONDALE","10/25/2017 06:26:00 PM +0000","01 - NOT AN INTERSECTION","2 - INJURY",2,"10/25/2017 06:29:00 PM +0000","WED","M - MALE","3 - NON-INCAPACITATING","B49921DA-40F8-43BA-AE51-4766E3253099","3 - DUSK","175016287","7 - SIDESWIPE, SAME DIRECTION","01 - DRY","3 - CURVE LEVEL","2 - BLACKTOP, BITUMINOUS, ASPHALT","AVONDALE","P - PEDESTRIAN","1 - CLEAR","45229",3,0.304,0.10834277345247,530046,39.15248892078,-84.4873084772742,"North Avondale",274686
"10XX WILLIAM HOWARD TAFT RD",39.12762,-84.485601,"51-60","N/A","N/A","04/25/2017 10:15:00 PM +0000","01 - NOT AN INTERSECTION","2 - INJURY",2,"04/25/2017 10:16:00 PM +0000","TUE","M - MALE","2 - POSSIBLE","A74BF79E-0E05-408A-8716-BD36F820E5B3","4 - DARK - LIGHTED ROADWAY","175006009","1 - NOT COLLISION BETWEEN TWO MOTOR VEHICLES IN TRANSPORT","01 - DRY","1 - STRAIGHT LEVEL","2 - BLACKTOP, BITUMINOUS, ASPHALT","N/A","P - PEDESTRIAN","1 - CLEAR","45206",2,1.103,0.122138324994126,520035,39.1277378537555,-84.4850492649372,"Walnut Hills",204112