"address_x","lat","long","age","community_council_neighborhood","cpd_neighborhood","crashdate","crashlocation","crashseverity","crashseverityid","datecrashreported","dayofweek","gender","injuries","instanceid","lightconditionsprimary","localreportno","mannerofcrash","roadconditionsprimary","roadcontour","roadsurface","sna_neighborhood","typeofperson","weather","zip","injury_type_num","cost","dist","cell_id","lat_cell","long_cell","hood","hood_id"
"40XX W 8TH ST",39.106656,-84.585262,"51-60","N/A","N/A","03/11/2013 07:25:00 AM +0000","03 - T-INTERSECTION","2 - INJURY",2,"03/11/2013 08:00:00 AM +0000","MON","M - MALE","2 - POSSIBLE","CCE446E1-31D3-42FF-B39D-909B7BF99A5B","1 - DAYLIGHT","135003062","1 - NOT COLLISION BETWEEN TWO MOTOR VEHICLES IN TRANSPORT","01 - DRY","1 - STRAIGHT LEVEL","2 - BLACKTOP, BITUMINOUS, ASPHALT","N/A","P - PEDESTRIAN","1 - CLEAR","45205",2,1.103,0.123577526446239,960026,39.1074926333868,-84.5844546362499,"West Price HIll",275981
"62XX HAMILTON",39.203749,-84.548033,"61-70","N/A","N/A","03/13/2013 04:25:00 PM +0000","01 - NOT AN INTERSECTION","2 - INJURY",2,"03/13/2013 04:25:00 PM +0000","WED","M - MALE","4 - INCAPACITATING","8F2CB9E3-9DEE-4415-833E-A486D1873E6A","1 - DAYLIGHT","135003211","1 - NOT COLLISION BETWEEN TWO MOTOR VEHICLES IN TRANSPORT","02 - WET","1 - STRAIGHT LEVEL","2 - BLACKTOP, BITUMINOUS, ASPHALT","N/A","P - PEDESTRIAN","6 - SNOW","45224",4,0.141,0.196073516807614,800069,39.2042507440357,-84.548307228187,"College Hill",200100
"22XX RICE ST",39.121315,-84.513163,"UNDER 18","MOUNT AUBURN","MOUNT  AUBURN","05/26/2018 07:42:00 PM +0000","01 - NOT AN INTERSECTION","2 - INJURY",2,"05/26/2018 07:48:00 PM +0000","SAT","F - FEMALE","2 - POSSIBLE","D77F05C5-4BF9-42AE-BE9E-7748FECAFC30","1 - DAYLIGHT","185007420","1 - NOT COLLISION BETWEEN TWO MOTOR VEHICLES IN TRANSPORT","01 - DRY","1 - STRAIGHT LEVEL","2 - BLACKTOP, BITUMINOUS, ASPHALT","MT. AUBURN","P - PEDESTRIAN","1 - CLEAR","45219",2,1.103,0.127618189118605,640032,39.1209975288818,-84.5121598176384,"Mt. Auburn",274621
"22XX QUEEN CITY AV",39.126628,-84.573746,"31-40","N/A","N/A","02/03/2018 12:55:00 AM +0000","01 - NOT AN INTERSECTION","3 - PROPERTY DAMAGE ONLY (PDO)",3,"02/03/2018 12:55:00 AM +0000","SAT","M - MALE","1 - NO INJURY / NONE REPORTED","86AB706C-BC01-4064-A3BE-8FE9C4C5B5E7","4 - DARK - LIGHTED ROADWAY","185001672","1 - NOT COLLISION BETWEEN TWO MOTOR VEHICLES IN TRANSPORT","01 - DRY","1 - STRAIGHT LEVEL","2 - BLACKTOP, BITUMINOUS, ASPHALT","N/A","P - PEDESTRIAN","1 - CLEAR","45214",1,10.082,0.171689048078817,910035,39.1277463574475,-84.573158572218,"South Fairmount",203599
"32XX VINE",39.139986,-84.5092,"51-60","N/A","N/A","10/22/2013 07:05:00 AM +0000","02 - FOUR-WAY INTERSECTION","2 - INJURY",2,"10/22/2013 07:20:00 AM +0000","TUE","F - FEMALE","3 - NON-INCAPACITATING","CD0775CF-D7B3-4597-85AD-094C0DEEAA3E","4 - DARK - LIGHTED ROADWAY","135011330","1 - NOT COLLISION BETWEEN TWO MOTOR VEHICLES IN TRANSPORT","01 - DRY","1 - STRAIGHT LEVEL","1 - CONCRETE","N/A","P - PEDESTRIAN","1 - CLEAR","45220",3,0.304,0.11006771021501,630040,39.138996977923,-84.5099006046173,"Clifton",200052
"11XX LAIDLAW AV",39.176781,-84.477358,"UNDER 18","N/A","N/A","04/29/2018 11:47:00 AM +0000","02 - FOUR-WAY INTERSECTION","2 - INJURY",2,"04/29/2018 11:47:00 AM +0000","SUN","M - MALE","2 - POSSIBLE","6343800B-CBD4-4566-B6AF-5BEAAA133288","1 - DAYLIGHT","185005910","1 - NOT COLLISION BETWEEN TWO MOTOR VEHICLES IN TRANSPORT","01 - DRY","2 - STRAIGHT GRADE","2 - BLACKTOP, BITUMINOUS, ASPHALT","N/A","P - PEDESTRIAN","1 - CLEAR","45237",2,1.103,0.192514181062791,490057,39.1772344914319,-84.4782716279501,"Bond Hill",199607
"5XX RACE ST",39.100985,-84.514576,"61-70","N/A","N/A","02/02/2018 07:26:00 PM +0000","02 - FOUR-WAY INTERSECTION","2 - INJURY",2,"02/02/2018 07:28:00 PM +0000","FRI","M - MALE","3 - NON-INCAPACITATING","0D11D9B3-2F77-43DE-9BED-C16298896AF9","4 - DARK - LIGHTED ROADWAY","185001661","1 - NOT COLLISION BETWEEN TWO MOTOR VEHICLES IN TRANSPORT","01 - DRY","1 - STRAIGHT LEVEL","2 - BLACKTOP, BITUMINOUS, ASPHALT","N/A","P - PEDESTRIAN","1 - CLEAR","45202",3,0.304,0.161026622116359,650023,39.100748034025,-84.5144190306949,"Central Business District",273189
"2XX E KING DR",39.136058,-84.504714,"61-70","N/A","N/A","05/28/2018 10:10:00 AM +0000","02 - FOUR-WAY INTERSECTION","1 - FATAL INJURY",1,"05/28/2018 10:10:00 AM +0000","MON","F - FEMALE","5 - FATAL","CF35E7E5-C0A4-4088-96DF-D945CA8B6205","1 - DAYLIGHT","185007482","1 - NOT COLLISION BETWEEN TWO MOTOR VEHICLES IN TRANSPORT","01 - DRY","1 - STRAIGHT LEVEL","2 - BLACKTOP, BITUMINOUS, ASPHALT","N/A","P - PEDESTRIAN","1 - CLEAR","45219",5,0.046,0.0928654907953208,610039,39.1367457111998,-84.5053821787705,"Corryville",200172
"1XX E 6TH ST",39.102107,-84.51058,"31-40","DOWNTOWN","C. B. D. / RIVERFRONT","02/01/2018 07:35:54 AM +0000","02 - FOUR-WAY INTERSECTION","2 - INJURY",2,"02/01/2018 07:39:00 AM +0000","THU","F - FEMALE","3 - NON-INCAPACITATING","AB95017D-13B4-419D-836D-4B59DFF10CEA","2 - DAWN","185001573","1 - NOT COLLISION BETWEEN TWO MOTOR VEHICLES IN TRANSPORT","01 - DRY","1 - STRAIGHT LEVEL","2 - BLACKTOP, BITUMINOUS, ASPHALT","DOWNTOWN","P - PEDESTRIAN","1 - CLEAR","45202",3,0.304,0.176644516289697,630024,39.1029969460217,-84.5099006046949,"Central Business District",273189
"35XX CLIFTON AV",39.146443,-84.51901,"61-70","CLIFTON","CLIFTON","07/23/2015 04:55:00 PM +0000","03 - T-INTERSECTION","2 - INJURY",2,"07/23/2015 04:59:00 PM +0000","THU","M - MALE","2 - POSSIBLE","A5690DA8-872B-414A-BB30-5D6800F08C65","1 - DAYLIGHT","155010066","1 - NOT COLLISION BETWEEN TWO MOTOR VEHICLES IN TRANSPORT","01 - DRY","1 - STRAIGHT LEVEL","2 - BLACKTOP, BITUMINOUS, ASPHALT","CLIFTON","P - PEDESTRIAN","1 - CLEAR","45220",2,1.103,0.131548250629445,670043,39.145748990145,-84.518937456741,"Clifton",200052
"22XX HARRISON AV",39.134515,-84.574375,"18-25","WESTWOOD","WESTWOOD","01/29/2015 07:23:00 AM +0000","02 - FOUR-WAY INTERSECTION","2 - INJURY",2,"01/29/2015 07:28:00 AM +0000","THU","M - MALE","3 - NON-INCAPACITATING","AB636E43-A527-4636-9B72-E32E0C379F50","4 - DARK - LIGHTED ROADWAY","155001232","1 - NOT COLLISION BETWEEN TWO MOTOR VEHICLES IN TRANSPORT","02 - WET","3 - CURVE LEVEL","2 - BLACKTOP, BITUMINOUS, ASPHALT","WESTWOOD","P - PEDESTRIAN","4 - RAIN","45211",3,0.304,0.133149853936527,920038,39.134495709226,-84.5754177851299,"Westwood",204284
"16XX LLANFAIR AV",39.197375,-84.549226,"41-50","N/A","N/A","01/04/2018 03:08:00 PM +0000","01 - NOT AN INTERSECTION","2 - INJURY",2,"01/04/2018 03:10:00 PM +0000","THU","M - MALE","3 - NON-INCAPACITATING","AD6337CF-35E9-481F-98A8-E52D3B3796C1","1 - DAYLIGHT","185000203","1 - NOT COLLISION BETWEEN TWO MOTOR VEHICLES IN TRANSPORT","01 - DRY","1 - STRAIGHT LEVEL","2 - BLACKTOP, BITUMINOUS, ASPHALT","N/A","P - PEDESTRIAN","1 - CLEAR","45224",3,0.304,0.103716637569394,800066,39.197500737955,-84.5483072281886,"College Hill",200100
"10XX MCPHERSON AV",39.11181,-84.57115,"UNDER 18","N/A","N/A","08/25/2015 08:32:00 PM +0000","01 - NOT AN INTERSECTION","2 - INJURY",2,"08/25/2015 08:36:00 PM +0000","TUE","M - MALE","4 - INCAPACITATING","EF1C670D-6376-43D9-A360-B0E431971ABD","3 - DUSK","155011951","1 - NOT COLLISION BETWEEN TWO MOTOR VEHICLES IN TRANSPORT","01 - DRY","2 - STRAIGHT GRADE","2 - BLACKTOP, BITUMINOUS, ASPHALT","N/A","P - PEDESTRIAN","1 - CLEAR","45205",4,0.141,0.129188790483814,900028,39.1119969540103,-84.5708993592591,"East Price Hill",273561
"50XX PADDOCK RD",39.177401,-84.477011,"UNDER 18","BOND HILL","BONDHILL","08/20/2018 02:54:00 PM +0000","02 - FOUR-WAY INTERSECTION","2 - INJURY",2,"08/20/2018 02:54:00 PM +0000","MON","M - MALE","2 - POSSIBLE","0C039326-CB68-4971-8E1F-503E795B2B95","1 - DAYLIGHT","185011631","1 - NOT COLLISION BETWEEN TWO MOTOR VEHICLES IN TRANSPORT","02 - WET","1 - STRAIGHT LEVEL","2 - BLACKTOP, BITUMINOUS, ASPHALT","BOND HILL","P - PEDESTRIAN","4 - RAIN","45237",2,1.103,0.154176845388863,480057,39.1772332699515,-84.4760124158241,"Bond Hill",199607
"43XX READING RD",39.159928,-84.473482,"51-60","N/A","N/A","10/24/2015 02:16:52 PM +0000","01 - NOT AN INTERSECTION","2 - INJURY",2,"10/24/2015 03:33:07 PM +0000","SAT","F - FEMALE","3 - NON-INCAPACITATING","919510B6-D096-48BE-A443-1DF7F3FAD9B5","1 - DAYLIGHT","155015398","1 - NOT COLLISION BETWEEN TWO MOTOR VEHICLES IN TRANSPORT","01 - DRY","1 - STRAIGHT LEVEL","1 - CONCRETE","N/A","P - PEDESTRIAN","1 - CLEAR","45229",3,0.304,0.160159268485661,470049,39.159231990969,-84.4737532038416,"Paddock Hills",274942
"45XX PADDOCK",39.169316,-84.477848,"51-60","PADDOCK HILLS","PADDOCK  HILLS","04/21/2013 10:43:59 AM +0000","02 - FOUR-WAY INTERSECTION","2 - INJURY",2,"04/21/2013 10:43:59 AM +0000","SUN","M - MALE","2 - POSSIBLE","5314FCD4-0DD2-4EDE-93CB-99D7C2FEC450","1 - DAYLIGHT","135004820","1 - NOT COLLISION BETWEEN TWO MOTOR VEHICLES IN TRANSPORT","01 - DRY","1 - STRAIGHT LEVEL","2 - BLACKTOP, BITUMINOUS, ASPHALT","NORTH AVONDALE - PADDOCK HILLS","P - PEDESTRIAN","1 - CLEAR","45229",2,1.103,0.123667308556651,490053,39.1682344843371,-84.4782716279808,"Paddock Hills",274942
"54XX HEBRON CT",39.188881,-84.516666,"UNDER 18","N/A","N/A","06/20/2018 08:13:00 PM +0000","01 - NOT AN INTERSECTION","2 - INJURY",2,"06/20/2018 08:13:00 PM +0000","WED","M - MALE","3 - NON-INCAPACITATING","4FA609A4-810A-48C9-85A3-8788BDC8E94C","1 - DAYLIGHT","185008604","1 - NOT COLLISION BETWEEN TWO MOTOR VEHICLES IN TRANSPORT","01 - DRY","1 - STRAIGHT LEVEL","2 - BLACKTOP, BITUMINOUS, ASPHALT","N/A","P - PEDESTRIAN","1 - CLEAR","45232",3,0.304,0.122330299063466,660062,39.1884985920745,-84.5166782435811,"Winton Hills",276110
"2XX CALHOUN ST",39.134061,-84.500283,"18-25","N/A","N/A","09/13/2016 06:05:00 PM +0000","03 - T-INTERSECTION","2 - INJURY",2,"09/13/2016 06:09:00 PM +0000","TUE","F - FEMALE","2 - POSSIBLE","D3184F36-0B80-4605-BED0-3D9843124722","1 - DAYLIGHT","165014918","1 - NOT COLLISION BETWEEN TWO MOTOR VEHICLES IN TRANSPORT","01 - DRY","1 - STRAIGHT LEVEL","2 - BLACKTOP, BITUMINOUS, ASPHALT","N/A","P - PEDESTRIAN","1 - CLEAR","45219",2,1.103,0.0990311442875128,590038,39.1344942700738,-84.5008637530982,"Avondale",199345
"7XX VINE ST",39.103803,-84.513127,"41-50","N/A","N/A","08/04/2017 11:42:00 AM +0000","02 - FOUR-WAY INTERSECTION","2 - INJURY",2,"08/04/2017 11:44:00 AM +0000","FRI","M - MALE","4 - INCAPACITATING","CB913BF6-8A80-42DB-A002-C5948D2F1ECA","1 - DAYLIGHT","175011644","1 - NOT COLLISION BETWEEN TWO MOTOR VEHICLES IN TRANSPORT","01 - DRY","1 - STRAIGHT LEVEL","2 - BLACKTOP, BITUMINOUS, ASPHALT","N/A","P - PEDESTRIAN","2 - CLOUDY","45202",4,0.141,0.120445558999439,640024,39.1029975128329,-84.5121598176752,"Central Business District",273189
"11XX RACE ST",39.107931,-84.516127,"41-50","OTR","OVER-THE-RHINE","03/27/2015 04:21:00 PM +0000","02 - FOUR-WAY INTERSECTION","2 - INJURY",2,"03/27/2015 04:21:00 PM +0000","FRI","M - MALE","2 - POSSIBLE","8AC4E9F3-481B-4D8C-AD84-52AA4AE887EA","1 - DAYLIGHT","155004210","1 - NOT COLLISION BETWEEN TWO MOTOR VEHICLES IN TRANSPORT","01 - DRY","2 - STRAIGHT GRADE","2 - BLACKTOP, BITUMINOUS, ASPHALT","OVER-THE-RHINE","P - PEDESTRIAN","2 - CLOUDY","45202",2,1.103,0.1271592134791,660026,39.1074985197021,-84.5166782437297,"Over-The-Rhine",202750
"38XX READING RD",39.153949,-84.483405,"51-60","N/A","N/A","05/26/2017 10:24:00 PM +0000","01 - NOT AN INTERSECTION","1 - FATAL INJURY",1,"05/26/2017 10:25:00 PM +0000","FRI","M - MALE","5 - FATAL","6DC90880-5383-481A-A496-22BA4446A54E","4 - DARK - LIGHTED ROADWAY","175007925","1 - NOT COLLISION BETWEEN TWO MOTOR VEHICLES IN TRANSPORT","01 - DRY","1 - STRAIGHT LEVEL","2 - BLACKTOP, BITUMINOUS, ASPHALT","N/A","P - PEDESTRIAN","2 - CLOUDY","45229",5,0.046,0.170758114551297,510047,39.1547367853876,-84.4827900525042,"North Avondale",274686
"46XX PADDOCK RD",39.16872,-84.477638,"31-40","N/A","N/A","10/31/2013 07:45:00 PM +0000","02 - FOUR-WAY INTERSECTION","2 - INJURY",2,"10/31/2013 07:45:00 PM +0000","THU","M - MALE","2 - POSSIBLE","9D4B1D80-9E10-4924-8EC1-D986AA6A433A","1 - DAYLIGHT","135011598","1 - NOT COLLISION BETWEEN TWO MOTOR VEHICLES IN TRANSPORT","02 - WET","1 - STRAIGHT LEVEL","1 - CONCRETE","N/A","P - PEDESTRIAN","4 - RAIN","45229",2,1.103,0.123667308556651,490053,39.1682344843371,-84.4782716279808,"Paddock Hills",274942
"11XX MAIN ST",39.10747,-84.51096,"41-50","N/A","N/A","11/30/2012 08:48:00 AM +0000","01 - NOT AN INTERSECTION","2 - INJURY",2,"11/30/2012 09:00:00 AM +0000","FRI","M - MALE","3 - NON-INCAPACITATING","E07E33B9-64ED-4082-82D8-953B334597DB","2 - DAWN","125000184","1 - NOT COLLISION BETWEEN TWO MOTOR VEHICLES IN TRANSPORT","01 - DRY","1 - STRAIGHT LEVEL","2 - BLACKTOP, BITUMINOUS, ASPHALT","N/A","P - PEDESTRIAN","1 - CLEAR","45202",3,0.304,0.125174399232344,630026,39.1074969500199,-84.5099006046852,"Over-The-Rhine",202750
"24XX HARRISON AV",39.141654,-84.580453,"61-70","N/A","N/A","10/25/2014 10:43:00 PM +0000","03 - T-INTERSECTION","2 - INJURY",2,"10/25/2014 10:43:00 PM +0000","SAT","F - FEMALE","3 - NON-INCAPACITATING","8FED45A3-D531-43D5-B2E8-9C8C0BBC8745","4 - DARK - LIGHTED ROADWAY","145010713","1 - NOT COLLISION BETWEEN TWO MOTOR VEHICLES IN TRANSPORT","01 - DRY","1 - STRAIGHT LEVEL","2 - BLACKTOP, BITUMINOUS, ASPHALT","N/A","P - PEDESTRIAN","1 - CLEAR","45211",3,0.304,0.16375710671912,940041,39.1412442758999,-84.5799362108161,"Westwood",204284
"24XX MUSTANG DR",39.155333,-84.578398,"UNDER 18","WESTWOOD","WESTWOOD","12/16/2013 08:10:00 AM +0000","10 - DRIVEWAY/ALLEY ACCESS","2 - INJURY",2,"12/16/2013 08:15:00 AM +0000","MON","F - FEMALE","2 - POSSIBLE","12F59857-5179-49A1-9742-C95FA2AA04D4","1 - DAYLIGHT","135012896","1 - NOT COLLISION BETWEEN TWO MOTOR VEHICLES IN TRANSPORT","04 - ICE","2 - STRAIGHT GRADE","1 - CONCRETE","WESTWOOD","P - PEDESTRIAN","6 - SNOW","45211",2,1.103,0.114742388777877,930047,39.154745029038,-84.5776769980155,"Westwood",204284
"5XX CARPLIN PL",39.138413,-84.496459,"31-40","AVONDALE","AVONDALE","04/12/2018 06:23:00 PM +0000","03 - T-INTERSECTION","2 - INJURY",2,"04/12/2018 06:25:00 PM +0000","THU","M - MALE","3 - NON-INCAPACITATING","912641CC-0533-4F59-9DB5-41B9783C3283","1 - DAYLIGHT","185005081","1 - NOT COLLISION BETWEEN TWO MOTOR VEHICLES IN TRANSPORT","01 - DRY","1 - STRAIGHT LEVEL","2 - BLACKTOP, BITUMINOUS, ASPHALT","AVONDALE","P - PEDESTRIAN","1 - CLEAR","45229",3,0.304,0.10295924843202,570040,39.1389926603091,-84.496345327604,"Avondale",199345
"34XX WARSAW",39.110521,-84.564788,"18-25","EAST PRICE HILL","EAST PRICE HILL","01/16/2014 04:53:00 PM +0000","02 - FOUR-WAY INTERSECTION","3 - PROPERTY DAMAGE ONLY (PDO)",3,"01/16/2014 04:53:00 PM +0000","THU","M - MALE","1 - NO INJURY / NONE REPORTED","55B34D2D-437B-46F0-BCE3-95E7313EE3BF","1 - DAYLIGHT","145000434","1 - NOT COLLISION BETWEEN TWO MOTOR VEHICLES IN TRANSPORT","02 - WET","1 - STRAIGHT LEVEL","2 - BLACKTOP, BITUMINOUS, ASPHALT","EAST PRICE HILL","P - PEDESTRIAN","2 - CLOUDY","45205",1,10.082,0.0978479598581897,870027,39.1097485217221,-84.564121720212,"East Price Hill",273561
"1XX MEHRING WY",39.096614,-84.510454,"31-40","N/A","N/A","06/02/2018 09:35:00 PM +0000","10 - DRIVEWAY/ALLEY ACCESS","2 - INJURY",2,"06/02/2018 09:35:00 PM +0000","SAT","M - MALE","3 - NON-INCAPACITATING","F1DE988D-E216-4CC0-BD9E-722812FFE517","4 - DARK - LIGHTED ROADWAY","185007770","1 - NOT COLLISION BETWEEN TWO MOTOR VEHICLES IN TRANSPORT","01 - DRY","1 - STRAIGHT LEVEL","1 - CONCRETE","N/A","P - PEDESTRIAN","1 - CLEAR","45202",3,0.304,0.150154909578713,630021,39.0962469400188,-84.5099006047094,"Central Business District",273189
"23XX PARK AV",39.124956,-84.486951,"18-25","WALNUT HILLS","WALNUT HILLS","06/20/2014 10:03:00 AM +0000","02 - FOUR-WAY INTERSECTION","2 - INJURY",2,"06/20/2014 10:03:00 AM +0000","FRI","M - MALE","2 - POSSIBLE","8415C056-7238-4136-B89B-6D7FE0D2F048","1 - DAYLIGHT","145004979","1 - NOT COLLISION BETWEEN TWO MOTOR VEHICLES IN TRANSPORT","01 - DRY","1 - STRAIGHT LEVEL","2 - BLACKTOP, BITUMINOUS, ASPHALT","EAST WALNUT HILLS","P - PEDESTRIAN","1 - CLEAR","45206",2,1.103,0.141446958640806,530034,39.1254888985041,-84.4873084773579,"Walnut Hills",204112
"26XX READING RD",39.128785,-84.49877,"18-25","AVONDALE","AVONDALE","07/19/2014 09:50:00 AM +0000","02 - FOUR-WAY INTERSECTION","2 - INJURY",2,"07/19/2014 09:50:00 AM +0000","SAT","M - MALE","3 - NON-INCAPACITATING","87D328A2-BDF7-4179-A6CB-25E542C55F3B","1 - DAYLIGHT","145006282","1 - NOT COLLISION BETWEEN TWO MOTOR VEHICLES IN TRANSPORT","02 - WET","4 - CURVE GRADE","2 - BLACKTOP, BITUMINOUS, ASPHALT","AVONDALE","P - PEDESTRIAN","2 - CLOUDY","45206",3,0.304,0.111451688835775,580035,39.1277434792782,-84.4986045403493,"Walnut Hills",204112
"27XX OBSERVATORY AV",39.136435,-84.441414,"51-60","N/A","N/A","08/26/2014 05:45:00 PM +0000","01 - NOT AN INTERSECTION","2 - INJURY",2,"08/26/2014 05:45:00 PM +0000","TUE","M - MALE","4 - INCAPACITATING","465D90D5-C4B1-463E-B3A9-1504355845BE","1 - DAYLIGHT","145007899","1 - NOT COLLISION BETWEEN TWO MOTOR VEHICLES IN TRANSPORT","01 - DRY","1 - STRAIGHT LEVEL","2 - BLACKTOP, BITUMINOUS, ASPHALT","N/A","P - PEDESTRIAN","1 - CLEAR","45208",4,0.141,0.135778529668215,330039,39.1367096880683,-84.4421242452539,"Hyde Park",201414
"XX WILLIAM HOWARD TAFT RD",39.128725,-84.511077,"41-50","MOUNT AUBURN","CORRYVILLE","09/10/2017 04:10:00 PM +0000","02 - FOUR-WAY INTERSECTION","2 - INJURY",2,"09/10/2017 04:13:00 PM +0000","SUN","M - MALE","2 - POSSIBLE","706007E6-3A3D-46FF-A066-3E15003D3F0B","1 - DAYLIGHT","175013644","1 - NOT COLLISION BETWEEN TWO MOTOR VEHICLES IN TRANSPORT","01 - DRY","2 - STRAIGHT GRADE","2 - BLACKTOP, BITUMINOUS, ASPHALT","CORRYVILLE","P - PEDESTRIAN","1 - CLEAR","45219",2,1.103,0.102353645738888,640035,39.1277475348877,-84.5121598176245,"CUF",273417
"18XX HIGHLAND AV",39.115826,-84.504025,"26-30","MOUNT AUBURN","MOUNT  AUBURN","01/21/2016 02:35:00 PM +0000","03 - T-INTERSECTION","2 - INJURY",2,"01/21/2016 03:39:58 PM +0000","THU","F - FEMALE","3 - NON-INCAPACITATING","CBED7140-F463-4380-A780-40676D654EB5","1 - DAYLIGHT","165001042","1 - NOT COLLISION BETWEEN TWO MOTOR VEHICLES IN TRANSPORT","02 - WET","2 - STRAIGHT GRADE","2 - BLACKTOP, BITUMINOUS, ASPHALT","MT. AUBURN","P - PEDESTRIAN","1 - CLEAR","45202",3,0.304,0.201919718334942,600030,39.1164949957759,-84.5031229659582,"Mt. Auburn",274621
"19XX VINE ST",39.117766,-84.517464,"18-25","OTR","OVER-THE-RHINE","05/23/2017 03:24:00 PM +0000","01 - NOT AN INTERSECTION","2 - INJURY",2,"05/23/2017 03:24:00 PM +0000","TUE","M - MALE","3 - NON-INCAPACITATING","C0C72E75-98DA-4B90-84CA-71A8C22D84B7","1 - DAYLIGHT","175007725","1 - NOT COLLISION BETWEEN TWO MOTOR VEHICLES IN TRANSPORT","01 - DRY","1 - STRAIGHT LEVEL","2 - BLACKTOP, BITUMINOUS, ASPHALT","CUF","P - PEDESTRIAN","1 - CLEAR","45202",3,0.304,0.104441056150266,660031,39.1187485298129,-84.5166782437091,"Over-The-Rhine",202750
"18XX WESTWOOD AV",39.126575,-84.561048,"31-40","SOUTH FAIRMOUNT","SOUTH  FAIRMOUNT","01/10/2014 07:15:00 AM +0000","02 - FOUR-WAY INTERSECTION","2 - INJURY",2,"01/10/2014 07:18:00 AM +0000","FRI","F - FEMALE","4 - INCAPACITATING","0473CD46-1D49-4357-894E-2FEA34320F8A","4 - DARK - LIGHTED ROADWAY","145000246","1 - NOT COLLISION BETWEEN TWO MOTOR VEHICLES IN TRANSPORT","02 - WET","1 - STRAIGHT LEVEL","2 - BLACKTOP, BITUMINOUS, ASPHALT","SOUTH FAIRMOUNT","P - PEDESTRIAN","4 - RAIN","45214",4,0.141,0.143256059594767,860034,39.1254989719467,-84.5618625071414,"South Fairmount",203599
"33XX JEFFERSON AV",39.141221,-84.514828,"UNDER 18","N/A","N/A","05/07/2014 03:20:25 PM +0000","01 - NOT AN INTERSECTION","2 - INJURY",2,"05/07/2014 03:24:44 PM +0000","WED","F - FEMALE","3 - NON-INCAPACITATING","F875A8E8-CE52-4BAC-9E1A-84C12FB606A7","1 - DAYLIGHT","145003483","1 - NOT COLLISION BETWEEN TWO MOTOR VEHICLES IN TRANSPORT","01 - DRY","1 - STRAIGHT LEVEL","2 - BLACKTOP, BITUMINOUS, ASPHALT","N/A","P - PEDESTRIAN","1 - CLEAR","45220",3,0.304,0.111355137055013,650041,39.1412480702347,-84.5144190306163,"CUF",273417
"57XX ESTE AV",39.184761,-84.50162,"18-25","WINTON HILLS","WINTON HILLS","06/06/2015 06:48:23 PM +0000","01 - NOT AN INTERSECTION","2 - INJURY",2,"06/06/2015 06:49:24 PM +0000","SAT","F - FEMALE","4 - INCAPACITATING","99D3B6F8-575B-4B17-BD64-C18C8B2B2D0D","1 - DAYLIGHT","155007751","1 - NOT COLLISION BETWEEN TWO MOTOR VEHICLES IN TRANSPORT","01 - DRY","1 - STRAIGHT LEVEL","2 - BLACKTOP, BITUMINOUS, ASPHALT","WINTON HILLS","P - PEDESTRIAN","1 - CLEAR","45232",4,0.141,0.130713175315834,590060,39.1839943126904,-84.5008637529715,"Winton Hills",276110
"40XX W 8TH ST",39.106597,-84.584291,"51-60","WEST PRICE HILL","WEST PRICE HILL","01/11/2017 04:45:00 AM +0000","02 - FOUR-WAY INTERSECTION","2 - INJURY",2,"01/11/2017 04:46:00 AM +0000","WED","M - MALE","2 - POSSIBLE","D0BA5C33-F81B-43F3-A68F-505987154CCA","4 - DARK - LIGHTED ROADWAY","175000538","1 - NOT COLLISION BETWEEN TWO MOTOR VEHICLES IN TRANSPORT","02 - WET","1 - STRAIGHT LEVEL","2 - BLACKTOP, BITUMINOUS, ASPHALT","WEST PRICE HILL","P - PEDESTRIAN","4 - RAIN","45205",2,1.103,0.123577526446239,960026,39.1074926333868,-84.5844546362499,"West Price HIll",275981
"20XX SUTTON AV",39.092764,-84.391318,"51-60","N/A","N/A","04/03/2018 01:50:00 PM +0000","02 - FOUR-WAY INTERSECTION","2 - INJURY",2,"04/03/2018 01:56:00 PM +0000","TUE","F - FEMALE","2 - POSSIBLE","FE1FA35F-8406-4C2C-A0DB-60E02B24BE28","1 - DAYLIGHT","185004585","1 - NOT COLLISION BETWEEN TWO MOTOR VEHICLES IN TRANSPORT","01 - DRY","1 - STRAIGHT LEVEL","2 - BLACKTOP, BITUMINOUS, ASPHALT","N/A","P - PEDESTRIAN","1 - CLEAR","45230",2,1.103,0.0546932315815344,110019,39.0916573872752,-84.3924216472014,"Mt. Washington",274624