"address_x","lat","long","age","community_council_neighborhood","cpd_neighborhood","crashdate","crashlocation","crashseverity","crashseverityid","datecrashreported","dayofweek","gender","injuries","instanceid","lightconditionsprimary","localreportno","mannerofcrash","roadconditionsprimary","roadcontour","roadsurface","sna_neighborhood","typeofperson","weather","zip","injury_type_num","cost","dist","cell_id","lat_cell","long_cell","hood","hood_id"
"19XX WESTMONT LN",39.12464,-84.573409,"UNDER 18","WEST PRICE HILL","WEST PRICE HILL","06/28/2015 08:25:00 PM +0000","10 - DRIVEWAY/ALLEY ACCESS","2 - INJURY",2,"06/28/2015 09:00:00 PM +0000","SUN","M - MALE","3 - NON-INCAPACITATING","28E7F9CD-E0B7-4B68-A9D7-A3338B1DDCD8","3 - DUSK","155008822","1 - NOT COLLISION BETWEEN TWO MOTOR VEHICLES IN TRANSPORT","01 - DRY","1 - STRAIGHT LEVEL","2 - BLACKTOP, BITUMINOUS, ASPHALT","EAST PRICE HILL","P - PEDESTRIAN","1 - CLEAR","45205",3,0.304,0.123442396938912,910034,39.1254963554655,-84.5731585722158,"West Price HIll",275981
"68XX PADDOCK RD",39.192203,-84.475803,"61-70","ROSELAWN","ROSELAWN","03/28/2014 06:53:00 AM +0000","02 - FOUR-WAY INTERSECTION","2 - INJURY",2,"03/28/2014 06:57:00 AM +0000","FRI","M - MALE","2 - POSSIBLE","39B9211D-9BEC-49CA-823A-D53AFFBA3B44","4 - DARK - LIGHTED ROADWAY","145002410","1 - NOT COLLISION BETWEEN TWO MOTOR VEHICLES IN TRANSPORT","02 - WET","1 - STRAIGHT LEVEL","2 - BLACKTOP, BITUMINOUS, ASPHALT","ROSELAWN","P - PEDESTRIAN","2 - CLOUDY","45216",2,1.103,0.153135620708773,480064,39.1929832822032,-84.4760124157693,"Roselawn",203265
"22XX READING RD",39.121189,-84.501759,"41-50","WALNUT HILLS","WALNUT HILLS","03/17/2015 12:35:00 PM +0000","01 - NOT AN INTERSECTION","2 - INJURY",2,"03/17/2015 12:35:00 PM +0000","TUE","M - MALE","2 - POSSIBLE","1AE05555-6002-440A-B61E-C7214A762EF5","1 - DAYLIGHT","155003721","6 - ANGLE","01 - DRY","1 - STRAIGHT LEVEL","2 - BLACKTOP, BITUMINOUS, ASPHALT","WALNUT HILLS","P - PEDESTRIAN","1 - CLEAR","45219",2,1.103,0.122533346117444,590032,39.1209942583893,-84.5008637531327,"Mt. Auburn",274621
"3XX STANLEY AV",39.115283,-84.435482,"41-50","COLUMBIA TUSCULUM","COLUMBIA / TUSCULUM","10/14/2016 07:50:00 AM +0000","10 - DRIVEWAY/ALLEY ACCESS","2 - INJURY",2,"10/14/2016 07:52:00 AM +0000","FRI","F - FEMALE","3 - NON-INCAPACITATING","814259C0-934E-497E-A79D-D7CFD6E39A4E","1 - DAYLIGHT","165016905","1 - NOT COLLISION BETWEEN TWO MOTOR VEHICLES IN TRANSPORT","01 - DRY","1 - STRAIGHT LEVEL","2 - BLACKTOP, BITUMINOUS, ASPHALT","EAST END","P - PEDESTRIAN","1 - CLEAR","45226",3,0.304,0.110923058526662,300029,39.1142037876418,-84.4353466141867,"Columbia-Tusculum",273334
"35XX COLUMBIA PY",39.115051,-84.437269,"31-40","N/A","N/A","04/18/2018 12:40:00 PM +0000","02 - FOUR-WAY INTERSECTION","2 - INJURY",2,"04/18/2018 12:43:00 PM +0000","WED","F - FEMALE","2 - POSSIBLE","5BE7FC4E-C50C-4366-9863-55EDC2F63612","1 - DAYLIGHT","185005380","1 - NOT COLLISION BETWEEN TWO MOTOR VEHICLES IN TRANSPORT","01 - DRY","1 - STRAIGHT LEVEL","2 - BLACKTOP, BITUMINOUS, ASPHALT","N/A","P - PEDESTRIAN","1 - CLEAR","45226",2,1.103,0.203688847696314,310029,39.1142057934441,-84.4376058244463,"Columbia-Tusculum",273334
"71XX READING RD",39.19031,-84.461682,"18-25","ROSELAWN","ROSELAWN","12/24/2014 11:30:00 AM +0000","01 - NOT AN INTERSECTION","2 - INJURY",2,"12/24/2014 11:32:00 AM +0000","WED","F - FEMALE","2 - POSSIBLE","4F1D47C9-75B3-4572-9E41-16FF9199DBCE","1 - DAYLIGHT","145013618","1 - NOT COLLISION BETWEEN TWO MOTOR VEHICLES IN TRANSPORT","02 - WET","1 - STRAIGHT LEVEL","2 - BLACKTOP, BITUMINOUS, ASPHALT","ROSELAWN","P - PEDESTRIAN","4 - RAIN","45237",2,1.103,0.138542162513186,420063,39.1907250346632,-84.4624571447922,"Roselawn",203265
"28XX MADISON RD",39.147647,-84.437423,"18-25","N/A","N/A","03/10/2018 01:10:00 PM +0000","01 - NOT AN INTERSECTION","2 - INJURY",2,"03/10/2018 01:13:00 PM +0000","SAT","M - MALE","3 - NON-INCAPACITATING","50028F5F-2BF1-47B9-8D2A-B8275BF7D293","1 - DAYLIGHT","185003438","1 - NOT COLLISION BETWEEN TWO MOTOR VEHICLES IN TRANSPORT","01 - DRY","1 - STRAIGHT LEVEL","2 - BLACKTOP, BITUMINOUS, ASPHALT","N/A","P - PEDESTRIAN","1 - CLEAR","45209",3,0.304,0.0934311086815669,310044,39.1479558132234,-84.4376058243107,"Oakley",202657
"61XX KELLOGG AV",39.059088,-84.419735,"18-25","N/A","N/A","08/11/2015 07:50:00 PM +0000","01 - NOT AN INTERSECTION","2 - INJURY",2,"08/11/2015 08:11:00 PM +0000","TUE","M - MALE","2 - POSSIBLE","2D8B6044-FB69-41B9-8A60-B4C5A4C30882","3 - DUSK","155011181","1 - NOT COLLISION BETWEEN TWO MOTOR VEHICLES IN TRANSPORT","01 - DRY","1 - STRAIGHT LEVEL","2 - BLACKTOP, BITUMINOUS, ASPHALT","N/A","P - PEDESTRIAN","1 - CLEAR","45228",2,1.103,0.0976307432995622,230005,39.060188501039,-84.4195321463691,"California",199824
"10XX NORTH BEND RD",39.201231,-84.534573,"UNDER 18","N/A","N/A","11/23/2013 06:53:00 PM +0000","03 - T-INTERSECTION","3 - PROPERTY DAMAGE ONLY (PDO)",3,"11/23/2013 06:54:00 PM +0000","SAT","M - MALE","1 - NO INJURY / NONE REPORTED","6C1B60D9-D530-43FC-8861-F2761673A8F0","5 - DARK – ROADWAY NOT LIGHTED","135012256","1 - NOT COLLISION BETWEEN TWO MOTOR VEHICLES IN TRANSPORT","01 - DRY","1 - STRAIGHT LEVEL","2 - BLACKTOP, BITUMINOUS, ASPHALT","N/A","P - PEDESTRIAN","1 - CLEAR","45224",1,10.082,0.190251280231663,740068,39.2020008729068,-84.5347519488466,"College Hill",200100
"21XX HARRISON AV",39.08085,-84.34069,"31-40","N/A","N/A","12/07/2013 10:24:00 AM +0000","01 - NOT AN INTERSECTION","2 - INJURY",2,"12/07/2013 10:24:00 AM +0000","SAT","F - FEMALE","3 - NON-INCAPACITATING","E0C6545B-F005-429F-8E80-79FD41B4F704","1 - DAYLIGHT","135012632","1 - NOT COLLISION BETWEEN TWO MOTOR VEHICLES IN TRANSPORT","03 - SNOW","2 - STRAIGHT GRADE","2 - BLACKTOP, BITUMINOUS, ASPHALT","N/A","P - PEDESTRIAN","2 - CLOUDY","45214",3,0.304,0.0970201135271541,20015,39.0826299207212,-84.3720887899489,"Mt. Washington",274624
"6XX W 3RD ST",39.096781,-84.523271,"51-60","N/A","N/A","12/05/2017 12:10:00 AM +0000","01 - NOT AN INTERSECTION","2 - INJURY",2,"12/23/2017 03:00:00 PM +0000","TUE","M - MALE","2 - POSSIBLE","A42491F5-C6DA-4191-8D52-2A1281972D56","4 - DARK - LIGHTED ROADWAY","175019609","1 - NOT COLLISION BETWEEN TWO MOTOR VEHICLES IN TRANSPORT","01 - DRY","1 - STRAIGHT LEVEL","2 - BLACKTOP, BITUMINOUS, ASPHALT","N/A","P - PEDESTRIAN","1 - CLEAR","45203",2,1.103,0.0985930406362864,690021,39.0962496867373,-84.5234558830552,"Central Business District",273189
"34XX MADISON RD",39.157849,-84.422431,"18-25","N/A","N/A","03/10/2018 12:15:00 PM +0000","02 - FOUR-WAY INTERSECTION","2 - INJURY",2,"03/10/2018 01:36:17 PM +0000","SAT","M - MALE","2 - POSSIBLE","AF88F25D-692E-4A66-9FAF-09F971E0D1AC","1 - DAYLIGHT","185003433","1 - NOT COLLISION BETWEEN TWO MOTOR VEHICLES IN TRANSPORT","01 - DRY","1 - STRAIGHT LEVEL","2 - BLACKTOP, BITUMINOUS, ASPHALT","N/A","P - PEDESTRIAN","1 - CLEAR","45209",2,1.103,0.179050812983906,240048,39.1569408575384,-84.4217913552938,"Oakley",202657
"58XX RED BANK RD",39.175486,-84.402582,"UNDER 18","N/A","N/A","09/23/2017 08:08:00 PM +0000","12 - SHARED-USE PATHS OR TRAILS","2 - INJURY",2,"09/23/2017 08:12:00 PM +0000","SAT","M - MALE","2 - POSSIBLE","B131F681-63B5-40CC-8304-A905AE6C447F","5 - DARK – ROADWAY NOT LIGHTED","175014405","1 - NOT COLLISION BETWEEN TWO MOTOR VEHICLES IN TRANSPORT","01 - DRY","2 - STRAIGHT GRADE","2 - BLACKTOP, BITUMINOUS, ASPHALT","N/A","P - PEDESTRIAN","1 - CLEAR","45213",2,1.103,0.166391514112465,150056,39.1749184872053,-84.4014584772711,"Kennedy Heights",201559
"28XX RIVER RD",39.090097,-84.563548,"41-50","SEDAMSVILLE","SEDAMSVILLE","05/05/2015 12:35:17 AM +0000","10 - DRIVEWAY/ALLEY ACCESS","2 - INJURY",2,"05/05/2015 02:06:05 AM +0000","TUE","F - FEMALE","2 - POSSIBLE","1C0E6134-9393-4930-90F4-D7FD4E0A6986","4 - DARK - LIGHTED ROADWAY","155006159","1 - NOT COLLISION BETWEEN TWO MOTOR VEHICLES IN TRANSPORT","01 - DRY","1 - STRAIGHT LEVEL","2 - BLACKTOP, BITUMINOUS, ASPHALT","RIVERSIDE","P - PEDESTRIAN","1 - CLEAR","45204",2,1.103,0.142431417351859,870018,39.0894985034815,-84.5641217202009,"Sedamsville",203427
"20XX HARRISON AV",39.134404,-84.566759,"51-60","N/A","N/A","07/18/2015 10:15:00 PM +0000","01 - NOT AN INTERSECTION","2 - INJURY",2,"07/18/2015 10:15:00 PM +0000","SAT","M - MALE","2 - POSSIBLE","80132E5D-EE6D-4CDF-8C72-48222E896755","4 - DARK - LIGHTED ROADWAY","155009860","1 - NOT COLLISION BETWEEN TWO MOTOR VEHICLES IN TRANSPORT","01 - DRY","1 - STRAIGHT LEVEL","1 - CONCRETE","N/A","P - PEDESTRIAN","1 - CLEAR","45214",2,1.103,0.0658204454774554,880038,39.1344980642127,-84.5663809332764,"South Fairmount",203599
"3XX E CENTRAL PY",39.107929,-84.506814,"18-25","N/A","N/A","06/02/2013 02:48:00 AM +0000","03 - T-INTERSECTION","2 - INJURY",2,"06/02/2013 02:48:00 AM +0000","SUN","M - MALE","3 - NON-INCAPACITATING","3B169533-F69D-41B5-8090-AC9F07D9EB4E","4 - DARK - LIGHTED ROADWAY","135006709","1 - NOT COLLISION BETWEEN TWO MOTOR VEHICLES IN TRANSPORT","01 - DRY","1 - STRAIGHT LEVEL","1 - CONCRETE","N/A","P - PEDESTRIAN","1 - CLEAR","45202",3,0.304,0.119267762967107,620026,39.1074963395879,-84.5076413917421,"Central Business District",273189
"5XX WADE ST",39.111437,-84.524025,"UNDER 18","WEST END","WEST  END","04/12/2018 07:42:00 PM +0000","01 - NOT AN INTERSECTION","2 - INJURY",2,"04/12/2018 07:43:00 PM +0000","THU","F - FEMALE","3 - NON-INCAPACITATING","432EEBA3-F56A-4A0E-A379-46D29BB9315B","1 - DAYLIGHT","185005079","1 - NOT COLLISION BETWEEN TWO MOTOR VEHICLES IN TRANSPORT","01 - DRY","1 - STRAIGHT LEVEL","2 - BLACKTOP, BITUMINOUS, ASPHALT","WEST END","P - PEDESTRIAN","1 - CLEAR","45214",3,0.304,0.107146692148675,690028,39.1119997010489,-84.5234558830315,"West End",276647
"21XX QUEEN CITY AV",39.128823,-84.571657,"26-30","N/A","N/A","08/01/2018 05:55:00 AM +0000","03 - T-INTERSECTION","2 - INJURY",2,"08/01/2018 05:55:00 AM +0000","WED","M - MALE","4 - INCAPACITATING","89D145D3-04FD-4F15-AA09-DC34D8C0C40C","4 - DARK - LIGHTED ROADWAY","185010644","1 - NOT COLLISION BETWEEN TWO MOTOR VEHICLES IN TRANSPORT","01 - DRY","1 - STRAIGHT LEVEL","2 - BLACKTOP, BITUMINOUS, ASPHALT","N/A","P - PEDESTRIAN","1 - CLEAR","45214",4,0.141,0.118806669264086,900035,39.1277469679697,-84.5708993592728,"South Fairmount",203599
"36XX ALLVIEW CR",39.138795,-84.619401,"61-70","N/A","N/A","04/10/2018 11:01:00 AM +0000","03 - T-INTERSECTION","2 - INJURY",2,"04/10/2018 11:01:00 AM +0000","TUE","F - FEMALE","3 - NON-INCAPACITATING","AE0240DF-3799-40B1-A989-247D0DEB6310","1 - DAYLIGHT","185004924","1 - NOT COLLISION BETWEEN TWO MOTOR VEHICLES IN TRANSPORT","01 - DRY","1 - STRAIGHT LEVEL","2 - BLACKTOP, BITUMINOUS, ASPHALT","N/A","P - PEDESTRIAN","1 - CLEAR","45238",3,0.304,0.107401213278697,1110040,39.1389749973334,-84.6183428189105,"Westwood",204284
"37XX PRESIDENT DR",39.153893,-84.560789,"26-30","N/A","N/A","06/14/2018 07:56:00 PM +0000","01 - NOT AN INTERSECTION","2 - INJURY",2,"06/14/2018 07:59:00 PM +0000","THU","M - MALE","3 - NON-INCAPACITATING","4FC78852-6BB6-459E-8E24-72B712B43CD8","1 - DAYLIGHT","185008330","1 - NOT COLLISION BETWEEN TWO MOTOR VEHICLES IN TRANSPORT","01 - DRY","1 - STRAIGHT LEVEL","2 - BLACKTOP, BITUMINOUS, ASPHALT","N/A","P - PEDESTRIAN","1 - CLEAR","45225",3,0.304,0.144374157391978,860047,39.1547489982083,-84.5618625071542,"South Cumminsville",275423
"77XX READING RD",39.202671,-84.454557,"41-50","ROSELAWN","ROSELAWN","09/07/2016 12:41:00 PM +0000","01 - NOT AN INTERSECTION","2 - INJURY",2,"09/29/2016 12:00:00 PM +0000","WED","F - FEMALE","3 - NON-INCAPACITATING","3CC1DB08-24D9-4514-A0B3-CC9486BBCD42","1 - DAYLIGHT","165014522","1 - NOT COLLISION BETWEEN TWO MOTOR VEHICLES IN TRANSPORT","01 - DRY","2 - STRAIGHT GRADE","1 - CONCRETE","ROSELAWN","P - PEDESTRIAN","1 - CLEAR","45237",3,0.304,0.157466855673239,390068,39.2019703304721,-84.4556795105242,"Roselawn",203265
"2XX E 2ND ST",39.098747,-84.509499,"41-50","N/A","N/A","09/18/2015 02:30:00 PM +0000","02 - FOUR-WAY INTERSECTION","2 - INJURY",2,"09/18/2015 02:31:00 PM +0000","FRI","M - MALE","3 - NON-INCAPACITATING","E3EF61A0-8723-4F3A-82C1-25FE8ECA398C","1 - DAYLIGHT","155013370","1 - NOT COLLISION BETWEEN TWO MOTOR VEHICLES IN TRANSPORT","01 - DRY","1 - STRAIGHT LEVEL","2 - BLACKTOP, BITUMINOUS, ASPHALT","N/A","P - PEDESTRIAN","1 - CLEAR","45202",3,0.304,0.195556727239186,630022,39.0984969420206,-84.5099006047046,"Central Business District",273189
"S I71 AT 3-0 MM",39.132782,-84.493801,"UNKNOWN","AVONDALE","AVONDALE","09/14/2018 07:30:00 AM +0000","01 - NOT AN INTERSECTION","3 - PROPERTY DAMAGE ONLY (PDO)",3,"09/14/2018 09:41:00 AM +0000","FRI","","1 - NO INJURY / NONE REPORTED","178B320C-AF0E-49C0-9E43-0DED4DCA39DB","1 - DAYLIGHT","185012940","1 - NOT COLLISION BETWEEN TWO MOTOR VEHICLES IN TRANSPORT","01 - DRY","1 - STRAIGHT LEVEL","1 - CONCRETE","AVONDALE","P - PEDESTRIAN","1 - CLEAR","45202",1,10.082,0.192783270405219,560037,39.1322417823509,-84.4940861149623,"Walnut Hills",204112
"30XX BURNET AV",39.134591,-84.501627,"26-30","N/A","N/A","03/06/2018 07:41:00 AM +0000","02 - FOUR-WAY INTERSECTION","2 - INJURY",2,"03/06/2018 07:41:00 AM +0000","TUE","M - MALE","3 - NON-INCAPACITATING","82DEE2AF-7E48-457F-B795-593581F935F7","1 - DAYLIGHT","185003178","1 - NOT COLLISION BETWEEN TWO MOTOR VEHICLES IN TRANSPORT","01 - DRY","2 - STRAIGHT GRADE","2 - BLACKTOP, BITUMINOUS, ASPHALT","N/A","P - PEDESTRIAN","1 - CLEAR","45219",3,0.304,0.0990311442875128,590038,39.1344942700738,-84.5008637530982,"Avondale",199345
"33XX WERK RD",39.140965,-84.616937,"26-30","WESTWOOD","WESTWOOD","09/13/2017 02:10:00 AM +0000","01 - NOT AN INTERSECTION","3 - PROPERTY DAMAGE ONLY (PDO)",3,"09/13/2017 02:18:00 AM +0000","WED","F - FEMALE","1 - NO INJURY / NONE REPORTED","43D16BF9-BC35-4CCC-8562-3A93A4A588A5","4 - DARK - LIGHTED ROADWAY","175013796","1 - NOT COLLISION BETWEEN TWO MOTOR VEHICLES IN TRANSPORT","01 - DRY","1 - STRAIGHT LEVEL","2 - BLACKTOP, BITUMINOUS, ASPHALT","WESTWOOD","P - PEDESTRIAN","1 - CLEAR","45211",1,10.082,0.153759634198314,1100041,39.1412264818037,-84.6160836073133,"Westwood",204284
"9XX NASSAU ST",39.120518,-84.492565,"UNDER 18","WALNUT HILLS","WALNUT HILLS","09/20/2014 08:05:00 PM +0000","01 - NOT AN INTERSECTION","2 - INJURY",2,"09/20/2014 08:06:00 PM +0000","SAT","M - MALE","3 - NON-INCAPACITATING","520216DD-86E3-4E65-B0B1-A6922B062CD3","3 - DUSK","145008947","1 - NOT COLLISION BETWEEN TWO MOTOR VEHICLES IN TRANSPORT","01 - DRY","1 - STRAIGHT LEVEL","2 - BLACKTOP, BITUMINOUS, ASPHALT","WALNUT HILLS","P - PEDESTRIAN","1 - CLEAR","45206",3,0.304,0.15172434662775,550032,39.1209908570771,-84.4918269023924,"Walnut Hills",204112
"10XX GRAND AV",39.113227,-84.560663,"31-40","N/A","N/A","01/20/2015 10:40:00 PM +0000","01 - NOT AN INTERSECTION","2 - INJURY",2,"01/20/2015 10:41:00 PM +0000","TUE","M - MALE","4 - INCAPACITATING","3E7E5113-05D0-4D08-9D98-D03A5B78DB66","4 - DARK - LIGHTED ROADWAY","155000839","1 - NOT COLLISION BETWEEN TWO MOTOR VEHICLES IN TRANSPORT","01 - DRY","2 - STRAIGHT GRADE","1 - CONCRETE","N/A","P - PEDESTRIAN","1 - CLEAR","45204",4,0.141,0.10720028219114,850029,39.1142493542519,-84.5596032940319,"East Price Hill",273561
"42XX GLENWAY",39.115587,-84.584629,"UNDER 18","N/A","N/A","06/26/2013 05:55:00 PM +0000","03 - T-INTERSECTION","2 - INJURY",2,"06/26/2013 05:59:00 PM +0000","WED","M - MALE","3 - NON-INCAPACITATING","242D883E-76DC-4790-A864-DECD17CEEC7D","1 - DAYLIGHT","135007764","8 - SIDESWIPE, OPPOSITE DIRECTION","02 - WET","1 - STRAIGHT LEVEL","2 - BLACKTOP, BITUMINOUS, ASPHALT","N/A","P - PEDESTRIAN","4 - RAIN","45205",3,0.304,0.102964133120877,960030,39.1164926410914,-84.584454636263,"West Price HIll",275981
"5XX E COURT ST",39.109265,-84.506402,"18-25","N/A","N/A","09/09/2016 09:40:00 AM +0000","10 - DRIVEWAY/ALLEY ACCESS","2 - INJURY",2,"09/09/2016 10:00:00 AM +0000","FRI","F - FEMALE","2 - POSSIBLE","1BB28F28-966A-4380-B934-13A9383F8C82","1 - DAYLIGHT","165014668","1 - NOT COLLISION BETWEEN TWO MOTOR VEHICLES IN TRANSPORT","02 - WET","1 - STRAIGHT LEVEL","2 - BLACKTOP, BITUMINOUS, ASPHALT","N/A","P - PEDESTRIAN","2 - CLOUDY","45202",2,1.103,0.11473541529123,610027,39.1097456875309,-84.5053821788343,"Pendleton",202841
"82XX DALY",39.215836,-84.529995,"31-40","N/A","N/A","11/07/2013 07:13:00 AM +0000","02 - FOUR-WAY INTERSECTION","2 - INJURY",2,"11/07/2013 07:14:00 AM +0000","THU","M - MALE","3 - NON-INCAPACITATING","75F94175-F4B0-460D-B5E0-2835375A8CB1","1 - DAYLIGHT","135011793","1 - NOT COLLISION BETWEEN TWO MOTOR VEHICLES IN TRANSPORT","01 - DRY","1 - STRAIGHT LEVEL","2 - BLACKTOP, BITUMINOUS, ASPHALT","N/A","P - PEDESTRIAN","1 - CLEAR","45231",3,0.304,0.141585402020321,730074,39.2155007541559,-84.5324927356171,"College Hill",200100
"36XX WARSAW AV",39.110338,-84.572906,"51-60","N/A","N/A","01/10/2017 03:20:00 PM +0000","01 - NOT AN INTERSECTION","2 - INJURY",2,"01/10/2017 04:13:00 PM +0000","TUE","F - FEMALE","3 - NON-INCAPACITATING","61A1B8CD-6831-42D6-B33E-05ED3C391987","1 - DAYLIGHT","175000509","1 - NOT COLLISION BETWEEN TWO MOTOR VEHICLES IN TRANSPORT","02 - WET","1 - STRAIGHT LEVEL","2 - BLACKTOP, BITUMINOUS, ASPHALT","N/A","P - PEDESTRIAN","2 - CLOUDY","45205",3,0.304,0.168661136649588,910027,39.1097463415707,-84.5731585722005,"East Price Hill",273561
"35XX ERIE",39.140683,-84.419078,"61-70","N/A","N/A","12/22/2012 05:40:00 PM +0000","03 - T-INTERSECTION","2 - INJURY",2,"12/22/2012 05:40:00 PM +0000","SAT","M - MALE","2 - POSSIBLE","C38EB215-C71B-4390-9025-DE5C704341FC","4 - DARK - LIGHTED ROADWAY","125000741","1 - NOT COLLISION BETWEEN TWO MOTOR VEHICLES IN TRANSPORT","01 - DRY","1 - STRAIGHT LEVEL","1 - CONCRETE","N/A","P - PEDESTRIAN","1 - CLEAR","45208",2,1.103,0.171025449735743,230041,39.1411885385543,-84.4195321460645,"Hyde Park",201414
"36XX WARSAW AV",39.111477,-84.569979,"26-30","EAST PRICE HILL","EAST PRICE HILL","01/31/2015 12:43:00 PM +0000","99 - UNKNOWN","2 - INJURY",2,"01/31/2015 12:50:34 PM +0000","SAT","F - FEMALE","2 - POSSIBLE","128FE53C-41DC-4548-A0FF-3A2561299268","1 - DAYLIGHT","155001374","1 - NOT COLLISION BETWEEN TWO MOTOR VEHICLES IN TRANSPORT","01 - DRY","1 - STRAIGHT LEVEL","2 - BLACKTOP, BITUMINOUS, ASPHALT","EAST PRICE HILL","P - PEDESTRIAN","1 - CLEAR","45205",2,1.103,0.129188790483814,900028,39.1119969540103,-84.5708993592591,"East Price Hill",273561
"2XX E 2ND ST",39.098099,-84.509274,"41-50","N/A","N/A","08/20/2017 11:18:00 PM +0000","01 - NOT AN INTERSECTION","2 - INJURY",2,"08/20/2017 11:22:00 PM +0000","SUN","M - MALE","2 - POSSIBLE","A2E4A1A8-75E6-471C-98C3-810246AC3833","4 - DARK - LIGHTED ROADWAY","175012479","1 - NOT COLLISION BETWEEN TWO MOTOR VEHICLES IN TRANSPORT","01 - DRY","1 - STRAIGHT LEVEL","1 - CONCRETE","N/A","P - PEDESTRIAN","1 - CLEAR","45202",2,1.103,0.195556727239186,630022,39.0984969420206,-84.5099006047046,"Central Business District",273189
"37XX READING RD",39.152723,-84.483671,"UNDER 18","AVONDALE - NORTH AVONDALE","NORTH AVONDALE","10/19/2015 08:40:00 AM +0000","02 - FOUR-WAY INTERSECTION","2 - INJURY",2,"10/19/2015 08:45:00 AM +0000","MON","F - FEMALE","3 - NON-INCAPACITATING","D4857C09-0B70-4BD5-9F72-AB6A636E615F","1 - DAYLIGHT","155015130","1 - NOT COLLISION BETWEEN TWO MOTOR VEHICLES IN TRANSPORT","02 - WET","1 - STRAIGHT LEVEL","2 - BLACKTOP, BITUMINOUS, ASPHALT","AVONDALE","P - PEDESTRIAN","1 - CLEAR","45229",3,0.304,0.106202845049426,510046,39.1524867835706,-84.4827900525115,"North Avondale",274686
"18XX VINE ST",39.117256,-84.516736,"31-40","N/A","N/A","04/22/2016 04:30:00 PM +0000","01 - NOT AN INTERSECTION","2 - INJURY",2,"04/22/2016 04:30:00 PM +0000","FRI","M - MALE","3 - NON-INCAPACITATING","888C7B94-ADF5-4D71-9549-D009A013BF08","1 - DAYLIGHT","165006098","1 - NOT COLLISION BETWEEN TWO MOTOR VEHICLES IN TRANSPORT","01 - DRY","1 - STRAIGHT LEVEL","2 - BLACKTOP, BITUMINOUS, ASPHALT","N/A","P - PEDESTRIAN","2 - CLOUDY","45202",3,0.304,0.168576370115149,660030,39.1164985277923,-84.5166782437132,"Over-The-Rhine",202750
"24XX BOUDINOT AV",39.131035,-84.604906,"51-60","N/A","N/A","06/09/2017 01:20:00 PM +0000","02 - FOUR-WAY INTERSECTION","2 - INJURY",2,"06/10/2017 11:00:00 AM +0000","FRI","M - MALE","2 - POSSIBLE","994294F7-1899-4074-A8DD-A95E4F38ADFF","1 - DAYLIGHT","175008706","1 - NOT COLLISION BETWEEN TWO MOTOR VEHICLES IN TRANSPORT","01 - DRY","1 - STRAIGHT LEVEL","2 - BLACKTOP, BITUMINOUS, ASPHALT","N/A","P - PEDESTRIAN","1 - CLEAR","45238",2,1.103,0.119903451991948,1050036,39.1299832329901,-84.6047875479233,"Westwood",204284
"3XX W MCMILLAN ST",39.128,-84.522716,"UNDER 18","N/A","N/A","08/22/2013 03:15:00 PM +0000","01 - NOT AN INTERSECTION","2 - INJURY",2,"08/22/2013 06:00:00 PM +0000","THU","M - MALE","3 - NON-INCAPACITATING","5A56460F-9F82-4A20-82EF-1F7F2C0F9B8D","1 - DAYLIGHT","135009542","1 - NOT COLLISION BETWEEN TWO MOTOR VEHICLES IN TRANSPORT","01 - DRY","2 - STRAIGHT GRADE","1 - CONCRETE","N/A","P - PEDESTRIAN","1 - CLEAR","45219",3,0.304,0.10786699549206,690035,39.1277497153227,-84.5234558830079,"CUF",273417
"2XX CALHOUN ST",39.128061,-84.516315,"51-60","CORRYVILLE - HEIGHTS","CLIFTON/UNIVERSITY HEIGHTS","07/21/2017 03:31:00 PM +0000","01 - NOT AN INTERSECTION","2 - INJURY",2,"07/21/2017 03:31:00 PM +0000","FRI","M - MALE","3 - NON-INCAPACITATING","B501F6D6-076A-4D7A-9320-2376EC798608","1 - DAYLIGHT","175010829","1 - NOT COLLISION BETWEEN TWO MOTOR VEHICLES IN TRANSPORT","01 - DRY","1 - STRAIGHT LEVEL","1 - CONCRETE","CUF","P - PEDESTRIAN","1 - CLEAR","45219",3,0.304,0.183945045028763,660035,39.1277485378878,-84.5166782436926,"CUF",273417
"22XX RAVINE ST",39.124731,-84.526616,"31-40","CUF","CLIFTON/UNIVERSITY HEIGHTS","03/09/2018 07:00:00 PM +0000","01 - NOT AN INTERSECTION","2 - INJURY",2,"03/09/2018 07:06:00 PM +0000","FRI","M - MALE","4 - INCAPACITATING","83DA5E6D-7C37-4658-A33E-49E1D355F277","4 - DARK - LIGHTED ROADWAY","185003412","1 - NOT COLLISION BETWEEN TWO MOTOR VEHICLES IN TRANSPORT","01 - DRY","2 - STRAIGHT GRADE","1 - CONCRETE","CUF","P - PEDESTRIAN","1 - CLEAR","45219",4,0.141,0.15659561757868,700034,39.1255000185418,-84.5257150961618,"CUF",273417
"S IR 471 @5.0",39.102254,-84.498613,"51-60","N/A","N/A","11/22/2014 07:10:00 AM +0000","01 - NOT AN INTERSECTION","2 - INJURY",2,"11/22/2014 07:10:00 AM +0000","SAT","M - MALE","2 - POSSIBLE","38661622-1658-44F2-AF3E-B67A880842A8","2 - DAWN","145012062","1 - NOT COLLISION BETWEEN TWO MOTOR VEHICLES IN TRANSPORT","04 - ICE","4 - CURVE GRADE","1 - CONCRETE","N/A","P - PEDESTRIAN","4 - RAIN","45202",2,1.103,0.106056699832568,580024,39.1029934579533,-84.498604540415,"Mt. Adams",274619