"address_x","lat","long","age","community_council_neighborhood","cpd_neighborhood","crashdate","crashlocation","crashseverity","crashseverityid","datecrashreported","dayofweek","gender","injuries","instanceid","lightconditionsprimary","localreportno","mannerofcrash","roadconditionsprimary","roadcontour","roadsurface","sna_neighborhood","typeofperson","weather","zip","injury_type_num","cost","dist","cell_id","lat_cell","long_cell","hood","hood_id"
"49XX GLENWAY AV",39.121134,-84.601088,"18-25","N/A","N/A","04/24/2017 03:29:00 PM +0000","01 - NOT AN INTERSECTION","3 - PROPERTY DAMAGE ONLY (PDO)",3,"04/24/2017 03:29:00 PM +0000","MON","M - MALE","1 - NO INJURY / NONE REPORTED","E521282C-C08E-4F64-9165-8877FC3814B6","1 - DAYLIGHT","175005922","1 - NOT COLLISION BETWEEN TWO MOTOR VEHICLES IN TRANSPORT","01 - DRY","1 - STRAIGHT LEVEL","2 - BLACKTOP, BITUMINOUS, ASPHALT","N/A","P - PEDESTRIAN","1 - CLEAR","45238",1,10.082,0.106955037889705,1030032,39.1209856242799,-84.6002691235822,"West Price HIll",275981
"32XX GLENWAY",39.113241,-84.561922,"UNDER 18","EAST PRICE HILL","EAST PRICE HILL","05/23/2016 08:05:00 AM +0000","01 - NOT AN INTERSECTION","2 - INJURY",2,"05/23/2016 08:06:00 AM +0000","MON","M - MALE","4 - INCAPACITATING","2C4D843C-C7F7-44BF-B185-F568F02B55E5","1 - DAYLIGHT","165008044","1 - NOT COLLISION BETWEEN TWO MOTOR VEHICLES IN TRANSPORT","01 - DRY","2 - STRAIGHT GRADE","2 - BLACKTOP, BITUMINOUS, ASPHALT","EAST PRICE HILL","P - PEDESTRIAN","1 - CLEAR","45204",4,0.141,0.146652586834326,860029,39.1142489618117,-84.5618625071365,"East Price Hill",273561
"61XX RIDGE AV",39.182498,-84.427621,"UNDER 18","PLEASANT RIDGE","PLEASANT RIDGE","09/11/2018 04:00:00 PM +0000","01 - NOT AN INTERSECTION","2 - INJURY",2,"09/11/2018 04:00:00 PM +0000","TUE","M - MALE","3 - NON-INCAPACITATING","2C011363-3788-4D3D-8DA1-B628E1948E54","1 - DAYLIGHT","185012797","1 - NOT COLLISION BETWEEN TWO MOTOR VEHICLES IN TRANSPORT","01 - DRY","1 - STRAIGHT LEVEL","2 - BLACKTOP, BITUMINOUS, ASPHALT","PLEASANT RIDGE","P - PEDESTRIAN","1 - CLEAR","45213",3,0.304,0.151468169875956,270059,39.1816975440107,-84.4285689839332,"Pleasant Ridge",202946
"16XX MOORE ST",39.112978,-84.515356,"51-60","N/A","N/A","08/23/2017 02:46:00 PM +0000","03 - T-INTERSECTION","2 - INJURY",2,"08/23/2017 02:46:00 PM +0000","WED","M - MALE","3 - NON-INCAPACITATING","ABB1FDB8-56CE-4329-8C43-9261D32AE181","1 - DAYLIGHT","175012598","1 - NOT COLLISION BETWEEN TWO MOTOR VEHICLES IN TRANSPORT","01 - DRY","1 - STRAIGHT LEVEL","2 - BLACKTOP, BITUMINOUS, ASPHALT","N/A","P - PEDESTRIAN","1 - CLEAR","45202",3,0.304,0.215255452044015,650028,39.1119980441079,-84.5144190306731,"Over-The-Rhine",202750
"21XX FERGUSON RD",39.125511,-84.602001,"18-25","WEST PRICE HILL","WEST PRICE HILL","02/12/2018 02:10:00 PM +0000","01 - NOT AN INTERSECTION","2 - INJURY",2,"02/14/2018 10:00:00 AM +0000","MON","M - MALE","2 - POSSIBLE","5B809C37-1F8A-40AF-855F-66D5D856BAFD","1 - DAYLIGHT","185002509","1 - NOT COLLISION BETWEEN TWO MOTOR VEHICLES IN TRANSPORT","01 - DRY","1 - STRAIGHT LEVEL","2 - BLACKTOP, BITUMINOUS, ASPHALT","WEST PRICE HILL","P - PEDESTRIAN","1 - CLEAR","45238",2,1.103,0.169618547444283,1040034,39.1254844504795,-84.6025283357909,"West Price HIll",275981
"1XX  W 3RD ST",39.098431,-84.516361,"31-40","N/A","N/A","11/11/2016 04:11:00 PM +0000","02 - FOUR-WAY INTERSECTION","2 - INJURY",2,"11/11/2016 04:20:00 PM +0000","FRI","F - FEMALE","3 - NON-INCAPACITATING","ACC7668E-CA58-4E5A-B502-18E089A9F376","1 - DAYLIGHT","165018715","1 - NOT COLLISION BETWEEN TWO MOTOR VEHICLES IN TRANSPORT","01 - DRY","1 - STRAIGHT LEVEL","2 - BLACKTOP, BITUMINOUS, ASPHALT","N/A","P - PEDESTRIAN","1 - CLEAR","45202",3,0.304,0.150198219235666,660022,39.0984985115998,-84.5166782437462,"Central Business District",273189
"7XX E MCMILLAN ST",39.125284,-84.491656,"UNKNOWN","WALNUT HILLS","WALNUT HILLS","07/26/2017 01:20:00 PM +0000","03 - T-INTERSECTION","3 - PROPERTY DAMAGE ONLY (PDO)",3,"07/26/2017 01:20:00 PM +0000","WED","","1 - NO INJURY / NONE REPORTED","5707A94E-A44F-42DD-892B-67B61D39FCDC","1 - DAYLIGHT","175011120","1 - NOT COLLISION BETWEEN TWO MOTOR VEHICLES IN TRANSPORT","01 - DRY","1 - STRAIGHT LEVEL","1 - CONCRETE","WALNUT HILLS","P - PEDESTRIAN","1 - CLEAR","45206",1,10.082,0.111073882263427,550034,39.1254908608637,-84.4918269023792,"Walnut Hills",204112
"28XX MELROSE AV",39.129488,-84.490886,"18-25","WALNUT HILLS","WALNUT HILLS","11/03/2015 03:38:00 PM +0000","02 - FOUR-WAY INTERSECTION","2 - INJURY",2,"11/03/2015 03:45:00 PM +0000","TUE","F - FEMALE","3 - NON-INCAPACITATING","D00C62DD-00E5-47F0-8965-24BCD783E3C4","1 - DAYLIGHT","155016071","1 - NOT COLLISION BETWEEN TWO MOTOR VEHICLES IN TRANSPORT","01 - DRY","1 - STRAIGHT LEVEL","2 - BLACKTOP, BITUMINOUS, ASPHALT","WALNUT HILLS","P - PEDESTRIAN","1 - CLEAR","45206",3,0.304,0.130910249449283,550036,39.1299908646475,-84.491826902366,"Walnut Hills",204112
"25XX JEFFERSON AV",39.129531,-84.512196,"18-25","N/A","N/A","03/18/2016 08:30:00 AM +0000","02 - FOUR-WAY INTERSECTION","2 - INJURY",2,"03/18/2016 08:30:00 AM +0000","FRI","F - FEMALE","3 - NON-INCAPACITATING","AEB49DD4-1CE4-4A5D-8D7E-89931F562925","1 - DAYLIGHT","165004054","1 - NOT COLLISION BETWEEN TWO MOTOR VEHICLES IN TRANSPORT","01 - DRY","2 - STRAIGHT GRADE","2 - BLACKTOP, BITUMINOUS, ASPHALT","N/A","P - PEDESTRIAN","1 - CLEAR","45221",3,0.304,0.109672164668597,640036,39.1299975368881,-84.5121598176199,"CUF",273417
"6XX OAK ST",39.130359,-84.498368,"18-25","AVONDALE","AVONDALE","05/14/2013 08:00:00 AM +0000","02 - FOUR-WAY INTERSECTION","2 - INJURY",2,"05/14/2013 08:06:06 AM +0000","TUE","F - FEMALE","3 - NON-INCAPACITATING","0CD4D467-9407-4C09-9E8E-A5C62741897C","1 - DAYLIGHT","135005868","1 - NOT COLLISION BETWEEN TWO MOTOR VEHICLES IN TRANSPORT","01 - DRY","1 - STRAIGHT LEVEL","2 - BLACKTOP, BITUMINOUS, ASPHALT","AVONDALE","P - PEDESTRIAN","1 - CLEAR","45206",3,0.304,0.119451453192075,580036,39.1299934812124,-84.4986045403433,"Avondale",199345
"40XX RED BANK RD",39.150805,-84.405086,"51-60","N/A","N/A","11/16/2015 08:05:00 PM +0000","01 - NOT AN INTERSECTION","1 - FATAL INJURY",1,"11/16/2015 08:08:00 PM +0000","MON","F - FEMALE","5 - FATAL","7C3DB6CF-9527-4E31-B90F-E16BA2C470B5","4 - DARK - LIGHTED ROADWAY","155016717","1 - NOT COLLISION BETWEEN TWO MOTOR VEHICLES IN TRANSPORT","02 - WET","3 - CURVE LEVEL","2 - BLACKTOP, BITUMINOUS, ASPHALT","N/A","P - PEDESTRIAN","2 - CLOUDY","45227",5,0.046,0.101110172590976,170045,39.1501737569487,-84.4059768935412,"Oakley",202657
"29XX DE BRECK AV",39.141619,-84.585171,"61-70","WESTWOOD","WESTWOOD","12/29/2016 07:06:22 PM +0000","03 - T-INTERSECTION","2 - INJURY",2,"12/29/2016 07:06:23 PM +0000","THU","M - MALE","2 - POSSIBLE","83A9221D-7641-40B6-8DFD-6170ED05E2A6","5 - DARK – ROADWAY NOT LIGHTIED","165021737","1 - NOT COLLISION BETWEEN TWO MOTOR VEHICLES IN TRANSPORT","02 - WET","1 - STRAIGHT LEVEL","2 - BLACKTOP, BITUMINOUS, ASPHALT","WESTWOOD","P - PEDESTRIAN","2 - CLOUDY","45211",2,1.103,0.161339839225849,960041,39.1412426622192,-84.5844546362992,"Westwood",204284
"37XX W LIBERTY ST",39.117015,-84.574901,"18-25","WEST PRICE HILL","WEST PRICE HILL","11/07/2017 04:28:00 PM +0000","02 - FOUR-WAY INTERSECTION","2 - INJURY",2,"11/07/2017 04:28:00 PM +0000","TUE","F - FEMALE","2 - POSSIBLE","2B6AC062-BD20-41F5-B001-16F6CAA0DA46","3 - DUSK","175017111","1 - NOT COLLISION BETWEEN TWO MOTOR VEHICLES IN TRANSPORT","01 - DRY","2 - STRAIGHT GRADE","2 - BLACKTOP, BITUMINOUS, ASPHALT","EAST PRICE HILL","P - PEDESTRIAN","2 - CLOUDY","45205",2,1.103,0.160766938474702,920030,39.1164956934527,-84.5754177851105,"West Price HIll",275981
"76XX READING RD",39.200999,-84.456075,"18-25","N/A","N/A","07/12/2018 01:32:00 PM +0000","01 - NOT AN INTERSECTION","3 - PROPERTY DAMAGE ONLY (PDO)",3,"07/12/2018 02:00:00 PM +0000","THU","M - MALE","1 - NO INJURY / NONE REPORTED","7F184EDB-B0F4-4EA6-A7E5-5FC9638A416B","1 - DAYLIGHT","185009676","1 - NOT COLLISION BETWEEN TWO MOTOR VEHICLES IN TRANSPORT","01 - DRY","1 - STRAIGHT LEVEL","2 - BLACKTOP, BITUMINOUS, ASPHALT","N/A","P - PEDESTRIAN","1 - CLEAR","45237",1,10.082,0.157466855673239,390068,39.2019703304721,-84.4556795105242,"Roselawn",203265
"22XX MADISON RD",39.133591,-84.457783,"31-40","N/A","N/A","12/23/2015 10:16:00 PM +0000","03 - T-INTERSECTION","2 - INJURY",2,"12/23/2015 10:20:00 PM +0000","WED","M - MALE","4 - INCAPACITATING","6153DDB8-86F4-44C1-AAED-B196679AA751","4 - DARK - LIGHTED ROADWAY","155018801","6 - ANGLE","02 - WET","2 - STRAIGHT GRADE","2 - BLACKTOP, BITUMINOUS, ASPHALT","N/A","P - PEDESTRIAN","2 - CLOUDY","45208",4,0.141,0.141866360085092,400038,39.1344718977166,-84.4579387220936,"Hyde Park",201414
"4XX KINGS RUN CT",39.177788,-84.509388,"18-25","SPRING GROVE VILLAGE","SPRING GROVE VILLAGE","11/27/2014 01:00:00 AM +0000","10 - DRIVEWAY/ALLEY ACCESS","2 - INJURY",2,"11/27/2014 10:51:00 AM +0000","THU","F - FEMALE","4 - INCAPACITATING","EB8B7296-13F6-47B4-93D1-719307326E91","6 - DARK – UNKNOWN ROADWAY LIGHTING","145012296","1 - NOT COLLISION BETWEEN TWO MOTOR VEHICLES IN TRANSPORT","01 - DRY","1 - STRAIGHT LEVEL","2 - BLACKTOP, BITUMINOUS, ASPHALT","SPRING GROVE VILLAGE","P - PEDESTRIAN","9 - OTHER/UNKNOWN","45232",4,0.141,0.15157549764797,630057,39.1772470116069,-84.5099006045349,"Winton Place",204406
"70XX READING RD",39.187933,-84.466303,"31-40","BOND HILL","BONDHILL","08/31/2017 10:49:00 PM +0000","01 - NOT AN INTERSECTION","2 - INJURY",2,"08/31/2017 10:50:00 PM +0000","THU","M - MALE","3 - NON-INCAPACITATING","88754BC5-4202-4EC2-905C-87724BE804C6","4 - DARK - LIGHTED ROADWAY","175013093","1 - NOT COLLISION BETWEEN TWO MOTOR VEHICLES IN TRANSPORT","01 - DRY","1 - STRAIGHT LEVEL","2 - BLACKTOP, BITUMINOUS, ASPHALT","ROSELAWN","P - PEDESTRIAN","1 - CLEAR","45237",3,0.304,0.120530115889051,440062,39.1884779561115,-84.466975568105,"Bond Hill",199607
"36XX VINE ST",39.150628,-84.511854,"51-60","N/A","N/A","09/08/2016 01:59:00 PM +0000","01 - NOT AN INTERSECTION","2 - INJURY",2,"09/08/2016 02:10:00 PM +0000","THU","F - FEMALE","2 - POSSIBLE","E1A755D0-3F63-41B7-86D6-8B51F7FE5907","1 - DAYLIGHT","165014601","1 - NOT COLLISION BETWEEN TWO MOTOR VEHICLES IN TRANSPORT","01 - DRY","1 - STRAIGHT LEVEL","2 - BLACKTOP, BITUMINOUS, ASPHALT","N/A","P - PEDESTRIAN","1 - CLEAR","45220",2,1.103,0.09995506835712,640045,39.1502475548581,-84.5121598175784,"Clifton",200052
"62XX GLENWAY AV",39.156665,-84.607701,"41-50","N/A","N/A","06/11/2013 07:22:00 PM +0000","10 - DRIVEWAY/ALLEY ACCESS","2 - INJURY",2,"06/11/2013 07:22:00 PM +0000","TUE","F - FEMALE","3 - NON-INCAPACITATING","09DFE385-F462-4DDA-BEBF-176A2CB868AF","3 - DUSK","135007138","1 - NOT COLLISION BETWEEN TWO MOTOR VEHICLES IN TRANSPORT","01 - DRY","1 - STRAIGHT LEVEL","2 - BLACKTOP, BITUMINOUS, ASPHALT","N/A","P - PEDESTRIAN","2 - CLOUDY","45211",3,0.304,0.165550405315674,1060046,39.1524819857434,-84.607046760017,"Westwood",204284
"58XX PEABODY AV",39.160509,-84.396399,"UNDER 18","N/A","N/A","08/26/2018 02:50:00 PM +0000","01 - NOT AN INTERSECTION","2 - INJURY",2,"08/26/2018 02:52:00 PM +0000","SUN","F - FEMALE","4 - INCAPACITATING","B94B8AD9-1BE2-4BB7-9A85-CBAB4A466D82","1 - DAYLIGHT","185011934","1 - NOT COLLISION BETWEEN TWO MOTOR VEHICLES IN TRANSPORT","01 - DRY","1 - STRAIGHT LEVEL","2 - BLACKTOP, BITUMINOUS, ASPHALT","N/A","P - PEDESTRIAN","1 - CLEAR","45227",4,0.141,0.190571531629185,130050,39.1614130305641,-84.396940061811,"Madisonville",201948
"27XX RIVER RD",39.091604,-84.560741,"31-40","SEDAMSVILLE","SEDAMSVILLE","04/11/2018 09:20:00 PM +0000","01 - NOT AN INTERSECTION","2 - INJURY",2,"04/11/2018 09:22:00 PM +0000","WED","M - MALE","3 - NON-INCAPACITATING","385C788D-980D-470C-92F3-354517BFD516","4 - DARK - LIGHTED ROADWAY","185005021","1 - NOT COLLISION BETWEEN TWO MOTOR VEHICLES IN TRANSPORT","01 - DRY","1 - STRAIGHT LEVEL","2 - BLACKTOP, BITUMINOUS, ASPHALT","RIVERSIDE","P - PEDESTRIAN","1 - CLEAR","45204",3,0.304,0.117223900107638,860019,39.0917489414844,-84.5618625071266,"Lower Price Hill",276431
"59XX SARANAC AV",39.199018,-84.542325,"UNDER 18","COLLEGE HILL","COLLEGE  HILL","08/12/2015 03:41:18 PM +0000","01 - NOT AN INTERSECTION","2 - INJURY",2,"08/12/2015 03:46:06 PM +0000","WED","M - MALE","3 - NON-INCAPACITATING","F3AB2DC3-6B1D-45B2-B5A0-1BA76669C664","1 - DAYLIGHT","155011225","1 - NOT COLLISION BETWEEN TWO MOTOR VEHICLES IN TRANSPORT","01 - DRY","1 - STRAIGHT LEVEL","2 - BLACKTOP, BITUMINOUS, ASPHALT","COLLEGE HILL","P - PEDESTRIAN","1 - CLEAR","45224",3,0.304,0.115390281171118,770067,39.1997510017714,-84.5415295885247,"College Hill",200100
"9XX GRAND AV",39.109851,-84.561252,"18-25","N/A","N/A","02/09/2017 08:07:00 PM +0000","01 - NOT AN INTERSECTION","2 - INJURY",2,"02/09/2017 08:11:00 PM +0000","THU","M - MALE","3 - NON-INCAPACITATING","C7C9D27D-8476-4237-8CDE-A62513C01137","4 - DARK - LIGHTED ROADWAY","175001986","1 - NOT COLLISION BETWEEN TWO MOTOR VEHICLES IN TRANSPORT","01 - DRY","1 - STRAIGHT LEVEL","2 - BLACKTOP, BITUMINOUS, ASPHALT","N/A","P - PEDESTRIAN","1 - CLEAR","45205",3,0.304,0.119568181540045,860027,39.1097489577524,-84.5618625071345,"East Price Hill",273561
"55XX GLENWAY",39.130991,-84.610095,"41-50","N/A","N/A","04/22/2014 06:25:00 PM +0000","03 - T-INTERSECTION","2 - INJURY",2,"04/22/2014 06:30:00 PM +0000","TUE","M - MALE","2 - POSSIBLE","7AF8D10F-DC3B-4695-A4B2-77E9E523342C","1 - DAYLIGHT","145003053","1 - NOT COLLISION BETWEEN TWO MOTOR VEHICLES IN TRANSPORT","01 - DRY","2 - STRAIGHT GRADE","2 - BLACKTOP, BITUMINOUS, ASPHALT","N/A","P - PEDESTRIAN","1 - CLEAR","45238",2,1.103,0.148660775628165,1070036,39.1299806600342,-84.6093059719269,"Westwood",204284
"XX E HOLLISTER ST",39.124784,-84.509244,"18-25","MOUNT AUBURN","MOUNT  AUBURN","07/19/2017 09:15:00 PM +0000","03 - T-INTERSECTION","3 - PROPERTY DAMAGE ONLY (PDO)",3,"07/19/2017 09:40:00 PM +0000","WED","F - FEMALE","1 - NO INJURY / NONE REPORTED","ED873CE0-B92C-44B3-BDE2-861D1C77300A","4 - DARK - LIGHTED ROADWAY","175010737","1 - NOT COLLISION BETWEEN TWO MOTOR VEHICLES IN TRANSPORT","01 - DRY","2 - STRAIGHT GRADE","2 - BLACKTOP, BITUMINOUS, ASPHALT","MT. AUBURN","P - PEDESTRIAN","1 - CLEAR","45219",1,10.082,0.150441421478313,630034,39.1254969659826,-84.5099006046464,"Mt. Auburn",274621
"47XX EASTERN AV",39.110065,-84.421699,"31-40","EAST END","EAST  END","09/18/2014 08:39:00 PM +0000","01 - NOT AN INTERSECTION","2 - INJURY",2,"09/18/2014 08:39:00 PM +0000","THU","F - FEMALE","3 - NON-INCAPACITATING","BB0AF09B-9450-48FC-B874-E246818958CE","4 - DARK - LIGHTED ROADWAY","145008839","1 - NOT COLLISION BETWEEN TWO MOTOR VEHICLES IN TRANSPORT","01 - DRY","1 - STRAIGHT LEVEL","2 - BLACKTOP, BITUMINOUS, ASPHALT","LINWOOD","P - PEDESTRIAN","1 - CLEAR","45226",3,0.304,0.168974101694686,240027,39.109690834982,-84.4217913554741,"Linwood",201803
"35XX READING RD",39.146901,-84.492538,"26-30","AVONDALE","AVONDALE","05/21/2017 10:30:00 PM +0000","02 - FOUR-WAY INTERSECTION","2 - INJURY",2,"05/22/2017 08:33:00 AM +0000","SUN","F - FEMALE","2 - POSSIBLE","D21AC0EF-47BA-4FD4-ACD6-C88464B6501C","4 - DARK - LIGHTED ROADWAY","175007662","1 - NOT COLLISION BETWEEN TWO MOTOR VEHICLES IN TRANSPORT","01 - DRY","1 - STRAIGHT LEVEL","2 - BLACKTOP, BITUMINOUS, ASPHALT","AVONDALE","P - PEDESTRIAN","1 - CLEAR","45229",2,1.103,0.171352246241489,550044,39.1479908797539,-84.4918269023133,"Avondale",199345
"42XX APPLETON",39.154776,-84.428928,"31-40","OAKLEY","OAKLEY","01/23/2014 03:00:00 PM +0000","01 - NOT AN INTERSECTION","2 - INJURY",2,"01/24/2014 06:30:00 PM +0000","THU","F - FEMALE","2 - POSSIBLE","77A3F8F5-FC80-437A-A2C8-DBE302A206F1","1 - DAYLIGHT","145000732","9 - UNKNOWN","01 - DRY","1 - STRAIGHT LEVEL","2 - BLACKTOP, BITUMINOUS, ASPHALT","OAKLEY","P - PEDESTRIAN","1 - CLEAR","45209",2,1.103,0.14972068558869,270047,39.1546975298984,-84.4285689840395,"Oakley",202657
"12XX W GALBRAITH RD",39.215296,-84.530761,"31-40","COLLEGE HILL","COLLEGE  HILL","09/28/2017 10:46:51 AM +0000","02 - FOUR-WAY INTERSECTION","2 - INJURY",2,"09/28/2017 10:53:03 AM +0000","THU","F - FEMALE","3 - NON-INCAPACITATING","A6B9C77E-DC0E-48F1-9E6D-967D737E6417","1 - DAYLIGHT","175014650","1 - NOT COLLISION BETWEEN TWO MOTOR VEHICLES IN TRANSPORT","01 - DRY","1 - STRAIGHT LEVEL","1 - CONCRETE","COLLEGE HILL","P - PEDESTRIAN","1 - CLEAR","45231",3,0.304,0.141585402020321,730074,39.2155007541559,-84.5324927356171,"College Hill",200100
"29XX GILBERT AV",39.133942,-84.486618,"OVER 70","WALNUT HILLS","WALNUT HILLS","03/11/2015 07:20:00 PM +0000","01 - NOT AN INTERSECTION","3 - PROPERTY DAMAGE ONLY (PDO)",3,"03/11/2015 07:25:00 PM +0000","WED","F - FEMALE","1 - NO INJURY / NONE REPORTED","44A81173-102B-46D4-A1C6-2E2E2DC2D773","1 - DAYLIGHT","155003453","1 - NOT COLLISION BETWEEN TWO MOTOR VEHICLES IN TRANSPORT","01 - DRY","4 - CURVE GRADE","1 - CONCRETE","WALNUT HILLS","P - PEDESTRIAN","1 - CLEAR","45206",1,10.082,0.153418283868973,530038,39.1344889059406,-84.48730847733,"Walnut Hills",204112
"82XX VINE ST",39.209651,-84.473903,"51-60","HARTWELL","HARTWELL","08/06/2017 12:09:00 PM +0000","01 - NOT AN INTERSECTION","2 - INJURY",2,"08/06/2017 12:09:00 PM +0000","SUN","F - FEMALE","3 - NON-INCAPACITATING","954853E1-7597-41BA-9843-6916701638A1","1 - DAYLIGHT","175011761","1 - NOT COLLISION BETWEEN TWO MOTOR VEHICLES IN TRANSPORT","02 - WET","1 - STRAIGHT LEVEL","2 - BLACKTOP, BITUMINOUS, ASPHALT","HARTWELL","P - PEDESTRIAN","2 - CLOUDY","45216",3,0.304,0.0894603757825397,470071,39.2087320290315,-84.4737532036663,"Hartwell",201193
"33XX MCHENRY AV",39.146891,-84.571885,"41-50","N/A","N/A","01/29/2018 06:43:00 PM +0000","02 - FOUR-WAY INTERSECTION","2 - INJURY",2,"01/29/2018 06:43:00 PM +0000","MON","M - MALE","4 - INCAPACITATING","017675F3-2E79-434B-A239-20504D578A7D","4 - DARK - LIGHTED ROADWAY","185001477","1 - NOT COLLISION BETWEEN TWO MOTOR VEHICLES IN TRANSPORT","02 - WET","1 - STRAIGHT LEVEL","2 - BLACKTOP, BITUMINOUS, ASPHALT","N/A","P - PEDESTRIAN","6 - SNOW","45211",4,0.141,0.120853730013638,900044,39.1479969858634,-84.5708993592904,"East Westwood",273574
"44XX 8TH",39.108476,-84.597598,"31-40","WEST PRICE HILL","WEST PRICE HILL","05/12/2013 05:40:00 PM +0000","03 - T-INTERSECTION","2 - INJURY",2,"05/12/2013 05:40:00 PM +0000","SUN","F - FEMALE","3 - NON-INCAPACITATING","AA2DED48-85F5-4BAB-8009-9137626C7FBC","1 - DAYLIGHT","135005841","1 - NOT COLLISION BETWEEN TWO MOTOR VEHICLES IN TRANSPORT","01 - DRY","1 - STRAIGHT LEVEL","1 - CONCRETE","WEST PRICE HILL","P - PEDESTRIAN","1 - CLEAR","45238",3,0.304,0.115744194108042,1020026,39.1074867470764,-84.5980099112823,"West Price HIll",275981
"11XX SUNSET AV",39.114965,-84.586001,"UNDER 18","WEST PRICE HILL","WEST PRICE HILL","05/04/2016 02:26:01 PM +0000","03 - T-INTERSECTION","2 - INJURY",2,"05/04/2016 02:26:31 PM +0000","WED","F - FEMALE","3 - NON-INCAPACITATING","7AAD1BD7-713A-4090-879E-5316134914A6","1 - DAYLIGHT","165006867","1 - NOT COLLISION BETWEEN TWO MOTOR VEHICLES IN TRANSPORT","01 - DRY","1 - STRAIGHT LEVEL","2 - BLACKTOP, BITUMINOUS, ASPHALT","WEST PRICE HILL","P - PEDESTRIAN","2 - CLOUDY","45205",3,0.304,0.154427145902994,970029,39.1142417670774,-84.5867138489183,"West Price HIll",275981
"15XX SUMMIT RD",39.202393,-84.463316,"26-30","N/A","N/A","02/21/2016 03:00:00 AM +0000","01 - NOT AN INTERSECTION","2 - INJURY",2,"02/21/2016 03:03:00 AM +0000","SUN","F - FEMALE","3 - NON-INCAPACITATING","FA713DD6-439A-4C21-96E8-5A51273890EF","4 - DARK - LIGHTED ROADWAY","165002648","1 - NOT COLLISION BETWEEN TWO MOTOR VEHICLES IN TRANSPORT","02 - WET","1 - STRAIGHT LEVEL","2 - BLACKTOP, BITUMINOUS, ASPHALT","N/A","P - PEDESTRIAN","4 - RAIN","45237",3,0.304,0.177651080618351,420068,39.2019750427326,-84.4624571447493,"Roselawn",203265
"3XX PURCELL",39.096231,-84.565748,"UNDER 18","N/A","N/A","09/25/2015 08:45:00 PM +0000","01 - NOT AN INTERSECTION","2 - INJURY",2,"09/26/2015 03:33:22 PM +0000","FRI","M - MALE","3 - NON-INCAPACITATING","7B0B7C3E-2CDC-444A-90DC-825FA01D3AFC","6 - DARK – UNKNOWN ROADWAY LIGHTING","155013832","1 - NOT COLLISION BETWEEN TWO MOTOR VEHICLES IN TRANSPORT","01 - DRY","4 - CURVE GRADE","2 - BLACKTOP, BITUMINOUS, ASPHALT","N/A","P - PEDESTRIAN","2 - CLOUDY","45205",3,0.304,0.10058374486371,880021,39.0962480299824,-84.5663809332513,"East Price Hill",273561
"7XX DUTCH COLONY DR",39.190963,-84.515946,"UNDER 18","WINTON HILLS","WINTON HILLS","07/03/2017 04:26:00 PM +0000","01 - NOT AN INTERSECTION","2 - INJURY",2,"07/03/2017 04:26:00 PM +0000","MON","F - FEMALE","3 - NON-INCAPACITATING","C6E1DDD2-60C9-4840-844E-F9FDD0BA7338","1 - DAYLIGHT","175009889","1 - NOT COLLISION BETWEEN TWO MOTOR VEHICLES IN TRANSPORT","01 - DRY","1 - STRAIGHT LEVEL","2 - BLACKTOP, BITUMINOUS, ASPHALT","WINTON HILLS","P - PEDESTRIAN","1 - CLEAR","45232",3,0.304,0.10323132553335,660063,39.1907485940707,-84.516678243577,"Winton Hills",276110
"32XX MONTANA AV",39.14875,-84.611256,"UNDER 18","N/A","N/A","05/22/2014 08:03:00 PM +0000","01 - NOT AN INTERSECTION","2 - INJURY",2,"05/22/2014 08:03:00 PM +0000","THU","M - MALE","3 - NON-INCAPACITATING","6250F5B5-52FC-4B07-B0F5-514676AAE5DF","1 - DAYLIGHT","145003918","1 - NOT COLLISION BETWEEN TWO MOTOR VEHICLES IN TRANSPORT","01 - DRY","1 - STRAIGHT LEVEL","1 - CONCRETE","N/A","P - PEDESTRIAN","1 - CLEAR","45211",3,0.304,0.0913999062278739,1080044,39.1479793217419,-84.6115651838448,"Westwood",204284
"4XX VINE ST",39.100938,-84.513104,"41-50","N/A","N/A","09/01/2013 11:04:00 PM +0000","02 - FOUR-WAY INTERSECTION","2 - INJURY",2,"09/01/2013 11:04:00 PM +0000","SUN","M - MALE","3 - NON-INCAPACITATING","1410EE7B-4FB6-441E-A1A2-E2CB63DCA850","4 - DARK - LIGHTED ROADWAY","135009838","1 - NOT COLLISION BETWEEN TWO MOTOR VEHICLES IN TRANSPORT","01 - DRY","1 - STRAIGHT LEVEL","2 - BLACKTOP, BITUMINOUS, ASPHALT","N/A","P - PEDESTRIAN","1 - CLEAR","45202",3,0.304,0.129375284706794,640023,39.1007475108233,-84.5121598176799,"Central Business District",273189