"address_x","lat","long","age","community_council_neighborhood","cpd_neighborhood","crashdate","crashlocation","crashseverity","crashseverityid","datecrashreported","dayofweek","gender","injuries","instanceid","lightconditionsprimary","localreportno","mannerofcrash","roadconditionsprimary","roadcontour","roadsurface","sna_neighborhood","typeofperson","weather","zip","injury_type_num","cost","dist","cell_id","lat_cell","long_cell","hood","hood_id"
"65XX MADISON RD",39.159758,-84.384305,"51-60","N/A","N/A","09/06/2017 07:32:00 PM +0000","01 - NOT AN INTERSECTION","2 - INJURY",2,"09/06/2017 07:35:00 PM +0000","WED","M - MALE","3 - NON-INCAPACITATING","D76235CB-E652-498A-A115-1EC871292BB3","1 - DAYLIGHT","175013446","1 - NOT COLLISION BETWEEN TWO MOTOR VEHICLES IN TRANSPORT","01 - DRY","1 - STRAIGHT LEVEL","1 - CONCRETE","N/A","P - PEDESTRIAN","1 - CLEAR","45227",3,0.304,0.108563835061629,70049,39.1591456261369,-84.3833848196691,"Madisonville",201948
"45XX ESTE AV",39.173844,-84.51177,"18-25","SPRING GROVE VILLAGE","SPRING GROVE VILLAGE","06/15/2015 04:39:00 AM +0000","01 - NOT AN INTERSECTION","2 - INJURY",2,"06/15/2015 04:39:00 AM +0000","MON","M - MALE","3 - NON-INCAPACITATING","51D3962E-02EB-4C39-9F01-02AD715D447B","4 - DARK - LIGHTED ROADWAY","155008156","1 - NOT COLLISION BETWEEN TWO MOTOR VEHICLES IN TRANSPORT","01 - DRY","3 - CURVE LEVEL","2 - BLACKTOP, BITUMINOUS, ASPHALT","SPRING GROVE VILLAGE","P - PEDESTRIAN","1 - CLEAR","45232",3,0.304,0.110458130170024,640055,39.172747574753,-84.5121598175323,"Winton Place",204406
"35XX MCHENRY AV",39.149383,-84.563772,"UNDER 18","N/A","N/A","07/09/2015 08:57:00 PM +0000","03 - T-INTERSECTION","2 - INJURY",2,"07/09/2015 08:57:00 PM +0000","THU","F - FEMALE","4 - INCAPACITATING","CCF8EC03-C820-4B53-937D-5FA9ADA8BBFE","3 - DUSK","155009407","1 - NOT COLLISION BETWEEN TWO MOTOR VEHICLES IN TRANSPORT","01 - DRY","1 - STRAIGHT LEVEL","1 - CONCRETE","N/A","P - PEDESTRIAN","2 - CLOUDY","45225",4,0.141,0.109400823015376,870045,39.150248558018,-84.5641217202341,"East Westwood",273574
"37XX DRAKE AV",39.144683,-84.435738,"26-30","N/A","N/A","12/23/2014 01:45:00 AM +0000","03 - T-INTERSECTION","2 - INJURY",2,"12/23/2014 01:51:00 AM +0000","TUE","M - MALE","3 - NON-INCAPACITATING","B61C0716-F881-4A29-9712-E3DA3A5C5C36","4 - DARK - LIGHTED ROADWAY","145013513","1 - NOT COLLISION BETWEEN TWO MOTOR VEHICLES IN TRANSPORT","02 - WET","1 - STRAIGHT LEVEL","2 - BLACKTOP, BITUMINOUS, ASPHALT","N/A","P - PEDESTRIAN","2 - CLOUDY","45209",3,0.304,0.157987451221561,300043,39.1457038056476,-84.4353466140605,"Oakley",202657
"31XX READING RD",39.135175,-84.496781,"UNDER 18","AVONDALE","AVONDALE","08/15/2016 12:36:00 AM +0000","01 - NOT AN INTERSECTION","2 - INJURY",2,"08/15/2016 12:40:00 AM +0000","MON","F - FEMALE","3 - NON-INCAPACITATING","35E5D4D9-887E-4519-AF68-B1AFB815EC0D","4 - DARK - LIGHTED ROADWAY","165012963","1 - NOT COLLISION BETWEEN TWO MOTOR VEHICLES IN TRANSPORT","01 - DRY","2 - STRAIGHT GRADE","2 - BLACKTOP, BITUMINOUS, ASPHALT","AVONDALE","P - PEDESTRIAN","1 - CLEAR","45229",3,0.304,0.155582463186011,570038,39.1344926564727,-84.4963453276164,"Avondale",199345
"44XX RIVER RD",39.077944,-84.624001,"26-30","RIVERSIDE","RIVERSIDE","12/11/2015 03:50:00 PM +0000","02 - FOUR-WAY INTERSECTION","2 - INJURY",2,"12/11/2015 03:51:00 PM +0000","FRI","M - MALE","2 - POSSIBLE","B1E24AB0-EC6D-45D2-94F1-487A63F4B4DC","1 - DAYLIGHT","155018204","1 - NOT COLLISION BETWEEN TWO MOTOR VEHICLES IN TRANSPORT","01 - DRY","1 - STRAIGHT LEVEL","2 - BLACKTOP, BITUMINOUS, ASPHALT","RIVERSIDE","P - PEDESTRIAN","1 - CLEAR","45204",2,1.103,0.178182825648557,1140013,39.0782202450687,-84.6251204529685,"Riverside",203181
"37XX PAXTON AV",39.143508,-84.42919,"51-60","N/A","N/A","02/20/2015 03:38:00 PM +0000","01 - NOT AN INTERSECTION","2 - INJURY",2,"02/20/2015 03:38:00 PM +0000","FRI","F - FEMALE","2 - POSSIBLE","8FF67F37-2381-4841-9410-66C60E623E0C","1 - DAYLIGHT","155002355","1 - NOT COLLISION BETWEEN TWO MOTOR VEHICLES IN TRANSPORT","01 - DRY","2 - STRAIGHT GRADE","2 - BLACKTOP, BITUMINOUS, ASPHALT","N/A","P - PEDESTRIAN","1 - CLEAR","45209",2,1.103,0.113727141598342,270042,39.1434475239993,-84.4285689840838,"Hyde Park",201414
"1XX GLENRIDGE PL",39.155329,-84.502473,"31-40","N/A","N/A","04/29/2018 05:40:00 PM +0000","01 - NOT AN INTERSECTION","2 - INJURY",2,"04/29/2018 05:42:00 PM +0000","SUN","F - FEMALE","4 - INCAPACITATING","BAE34F8A-9E2A-42F6-A737-7A00BEA91766","1 - DAYLIGHT","185005924","1 - NOT COLLISION BETWEEN TWO MOTOR VEHICLES IN TRANSPORT","01 - DRY","2 - STRAIGHT GRADE","2 - BLACKTOP, BITUMINOUS, ASPHALT","N/A","P - PEDESTRIAN","1 - CLEAR","45217",4,0.141,0.109125714191333,600047,39.1547450290438,-84.5031229658641,"Avondale",199345
"36XX MONTGOMERY RD",39.145661,-84.469569,"51-60","N/A","N/A","05/02/2014 11:55:00 AM +0000","02 - FOUR-WAY INTERSECTION","2 - INJURY",2,"12/04/2015 04:08:00 PM +0000","FRI","F - FEMALE","2 - POSSIBLE","D39E2DFE-F5DA-4534-BA2A-06994F8D72A4","1 - DAYLIGHT","155017791","1 - NOT COLLISION BETWEEN TWO MOTOR VEHICLES IN TRANSPORT","01 - DRY","1 - STRAIGHT LEVEL","2 - BLACKTOP, BITUMINOUS, ASPHALT","N/A","P - PEDESTRIAN","1 - CLEAR","45207",2,1.103,0.113390210814365,450043,39.1457293200554,-84.4692347800517,"Evanston",200632
"24XX READING RD",39.124953,-84.501771,"41-50","WALNUT HILLS","WALNUT HILLS","08/25/2016 03:39:00 PM +0000","02 - FOUR-WAY INTERSECTION","2 - INJURY",2,"08/25/2016 04:02:01 PM +0000","THU","F - FEMALE","3 - NON-INCAPACITATING","27464ADD-5EB7-4CC3-AB47-7CC83823A1FE","1 - DAYLIGHT","165013657","1 - NOT COLLISION BETWEEN TWO MOTOR VEHICLES IN TRANSPORT","01 - DRY","2 - STRAIGHT GRADE","2 - BLACKTOP, BITUMINOUS, ASPHALT","WALNUT HILLS","P - PEDESTRIAN","1 - CLEAR","45206",3,0.304,0.1072023652301,590034,39.125494262287,-84.5008637531212,"Walnut Hills",204112
"24XX SUNNYHILL DR",39.154654,-84.561431,"UNDER 18","N/A","N/A","09/28/2013 05:12:00 PM +0000","01 - NOT AN INTERSECTION","2 - INJURY",2,"09/28/2013 05:13:00 PM +0000","SAT","M - MALE","2 - POSSIBLE","014BE623-A9B5-4756-9E44-F736A251590E","1 - DAYLIGHT","135010590","1 - NOT COLLISION BETWEEN TWO MOTOR VEHICLES IN TRANSPORT","01 - DRY","2 - STRAIGHT GRADE","2 - BLACKTOP, BITUMINOUS, ASPHALT","N/A","P - PEDESTRIAN","1 - CLEAR","45225",2,1.103,0.144374157391978,860047,39.1547489982083,-84.5618625071542,"South Cumminsville",275423
"21XX HARRISON",39.132617,-84.569439,"41-50","N/A","N/A","05/30/2014 10:50:00 PM +0000","01 - NOT AN INTERSECTION","2 - INJURY",2,"05/31/2014 01:23:08 AM +0000","FRI","M - MALE","4 - INCAPACITATING","C93FCD3F-3466-44BC-A7BE-A120EA4A8196","4 - DARK - LIGHTED ROADWAY","145004127","1 - NOT COLLISION BETWEEN TWO MOTOR VEHICLES IN TRANSPORT","01 - DRY","1 - STRAIGHT LEVEL","2 - BLACKTOP, BITUMINOUS, ASPHALT","N/A","P - PEDESTRIAN","1 - CLEAR","45211",4,0.141,0.161102562958328,890037,39.1322475388834,-84.5686401462933,"South Fairmount",203599
"15XX VINE ST",39.111388,-84.515501,"41-50","N/A","N/A","05/29/2016 12:20:00 PM +0000","02 - FOUR-WAY INTERSECTION","2 - INJURY",2,"05/29/2016 12:20:00 PM +0000","SUN","F - FEMALE","3 - NON-INCAPACITATING","44559C29-504B-4FDF-8BDA-7AB56F136FC0","1 - DAYLIGHT","165008392","1 - NOT COLLISION BETWEEN TWO MOTOR VEHICLES IN TRANSPORT","01 - DRY","1 - STRAIGHT LEVEL","2 - BLACKTOP, BITUMINOUS, ASPHALT","N/A","P - PEDESTRIAN","1 - CLEAR","45202",3,0.304,0.215255452044015,650028,39.1119980441079,-84.5144190306731,"Over-The-Rhine",202750
"35XX READING RD",39.146853,-84.489043,"UNDER 18","N/A","N/A","02/10/2016 08:14:00 AM +0000","02 - FOUR-WAY INTERSECTION","2 - INJURY",2,"02/10/2016 08:14:00 AM +0000","WED","F - FEMALE","3 - NON-INCAPACITATING","08E25466-1CD3-4EF4-97F1-D4EAEE798426","1 - DAYLIGHT","165002011","1 - NOT COLLISION BETWEEN TWO MOTOR VEHICLES IN TRANSPORT","02 - WET","1 - STRAIGHT LEVEL","2 - BLACKTOP, BITUMINOUS, ASPHALT","N/A","P - PEDESTRIAN","6 - SNOW","45229",3,0.304,0.119648113355497,540043,39.1457399183515,-84.489567689776,"Avondale",199345
"8XX ROSEMONT AV",39.107106,-84.583897,"UNDER 18","WEST PRICE HILL","WEST PRICE HILL","06/20/2016 06:30:00 PM +0000","01 - NOT AN INTERSECTION","2 - INJURY",2,"06/20/2016 06:32:00 PM +0000","MON","M - MALE","4 - INCAPACITATING","B89A7CAA-EA50-4121-872B-C54F297CDD21","1 - DAYLIGHT","165009646","1 - NOT COLLISION BETWEEN TWO MOTOR VEHICLES IN TRANSPORT","01 - DRY","1 - STRAIGHT LEVEL","2 - BLACKTOP, BITUMINOUS, ASPHALT","WEST PRICE HILL","P - PEDESTRIAN","1 - CLEAR","45205",4,0.141,0.123577526446239,960026,39.1074926333868,-84.5844546362499,"West Price HIll",275981
"X W NIXON ST",39.13838,-84.510134,"18-25","CORRYVILLE","CORRYVILLE","06/10/2014 11:15:00 AM +0000","01 - NOT AN INTERSECTION","2 - INJURY",2,"06/10/2014 11:20:00 AM +0000","TUE","M - MALE","3 - NON-INCAPACITATING","7E5FA725-5FA8-468F-B496-D05841777F3C","1 - DAYLIGHT","145004547","1 - NOT COLLISION BETWEEN TWO MOTOR VEHICLES IN TRANSPORT","02 - WET","1 - STRAIGHT LEVEL","2 - BLACKTOP, BITUMINOUS, ASPHALT","CORRYVILLE","P - PEDESTRIAN","4 - RAIN","45220",3,0.304,0.11006771021501,630040,39.138996977923,-84.5099006046173,"Clifton",200052
"17XX SEYMOUR AV",39.190224,-84.465716,"18-25","ROSELAWN","ROSELAWN","11/24/2015 11:30:20 AM +0000","03 - T-INTERSECTION","2 - INJURY",2,"11/24/2015 11:38:00 AM +0000","TUE","M - MALE","2 - POSSIBLE","242D5C74-26C8-4D08-82F7-1067AAD94387","1 - DAYLIGHT","155017153","1 - NOT COLLISION BETWEEN TWO MOTOR VEHICLES IN TRANSPORT","01 - DRY","1 - STRAIGHT LEVEL","2 - BLACKTOP, BITUMINOUS, ASPHALT","ROSELAWN","P - PEDESTRIAN","1 - CLEAR","45237",2,1.103,0.118253626643094,430063,39.1907265180331,-84.4647163563974,"Bond Hill",199607
"31XX EDEN AV",39.136368,-84.50604,"31-40","CORRYVILLE","CORRYVILLE","08/22/2014 09:58:38 AM +0000","03 - T-INTERSECTION","2 - INJURY",2,"08/22/2014 12:24:28 PM +0000","FRI","F - FEMALE","2 - POSSIBLE","71C0F83F-9AF8-44C4-B178-1B93590DE528","1 - DAYLIGHT","145007651","1 - NOT COLLISION BETWEEN TWO MOTOR VEHICLES IN TRANSPORT","01 - DRY","1 - STRAIGHT LEVEL","2 - BLACKTOP, BITUMINOUS, ASPHALT","CORRYVILLE","P - PEDESTRIAN","2 - CLOUDY","45219",2,1.103,0.0928654907953208,610039,39.1367457111998,-84.5053821787705,"Corryville",200172
"60XX HAMILTON AV",39.199486,-84.547283,"UNDER 18","COLLEGE HILL","COLLEGE  HILL","05/04/2015 02:43:33 PM +0000","02 - FOUR-WAY INTERSECTION","2 - INJURY",2,"05/04/2015 02:47:00 PM +0000","MON","F - FEMALE","3 - NON-INCAPACITATING","254BB597-83D6-4A67-A5BE-3A25751ED7BD","1 - DAYLIGHT","155006132","1 - NOT COLLISION BETWEEN TWO MOTOR VEHICLES IN TRANSPORT","01 - DRY","1 - STRAIGHT LEVEL","2 - BLACKTOP, BITUMINOUS, ASPHALT","COLLEGE HILL","P - PEDESTRIAN","1 - CLEAR","45224",3,0.304,0.211728783854148,800067,39.1997507399827,-84.5483072281881,"College Hill",200100
"4XX ELBERON AV",39.09939,-84.566215,"UNDER 18","N/A","N/A","06/22/2014 09:50:00 PM +0000","01 - NOT AN INTERSECTION","2 - INJURY",2,"06/22/2014 09:50:00 PM +0000","SUN","M - MALE","3 - NON-INCAPACITATING","2CF633BB-7D69-4727-85C0-08966EB9E951","4 - DARK - LIGHTED ROADWAY","145005101","1 - NOT COLLISION BETWEEN TWO MOTOR VEHICLES IN TRANSPORT","01 - DRY","2 - STRAIGHT GRADE","1 - CONCRETE","N/A","P - PEDESTRIAN","1 - CLEAR","45205",3,0.304,0.120480548717646,880022,39.098498032002,-84.5663809332528,"East Price Hill",273561
"3XX CALHOUN",39.128304,-84.518507,"18-25","CORRYVILLE - HEIGHTS","CLIFTON/UNIVERSITY HEIGHTS","04/24/2014 06:00:00 PM +0000","99 - UNKNOWN","2 - INJURY",2,"04/25/2014 03:05:00 PM +0000","THU","F - FEMALE","3 - NON-INCAPACITATING","95990502-6D2A-4021-B08B-841F4554B270","1 - DAYLIGHT","145003145","1 - NOT COLLISION BETWEEN TWO MOTOR VEHICLES IN TRANSPORT","01 - DRY","1 - STRAIGHT LEVEL","2 - BLACKTOP, BITUMINOUS, ASPHALT","CUF","P - PEDESTRIAN","1 - CLEAR","45221",3,0.304,0.201246014799999,670035,39.1277489739748,-84.518937456772,"CUF",273417
"67XX SALEM RD",39.073896,-84.376152,"31-40","N/A","N/A","12/22/2015 02:20:00 AM +0000","02 - FOUR-WAY INTERSECTION","2 - INJURY",2,"12/22/2015 02:47:00 AM +0000","TUE","F - FEMALE","3 - NON-INCAPACITATING","F35DED63-7DB2-479D-8F77-5B1A05A1E3BE","4 - DARK - LIGHTED ROADWAY","155018684","1 - NOT COLLISION BETWEEN TWO MOTOR VEHICLES IN TRANSPORT","02 - WET","1 - STRAIGHT LEVEL","2 - BLACKTOP, BITUMINOUS, ASPHALT","N/A","P - PEDESTRIAN","4 - RAIN","45230",3,0.304,0.102337356591385,30012,39.0758831462979,-84.3743479955261,"Mt. Washington",274624
"27XX OBSERVATORY AV",39.136687,-84.444978,"61-70","N/A","N/A","03/16/2015 05:00:00 PM +0000","02 - FOUR-WAY INTERSECTION","2 - INJURY",2,"03/16/2015 05:00:00 PM +0000","MON","M - MALE","4 - INCAPACITATING","17AF1C26-94C7-453A-83B5-928ED1F84EF8","1 - DAYLIGHT","155003698","1 - NOT COLLISION BETWEEN TWO MOTOR VEHICLES IN TRANSPORT","01 - DRY","1 - STRAIGHT LEVEL","2 - BLACKTOP, BITUMINOUS, ASPHALT","N/A","P - PEDESTRIAN","1 - CLEAR","45208",4,0.141,0.117919807683637,340039,39.1367115633639,-84.4443834558869,"Hyde Park",201414
"8XX SETON AV",39.105785,-84.57734,"51-60","EAST PRICE HILL","EAST PRICE HILL","08/01/2014 11:45:00 AM +0000","03 - T-INTERSECTION","2 - INJURY",2,"08/01/2014 11:46:00 AM +0000","FRI","F - FEMALE","3 - NON-INCAPACITATING","B779ED53-3BF8-49EA-B600-2C43CB1364A9","1 - DAYLIGHT","145006769","1 - NOT COLLISION BETWEEN TWO MOTOR VEHICLES IN TRANSPORT","01 - DRY","1 - STRAIGHT LEVEL","2 - BLACKTOP, BITUMINOUS, ASPHALT","EAST PRICE HILL","P - PEDESTRIAN","1 - CLEAR","45205",3,0.304,0.192667945350222,930025,39.1052449859447,-84.5776769979574,"East Price Hill",273561
"21XX FERGUSON RD",39.124838,-84.602176,"UNDER 18","WEST PRICE HILL","WEST PRICE HILL","10/16/2014 07:38:00 AM +0000","01 - NOT AN INTERSECTION","2 - INJURY",2,"10/16/2014 07:45:00 AM +0000","THU","M - MALE","3 - NON-INCAPACITATING","66427528-675B-42B7-8C27-486D83290806","4 - DARK - LIGHTED ROADWAY","145010259","1 - NOT COLLISION BETWEEN TWO MOTOR VEHICLES IN TRANSPORT","02 - WET","2 - STRAIGHT GRADE","2 - BLACKTOP, BITUMINOUS, ASPHALT","WEST PRICE HILL","P - PEDESTRIAN","2 - CLOUDY","45238",3,0.304,0.169618547444283,1040034,39.1254844504795,-84.6025283357909,"West Price HIll",275981
"9XX VINE ST",39.105355,-84.514124,"61-70","N/A","N/A","12/25/2015 01:23:00 PM +0000","02 - FOUR-WAY INTERSECTION","2 - INJURY",2,"12/25/2015 01:27:00 PM +0000","FRI","M - MALE","3 - NON-INCAPACITATING","83B4868F-5FB5-485F-A49D-F1A3A5E5ABE9","1 - DAYLIGHT","155018844","1 - NOT COLLISION BETWEEN TWO MOTOR VEHICLES IN TRANSPORT","02 - WET","1 - STRAIGHT LEVEL","2 - BLACKTOP, BITUMINOUS, ASPHALT","N/A","P - PEDESTRIAN","2 - CLOUDY","45202",3,0.304,0.153365071667684,650025,39.1052480380605,-84.5144190306861,"Central Business District",273189
"11XX WAREHAM DR",39.109481,-84.499461,"26-30","N/A","N/A","03/29/2014 02:40:09 AM +0000","03 - T-INTERSECTION","2 - INJURY",2,"03/29/2014 02:40:09 AM +0000","SAT","M - MALE","2 - POSSIBLE","0EB319EA-E729-4F79-A654-076B2145D51D","5 - DARK – ROADWAY NOT LIGHTIED","145002430","1 - NOT COLLISION BETWEEN TWO MOTOR VEHICLES IN TRANSPORT","01 - DRY","2 - STRAIGHT GRADE","1 - CONCRETE","N/A","P - PEDESTRIAN","1 - CLEAR","45202",2,1.103,0.114111946332931,580027,39.109743463778,-84.4986045403971,"Mt. Adams",274619
"13XX W NORTH BEND RD",39.203097,-84.539853,"UNDER 18","COLLEGE HILL","COLLEGE  HILL","09/01/2015 07:20:00 AM +0000","01 - NOT AN INTERSECTION","2 - INJURY",2,"09/02/2015 01:03:25 PM +0000","TUE","M - MALE","2 - POSSIBLE","06740DA5-2F93-4335-8EB9-9FBEC145261A","1 - DAYLIGHT","155012404","1 - NOT COLLISION BETWEEN TWO MOTOR VEHICLES IN TRANSPORT","01 - DRY","1 - STRAIGHT LEVEL","2 - BLACKTOP, BITUMINOUS, ASPHALT","COLLEGE HILL","P - PEDESTRIAN","1 - CLEAR","45224",2,1.103,0.101178865399347,760068,39.2020010038027,-84.5392703752954,"College Hill",200100
"45XX READING",39.16643,-84.47036,"26-30","N/A","N/A","08/13/2013 02:52:00 PM +0000","01 - NOT AN INTERSECTION","2 - INJURY",2,"08/13/2013 02:52:00 PM +0000","TUE","F - FEMALE","2 - POSSIBLE","7F85071E-1734-4850-A066-7F0772F76BA0","1 - DAYLIGHT","135009329","1 - NOT COLLISION BETWEEN TWO MOTOR VEHICLES IN TRANSPORT","01 - DRY","1 - STRAIGHT LEVEL","2 - BLACKTOP, BITUMINOUS, ASPHALT","N/A","P - PEDESTRIAN","1 - CLEAR","45229",2,1.103,0.164076355669454,450052,39.1659793353116,-84.4692347799776,"Paddock Hills",274942
"11XX MAIN ST",39.108022,-84.511555,"18-25","OTR","OVER-THE-RHINE","09/09/2018 12:39:16 AM +0000","03 - T-INTERSECTION","2 - INJURY",2,"09/09/2018 12:39:16 AM +0000","SUN","F - FEMALE","3 - NON-INCAPACITATING","C4DC2235-1161-45C8-A1A6-5B196568D4AD","4 - DARK - LIGHTED ROADWAY","185012667","1 - NOT COLLISION BETWEEN TWO MOTOR VEHICLES IN TRANSPORT","02 - WET","1 - STRAIGHT LEVEL","2 - BLACKTOP, BITUMINOUS, ASPHALT","OVER-THE-RHINE","P - PEDESTRIAN","4 - RAIN","45202",3,0.304,0.12834321608616,640026,39.1074975168496,-84.512159817666,"Over-The-Rhine",202750
"17XX BLEECKER LN",39.143735,-84.559801,"UNDER 18","N/A","N/A","11/29/2016 06:47:00 PM +0000","03 - T-INTERSECTION","2 - INJURY",2,"11/29/2016 06:52:00 PM +0000","TUE","F - FEMALE","3 - NON-INCAPACITATING","0CD0D956-301D-4783-926A-92E1E180BA10","4 - DARK - LIGHTED ROADWAY","165019899","1 - NOT COLLISION BETWEEN TWO MOTOR VEHICLES IN TRANSPORT","01 - DRY","1 - STRAIGHT LEVEL","2 - BLACKTOP, BITUMINOUS, ASPHALT","N/A","P - PEDESTRIAN","1 - CLEAR","45225",3,0.304,0.119634470519922,850042,39.1434993806465,-84.5596032940415,"North Fairmount",274707
"16XX CHASE AV",39.162581,-84.540825,"31-40","N/A","N/A","09/24/2015 12:00:00 PM +0000","02 - FOUR-WAY INTERSECTION","2 - INJURY",2,"09/24/2015 12:11:00 PM +0000","THU","F - FEMALE","4 - INCAPACITATING","B75AD9CD-A5B7-4B1B-AAB9-01FB1FD7F1B0","1 - DAYLIGHT","155013737","1 - NOT COLLISION BETWEEN TWO MOTOR VEHICLES IN TRANSPORT","01 - DRY","1 - STRAIGHT LEVEL","2 - BLACKTOP, BITUMINOUS, ASPHALT","N/A","P - PEDESTRIAN","1 - CLEAR","45223",4,0.141,0.103328800688694,770050,39.1615009671236,-84.5415295885471,"Northside",274791
"26XX FERGUSON RD",39.135557,-84.600438,"41-50","WESTWOOD","WESTWOOD","03/18/2018 10:55:00 AM +0000","02 - FOUR-WAY INTERSECTION","2 - INJURY",2,"03/18/2018 11:30:00 AM +0000","SUN","M - MALE","2 - POSSIBLE","A202423D-EDB1-46F3-B55B-23574FBD66D4","1 - DAYLIGHT","185003813","1 - NOT COLLISION BETWEEN TWO MOTOR VEHICLES IN TRANSPORT","01 - DRY","2 - STRAIGHT GRADE","1 - CONCRETE","WESTWOOD","P - PEDESTRIAN","1 - CLEAR","45238",2,1.103,0.157427206026643,1030038,39.1344856351185,-84.6002691236098,"Westwood",204284
"25XX AUBURN AV",39.126224,-84.508735,"18-25","MOUNT AUBURN","MOUNT  AUBURN","10/24/2017 04:00:00 PM +0000","02 - FOUR-WAY INTERSECTION","2 - INJURY",2,"10/24/2017 04:05:00 PM +0000","TUE","F - FEMALE","2 - POSSIBLE","B13C4738-B013-4382-9F64-227B5C31FA81","1 - DAYLIGHT","175016221","1 - NOT COLLISION BETWEEN TWO MOTOR VEHICLES IN TRANSPORT","01 - DRY","1 - STRAIGHT LEVEL","2 - BLACKTOP, BITUMINOUS, ASPHALT","MT. AUBURN","P - PEDESTRIAN","2 - CLOUDY","45219",2,1.103,0.100618512703866,620034,39.1254963554707,-84.5076413917015,"Mt. Auburn",274621
"5XX RACE ST",39.101361,-84.513786,"UNDER 18","N/A","N/A","04/16/2016 10:20:00 PM +0000","01 - NOT AN INTERSECTION","2 - INJURY",2,"04/16/2016 10:21:00 PM +0000","SAT","M - MALE","3 - NON-INCAPACITATING","F88A33D9-9250-4AEC-8D5F-6C97365DCB5E","4 - DARK - LIGHTED ROADWAY","165005788","1 - NOT COLLISION BETWEEN TWO MOTOR VEHICLES IN TRANSPORT","01 - DRY","1 - STRAIGHT LEVEL","2 - BLACKTOP, BITUMINOUS, ASPHALT","N/A","P - PEDESTRIAN","1 - CLEAR","45202",3,0.304,0.161026622116359,650023,39.100748034025,-84.5144190306949,"Central Business District",273189
"69XX GLENMEADOW",39.186678,-84.468338,"31-40","BOND HILL","BONDHILL","01/24/2014 10:30:00 AM +0000","01 - NOT AN INTERSECTION","2 - INJURY",2,"01/27/2014 10:06:40 PM +0000","FRI","F - FEMALE","2 - POSSIBLE","4BA7B585-A8F2-4B19-A09D-ACB3346AC9DF","1 - DAYLIGHT","145000807","1 - NOT COLLISION BETWEEN TWO MOTOR VEHICLES IN TRANSPORT","02 - WET","1 - STRAIGHT LEVEL","1 - CONCRETE","ROSELAWN","P - PEDESTRIAN","2 - CLOUDY","45237",2,1.103,0.0973192147248118,450061,39.1862293505157,-84.4692347799035,"Bond Hill",199607
"58XX COLERAIN AV",39.200398,-84.578903,"18-25","N/A","N/A","12/24/2014 04:40:00 PM +0000","02 - FOUR-WAY INTERSECTION","2 - INJURY",2,"12/24/2014 04:40:00 PM +0000","WED","F - FEMALE","2 - POSSIBLE","C43CDE25-868D-4C0D-93F3-809A38AB46F5","1 - DAYLIGHT","145013653","1 - NOT COLLISION BETWEEN TWO MOTOR VEHICLES IN TRANSPORT","02 - WET","1 - STRAIGHT LEVEL","2 - BLACKTOP, BITUMINOUS, ASPHALT","N/A","P - PEDESTRIAN","4 - RAIN","45239",2,1.103,0.123569263413037,940067,39.1997443261694,-84.5799362108905,"Mt. Airy",274620
"36XX MONTGOMERY RD",39.14466,-84.469493,"41-50","N/A","N/A","06/04/2014 08:50:00 AM +0000","01 - NOT AN INTERSECTION","2 - INJURY",2,"06/04/2014 09:00:00 AM +0000","WED","M - MALE","3 - NON-INCAPACITATING","0E66D323-8908-48CE-A544-F1D8D5CF9244","1 - DAYLIGHT","145004297","1 - NOT COLLISION BETWEEN TWO MOTOR VEHICLES IN TRANSPORT","02 - WET","1 - STRAIGHT LEVEL","2 - BLACKTOP, BITUMINOUS, ASPHALT","N/A","P - PEDESTRIAN","4 - RAIN","45207",3,0.304,0.113390210814365,450043,39.1457293200554,-84.4692347800517,"Evanston",200632
"49XX GLENWAY AV",39.118241,-84.599885,"UNDER 18","WEST PRICE HILL","WEST PRICE HILL","01/27/2016 02:33:00 PM +0000","01 - NOT AN INTERSECTION","2 - INJURY",2,"01/27/2016 02:34:00 PM +0000","WED","M - MALE","2 - POSSIBLE","5C6F1958-8524-4838-9F28-FD0F5DABEAA3","1 - DAYLIGHT","165001356","1 - NOT COLLISION BETWEEN TWO MOTOR VEHICLES IN TRANSPORT","01 - DRY","1 - STRAIGHT LEVEL","2 - BLACKTOP, BITUMINOUS, ASPHALT","WEST PRICE HILL","P - PEDESTRIAN","1 - CLEAR","45238",2,1.103,0.10139138976865,1030031,39.1187356224711,-84.6002691235776,"West Price HIll",275981
"51XX WINNESTE AV",39.186554,-84.513916,"UNDER 18","N/A","N/A","06/06/2016 03:29:00 PM +0000","01 - NOT AN INTERSECTION","2 - INJURY",2,"06/06/2016 03:29:49 PM +0000","MON","M - MALE","3 - NON-INCAPACITATING","E39A4C07-E54A-430A-89EF-5E969D4AB373","1 - DAYLIGHT","165008847","1 - NOT COLLISION BETWEEN TWO MOTOR VEHICLES IN TRANSPORT","01 - DRY","4 - CURVE GRADE","2 - BLACKTOP, BITUMINOUS, ASPHALT","N/A","P - PEDESTRIAN","1 - CLEAR","45232",3,0.304,0.15652575025431,650061,39.1862481101791,-84.5144190305288,"Winton Hills",276110