"address_x","lat","long","age","community_council_neighborhood","cpd_neighborhood","crashdate","crashlocation","crashseverity","crashseverityid","datecrashreported","dayofweek","gender","injuries","instanceid","lightconditionsprimary","localreportno","mannerofcrash","roadconditionsprimary","roadcontour","roadsurface","sna_neighborhood","typeofperson","weather","zip","injury_type_num","cost","dist","cell_id","lat_cell","long_cell","hood","hood_id"
"24XX HARRISON AV",39.139105,-84.580236,"UNDER 18","WESTWOOD","WESTWOOD","02/20/2018 04:40:00 PM +0000","01 - NOT AN INTERSECTION","2 - INJURY",2,"02/20/2018 04:40:00 PM +0000","TUE","M - MALE","4 - INCAPACITATING","30769BAE-0B3F-4191-8A2A-91D2A46E3230","1 - DAYLIGHT","185002535","1 - NOT COLLISION BETWEEN TWO MOTOR VEHICLES IN TRANSPORT","01 - DRY","2 - STRAIGHT GRADE","2 - BLACKTOP, BITUMINOUS, ASPHALT","WESTWOOD","P - PEDESTRIAN","1 - CLEAR","45211",4,0.141,0.102128585628099,940040,39.1389942739565,-84.5799362108133,"Westwood",204284
"16XX WALNUT ST",39.113748,-84.515181,"41-50","N/A","N/A","01/06/2016 08:30:00 AM +0000","01 - NOT AN INTERSECTION","2 - INJURY",2,"01/06/2016 08:36:00 AM +0000","WED","F - FEMALE","2 - POSSIBLE","12BC6576-92D3-403B-8D13-64138E251C7E","1 - DAYLIGHT","165000243","1 - NOT COLLISION BETWEEN TWO MOTOR VEHICLES IN TRANSPORT","01 - DRY","1 - STRAIGHT LEVEL","2 - BLACKTOP, BITUMINOUS, ASPHALT","N/A","P - PEDESTRIAN","2 - CLOUDY","45202",2,1.103,0.0864149811913835,650029,39.1142480461222,-84.5144190306687,"Over-The-Rhine",202750
"10XX VINE ST",39.107275,-84.514494,"51-60","DOWNTOWN","C. B. D. / RIVERFRONT","03/10/2015 04:35:00 PM +0000","02 - FOUR-WAY INTERSECTION","2 - INJURY",2,"03/10/2015 04:35:00 PM +0000","TUE","M - MALE","2 - POSSIBLE","E59E8208-1A22-498B-92F3-F2E42AF4EB4C","1 - DAYLIGHT","155003400","1 - NOT COLLISION BETWEEN TWO MOTOR VEHICLES IN TRANSPORT","02 - WET","2 - STRAIGHT GRADE","2 - BLACKTOP, BITUMINOUS, ASPHALT","DOWNTOWN","P - PEDESTRIAN","4 - RAIN","45202",2,1.103,0.213835869601452,650026,39.107498040077,-84.5144190306818,"Over-The-Rhine",202750
"10XX CLIFTON HILLS",39.147221,-84.53454,"41-50","N/A","N/A","06/21/2013 09:43:00 AM +0000","01 - NOT AN INTERSECTION","2 - INJURY",2,"06/21/2013 10:00:00 AM +0000","FRI","M - MALE","3 - NON-INCAPACITATING","20B42A64-F555-4D5D-AF96-81B605F8199B","1 - DAYLIGHT","135007524","4 - REAR-TO-REAR","01 - DRY","4 - CURVE GRADE","1 - CONCRETE","N/A","P - PEDESTRIAN","1 - CLEAR","45220",3,0.304,0.106894329637338,740044,39.1480008239965,-84.5347519488969,"Clifton",200052
"33XX GLENMORE",39.148765,-84.612181,"18-25","WESTWOOD","WESTWOOD","10/14/2015 09:00:00 PM +0000","01 - NOT AN INTERSECTION","2 - INJURY",2,"10/14/2015 09:17:00 PM +0000","WED","F - FEMALE","3 - NON-INCAPACITATING","20FF76A5-3715-407C-8AE7-81BC6CDBE98B","4 - DARK - LIGHTED ROADWAY","155014949","1 - NOT COLLISION BETWEEN TWO MOTOR VEHICLES IN TRANSPORT","01 - DRY","1 - STRAIGHT LEVEL","2 - BLACKTOP, BITUMINOUS, ASPHALT","WESTWOOD","P - PEDESTRIAN","1 - CLEAR","45211",3,0.304,0.0913999062278739,1080044,39.1479793217419,-84.6115651838448,"Westwood",204284
"LUDLOW AV",39.146766,-84.530415,"26-30","N/A","N/A","01/24/2014 09:12:00 AM +0000","01 - NOT AN INTERSECTION","2 - INJURY",2,"01/24/2014 09:12:00 AM +0000","FRI","M - MALE","2 - POSSIBLE","E5732AE8-38CA-4BF2-BEA1-3B585D7AA553","1 - DAYLIGHT","145000695","2 - REAR-END","03 - SNOW","2 - STRAIGHT GRADE","2 - BLACKTOP, BITUMINOUS, ASPHALT","N/A","P - PEDESTRIAN","1 - CLEAR","45220",2,1.103,0.108217642637653,720043,39.1457505166483,-84.5302335224912,"Clifton",200052
"23XX KENTON ST",39.123811,-84.493252,"UNDER 18","N/A","N/A","03/24/2017 12:00:00 PM +0000","02 - FOUR-WAY INTERSECTION","2 - INJURY",2,"03/24/2017 12:03:00 PM +0000","FRI","M - MALE","3 - NON-INCAPACITATING","D46503D2-4A25-4247-B327-A751F1AB44BA","1 - DAYLIGHT","175004271","1 - NOT COLLISION BETWEEN TWO MOTOR VEHICLES IN TRANSPORT","01 - DRY","2 - STRAIGHT GRADE","2 - BLACKTOP, BITUMINOUS, ASPHALT","N/A","P - PEDESTRIAN","1 - CLEAR","45206",3,0.304,0.0999848662722835,560033,39.1232417747236,-84.4940861149879,"Walnut Hills",204112
"63XX MONTGOMERY RD",39.184256,-84.421968,"UNDER 18","N/A","N/A","08/08/2016 04:48:00 PM +0000","01 - NOT AN INTERSECTION","2 - INJURY",2,"08/08/2016 04:50:00 PM +0000","MON","F - FEMALE","3 - NON-INCAPACITATING","C76DD1B4-5A3E-4C7E-92C5-2D558749D242","1 - DAYLIGHT","165012557","1 - NOT COLLISION BETWEEN TWO MOTOR VEHICLES IN TRANSPORT","01 - DRY","2 - STRAIGHT GRADE","2 - BLACKTOP, BITUMINOUS, ASPHALT","N/A","P - PEDESTRIAN","1 - CLEAR","45213",3,0.304,0.186604260882381,240060,39.1839408703473,-84.4217913551907,"Pleasant Ridge",202946
"14XX SYCAMORE ST",39.112271,-84.511231,"18-25","N/A","N/A","12/19/2016 02:10:00 PM +0000","01 - NOT AN INTERSECTION","2 - INJURY",2,"12/19/2016 02:11:00 PM +0000","MON","M - MALE","3 - NON-INCAPACITATING","23B6DEFC-28EA-42F4-B689-159D97647CAD","1 - DAYLIGHT","165021191","1 - NOT COLLISION BETWEEN TWO MOTOR VEHICLES IN TRANSPORT","01 - DRY","1 - STRAIGHT LEVEL","2 - BLACKTOP, BITUMINOUS, ASPHALT","N/A","P - PEDESTRIAN","1 - CLEAR","45202",3,0.304,0.167756329929267,640028,39.1119975208634,-84.5121598176568,"Over-The-Rhine",202750
"5XX WALNUT ST",39.10207,-84.51159,"51-60","N/A","N/A","09/22/2015 01:50:00 PM +0000","01 - NOT AN INTERSECTION","2 - INJURY",2,"09/22/2015 01:56:00 PM +0000","TUE","M - MALE","4 - INCAPACITATING","E5F79E03-7E0A-4CE3-A3CC-DFB0B89B48A1","1 - DAYLIGHT","155013616","1 - NOT COLLISION BETWEEN TWO MOTOR VEHICLES IN TRANSPORT","01 - DRY","1 - STRAIGHT LEVEL","2 - BLACKTOP, BITUMINOUS, ASPHALT","N/A","P - PEDESTRIAN","1 - CLEAR","45202",4,0.141,0.120445558999439,640024,39.1029975128329,-84.5121598176752,"Central Business District",273189
"4XX PLUM ST",39.098256,-84.517361,"26-30","N/A","N/A","03/04/2013 02:35:00 AM +0000","02 - FOUR-WAY INTERSECTION","2 - INJURY",2,"03/04/2013 02:35:00 AM +0000","MON","F - FEMALE","2 - POSSIBLE","33132EAF-8662-4823-8E8B-B8230C1C8B20","4 - DARK - LIGHTED ROADWAY","135002726","1 - NOT COLLISION BETWEEN TWO MOTOR VEHICLES IN TRANSPORT","01 - DRY","1 - STRAIGHT LEVEL","2 - BLACKTOP, BITUMINOUS, ASPHALT","N/A","P - PEDESTRIAN","1 - CLEAR","45202",2,1.103,0.150198219235666,660022,39.0984985115998,-84.5166782437462,"Central Business District",273189
"25XX MT AIRY AV",39.194945,-84.577293,"31-40","N/A","N/A","09/04/2015 08:08:05 AM +0000","03 - T-INTERSECTION","2 - INJURY",2,"09/04/2015 08:57:35 AM +0000","FRI","F - FEMALE","3 - NON-INCAPACITATING","D3F5D7A8-B3F2-4185-BD5F-E443FC8B1A6E","1 - DAYLIGHT","155012520","1 - NOT COLLISION BETWEEN TWO MOTOR VEHICLES IN TRANSPORT","01 - DRY","1 - STRAIGHT LEVEL","1 - CONCRETE","N/A","P - PEDESTRIAN","1 - CLEAR","45239",3,0.304,0.113010412103931,930065,39.1952450640296,-84.5776769980631,"Mt. Airy",274620
"S I75 AT 1-5 MM",39.110379,-84.531866,"18-25","N/A","N/A","06/30/2017 04:19:00 PM +0000","01 - NOT AN INTERSECTION","2 - INJURY",2,"06/30/2017 04:19:00 PM +0000","FRI","M - MALE","4 - INCAPACITATING","5E069083-D32B-4B42-872D-6373430A8905","1 - DAYLIGHT","175009764","2 - REAR-END","01 - DRY","2 - STRAIGHT GRADE","2 - BLACKTOP, BITUMINOUS, ASPHALT","N/A","P - PEDESTRIAN","1 - CLEAR","45202",4,0.141,0.0890059970119242,730027,39.1097506582723,-84.5324927357279,"West End",276647
"10XX WESTHAVEN AV",39.111561,-84.583893,"31-40","WEST PRICE HILL","WEST PRICE HILL","03/23/2017 10:26:00 AM +0000","01 - NOT AN INTERSECTION","2 - INJURY",2,"03/23/2017 11:57:33 AM +0000","THU","F - FEMALE","2 - POSSIBLE","FFCC702D-26F6-47C6-A0BC-DA5C349D6E41","1 - DAYLIGHT","175004201","1 - NOT COLLISION BETWEEN TWO MOTOR VEHICLES IN TRANSPORT","01 - DRY","1 - STRAIGHT LEVEL","1 - CONCRETE","WEST PRICE HILL","P - PEDESTRIAN","1 - CLEAR","45205",2,1.103,0.118163941401582,960028,39.1119926372405,-84.5844546362565,"West Price HIll",275981
"1XX W 72ND ST",39.196449,-84.48007,"18-25","N/A","N/A","12/21/2014 09:12:00 PM +0000","01 - NOT AN INTERSECTION","2 - INJURY",2,"12/21/2014 09:19:00 PM +0000","SUN","F - FEMALE","2 - POSSIBLE","BC891B64-28A0-4CC3-BAA2-332D792ED559","4 - DARK - LIGHTED ROADWAY","145013470","9 - UNKNOWN","01 - DRY","1 - STRAIGHT LEVEL","2 - BLACKTOP, BITUMINOUS, ASPHALT","N/A","P - PEDESTRIAN","1 - CLEAR","45216",2,1.103,0.119725635009444,500066,39.197485685383,-84.4805308400858,"Carthage",199885
"24XX NOTTINGHAM",39.156848,-84.561224,"26-30","VILLAGES AT ROLL HILL","FAY APARTMENTS","06/13/2013 12:10:00 AM +0000","01 - NOT AN INTERSECTION","2 - INJURY",2,"06/13/2013 12:13:00 AM +0000","THU","M - MALE","3 - NON-INCAPACITATING","7B42F2C4-A11F-4203-88F1-43DD6060112B","4 - DARK - LIGHTED ROADWAY","135007193","1 - NOT COLLISION BETWEEN TWO MOTOR VEHICLES IN TRANSPORT","01 - DRY","2 - STRAIGHT GRADE","2 - BLACKTOP, BITUMINOUS, ASPHALT","VILLAGES AT ROLL HILL","P - PEDESTRIAN","1 - CLEAR","45225",3,0.304,0.128949026948402,860048,39.156999000223,-84.5618625071552,"South Cumminsville",275423
"35XX W 8TH ST",39.104945,-84.569163,"61-70","EAST PRICE HILL","EAST PRICE HILL","01/27/2015 10:00:00 AM +0000","02 - FOUR-WAY INTERSECTION","2 - INJURY",2,"01/27/2015 10:05:00 AM +0000","TUE","M - MALE","3 - NON-INCAPACITATING","E4D15E80-A7E6-4C68-B971-ACD07E6882E5","1 - DAYLIGHT","155001129","6 - ANGLE","01 - DRY","2 - STRAIGHT GRADE","2 - BLACKTOP, BITUMINOUS, ASPHALT","EAST PRICE HILL","P - PEDESTRIAN","1 - CLEAR","45205",3,0.304,0.0996256006843678,890025,39.1052475148372,-84.5686401462727,"East Price Hill",273561
"39XX ERIE AV",39.148616,-84.407598,"OVER 70","HYDE PARK","OAKLEY","07/06/2014 05:03:00 PM +0000","01 - NOT AN INTERSECTION","2 - INJURY",2,"07/06/2014 05:04:00 PM +0000","SUN","F - FEMALE","3 - NON-INCAPACITATING","D09207B3-F2EE-4FF3-8253-0C732CCBD917","1 - DAYLIGHT","145005707","1 - NOT COLLISION BETWEEN TWO MOTOR VEHICLES IN TRANSPORT","01 - DRY","1 - STRAIGHT LEVEL","2 - BLACKTOP, BITUMINOUS, ASPHALT","OAKLEY","P - PEDESTRIAN","2 - CLOUDY","45208",3,0.304,0.152019650618386,180044,39.1479263294432,-84.4082361018968,"Hyde Park",201414
"1XX E 2ND ST",39.097318,-84.510944,"41-50","N/A","N/A","08/09/2018 06:15:00 PM +0000","02 - FOUR-WAY INTERSECTION","2 - INJURY",2,"08/09/2018 06:15:00 PM +0000","THU","M - MALE","2 - POSSIBLE","D0F23EDC-092F-433D-BD10-84F7164A3182","1 - DAYLIGHT","185011071","1 - NOT COLLISION BETWEEN TWO MOTOR VEHICLES IN TRANSPORT","01 - DRY","1 - STRAIGHT LEVEL","1 - CONCRETE","N/A","P - PEDESTRIAN","1 - CLEAR","45202",2,1.103,0.150154909578713,630021,39.0962469400188,-84.5099006047094,"Central Business District",273189
"42XX VIRGINIA AV",39.164905,-84.550415,"31-40","N/A","N/A","06/29/2014 10:21:00 AM +0000","03 - T-INTERSECTION","2 - INJURY",2,"06/29/2014 10:23:00 AM +0000","SUN","M - MALE","2 - POSSIBLE","D0EF7667-AA8E-428A-9004-1CA19BC57BE4","1 - DAYLIGHT","145005392","6 - ANGLE","01 - DRY","1 - STRAIGHT LEVEL","2 - BLACKTOP, BITUMINOUS, ASPHALT","N/A","P - PEDESTRIAN","2 - CLOUDY","45223",2,1.103,0.0628876308326086,810052,39.1660005350029,-84.5505664413975,"Northside",274791
"4XX W COURT ST",39.105477,-84.521485,"UNDER 18","WEST END","WEST  END","03/12/2015 08:45:00 AM +0000","02 - FOUR-WAY INTERSECTION","2 - INJURY",2,"03/12/2015 08:55:00 AM +0000","THU","F - FEMALE","2 - POSSIBLE","41460370-AAEC-4219-B1B6-E43C148F3CA9","1 - DAYLIGHT","155003467","1 - NOT COLLISION BETWEEN TWO MOTOR VEHICLES IN TRANSPORT","01 - DRY","1 - STRAIGHT LEVEL","2 - BLACKTOP, BITUMINOUS, ASPHALT","WEST END","P - PEDESTRIAN","1 - CLEAR","45203",2,1.103,0.149483011646625,680025,39.1052493461075,-84.5211966699144,"West End",276647
"11XX ROSSMORE AV",39.178691,-84.478061,"26-30","N/A","N/A","09/03/2018 10:11:00 AM +0000","03 - T-INTERSECTION","2 - INJURY",2,"09/03/2018 10:11:00 AM +0000","MON","F - FEMALE","2 - POSSIBLE","6B2A04AC-143E-4ACD-A2E2-233C2364B378","1 - DAYLIGHT","185012338","1 - NOT COLLISION BETWEEN TWO MOTOR VEHICLES IN TRANSPORT","01 - DRY","1 - STRAIGHT LEVEL","2 - BLACKTOP, BITUMINOUS, ASPHALT","N/A","P - PEDESTRIAN","1 - CLEAR","45237",2,1.103,0.157493782007268,490058,39.1794844932039,-84.4782716279425,"Bond Hill",199607
"34XX WARSAW AV",39.110033,-84.569004,"61-70","EAST PRICE HILL","EAST PRICE HILL","02/26/2015 12:32:00 PM +0000","01 - NOT AN INTERSECTION","2 - INJURY",2,"02/26/2015 12:32:00 PM +0000","THU","F - FEMALE","3 - NON-INCAPACITATING","0D1662E3-08F1-4DAE-BF62-C85E155BFBB1","1 - DAYLIGHT","155002657","1 - NOT COLLISION BETWEEN TWO MOTOR VEHICLES IN TRANSPORT","01 - DRY","1 - STRAIGHT LEVEL","2 - BLACKTOP, BITUMINOUS, ASPHALT","EAST PRICE HILL","P - PEDESTRIAN","2 - CLOUDY","45205",3,0.304,0.196289340953965,890027,39.1097475188524,-84.5686401462761,"East Price Hill",273561
"28XX W MCMICKEN AV",39.134881,-84.530635,"UNDER 18","CUF","CLIFTON/UNIVERSITY HEIGHTS","05/08/2016 12:30:39 PM +0000","01 - NOT AN INTERSECTION","2 - INJURY",2,"05/08/2016 12:33:09 PM +0000","SUN","M - MALE","3 - NON-INCAPACITATING","95457624-EBC1-4466-B40A-20D89EEC432A","1 - DAYLIGHT","165007105","1 - NOT COLLISION BETWEEN TWO MOTOR VEHICLES IN TRANSPORT","01 - DRY","1 - STRAIGHT LEVEL","2 - BLACKTOP, BITUMINOUS, ASPHALT","CUF","P - PEDESTRIAN","2 - CLOUDY","45225",3,0.304,0.192360651728832,720038,39.1345005064234,-84.5302335225042,"CUF",273417
"38XX VINE",39.15627,-84.506008,"41-50","N/A","N/A","01/16/2014 03:05:00 PM +0000","01 - NOT AN INTERSECTION","1 - FATAL INJURY",1,"01/16/2014 03:06:00 PM +0000","THU","F - FEMALE","5 - FATAL","B63FF103-9530-4303-9D48-89C2570DC9F3","1 - DAYLIGHT","145000444","1 - NOT COLLISION BETWEEN TWO MOTOR VEHICLES IN TRANSPORT","02 - WET","1 - STRAIGHT LEVEL","2 - BLACKTOP, BITUMINOUS, ASPHALT","N/A","P - PEDESTRIAN","6 - SNOW","45217",5,0.046,0.0932530652405595,610048,39.1569957288811,-84.5053821787227,"Clifton",200052
"17XX LINN ST",39.116191,-84.5273,"31-40","WEST END","WEST  END","12/11/2014 11:30:00 AM +0000","02 - FOUR-WAY INTERSECTION","2 - INJURY",2,"12/11/2014 11:45:00 AM +0000","THU","F - FEMALE","3 - NON-INCAPACITATING","55FB0FAB-8F5F-4E81-87D8-FCD77D85D25A","1 - DAYLIGHT","145012972","1 - NOT COLLISION BETWEEN TWO MOTOR VEHICLES IN TRANSPORT","01 - DRY","1 - STRAIGHT LEVEL","2 - BLACKTOP, BITUMINOUS, ASPHALT","WEST END","P - PEDESTRIAN","1 - CLEAR","45214",3,0.304,0.0944231532555501,710030,39.1165002719976,-84.5279743093421,"West End",276647
"28XX WERK RD",39.142251,-84.592331,"UNDER 18","N/A","N/A","11/17/2015 08:13:00 PM +0000","02 - FOUR-WAY INTERSECTION","2 - INJURY",2,"11/17/2015 08:13:00 PM +0000","TUE","M - MALE","4 - INCAPACITATING","231175DC-A0E1-4714-B7B2-D1DA64789912","4 - DARK - LIGHTED ROADWAY","155016771","1 - NOT COLLISION BETWEEN TWO MOTOR VEHICLES IN TRANSPORT","01 - DRY","1 - STRAIGHT LEVEL","1 - CONCRETE","N/A","P - PEDESTRIAN","1 - CLEAR","45211",4,0.141,0.141885579110222,990041,39.141239914601,-84.5912322741075,"Westwood",204284
"22XX NORTH BEND RD",39.198723,-84.564381,"26-30","MOUNT AIRY","MOUNT AIRY","02/25/2016 06:35:00 PM +0000","01 - NOT AN INTERSECTION","2 - INJURY",2,"02/25/2016 06:38:00 PM +0000","THU","M - MALE","4 - INCAPACITATING","DE81A40B-C402-4CDC-A23A-0EEB27175106","4 - DARK - LIGHTED ROADWAY","165002928","1 - NOT COLLISION BETWEEN TWO MOTOR VEHICLES IN TRANSPORT","01 - DRY","1 - STRAIGHT LEVEL","2 - BLACKTOP, BITUMINOUS, ASPHALT","MT. AIRY","P - PEDESTRIAN","1 - CLEAR","45239",4,0.141,0.101236996827158,870067,39.1997486020444,-84.5641217202612,"College Hill",200100
"5XX ELBERON AV",39.101945,-84.566795,"26-30","EAST PRICE HILL","EAST PRICE HILL","08/19/2014 09:25:00 AM +0000","01 - NOT AN INTERSECTION","2 - INJURY",2,"08/19/2014 09:27:00 AM +0000","TUE","M - MALE","4 - INCAPACITATING","43CEE529-861D-45F3-82C8-70C74B8626BF","1 - DAYLIGHT","145007494","1 - NOT COLLISION BETWEEN TWO MOTOR VEHICLES IN TRANSPORT","01 - DRY","1 - STRAIGHT LEVEL","1 - CONCRETE","EAST PRICE HILL","P - PEDESTRIAN","1 - CLEAR","45205",4,0.141,0.10178641133179,880024,39.102998036039,-84.5663809332557,"East Price Hill",273561
"20XX SEYMOUR AV",39.183108,-84.455851,"18-25","ROSELAWN","BONDHILL","03/30/2016 01:00:45 PM +0000","01 - NOT AN INTERSECTION","2 - INJURY",2,"03/30/2016 01:20:48 PM +0000","WED","F - FEMALE","2 - POSSIBLE","952BB2A7-FCA0-4A68-BBEA-5F463E6343F1","1 - DAYLIGHT","165004660","1 - NOT COLLISION BETWEEN TWO MOTOR VEHICLES IN TRANSPORT","01 - DRY","1 - STRAIGHT LEVEL","1 - CONCRETE","ROSELAWN","P - PEDESTRIAN","1 - CLEAR","45237",2,1.103,0.15082743646744,390060,39.1839703181622,-84.4556795105948,"Bond Hill",199607
"11XX ROSEMONT AV",39.113831,-84.582926,"51-60","N/A","N/A","08/27/2018 08:52:00 AM +0000","01 - NOT AN INTERSECTION","2 - INJURY",2,"08/27/2018 08:52:00 AM +0000","MON","M - MALE","3 - NON-INCAPACITATING","89E3188A-06E2-4CD6-A852-ECAD4D28D20B","1 - DAYLIGHT","185011940","1 - NOT COLLISION BETWEEN TWO MOTOR VEHICLES IN TRANSPORT","01 - DRY","2 - STRAIGHT GRADE","2 - BLACKTOP, BITUMINOUS, ASPHALT","N/A","P - PEDESTRIAN","1 - CLEAR","45205",3,0.304,0.123928951582745,950029,39.1142434676508,-84.5821954235466,"West Price HIll",275981
"19XX VINE ST",39.118886,-84.518024,"41-50","N/A","N/A","02/14/2015 07:18:50 PM +0000","02 - FOUR-WAY INTERSECTION","2 - INJURY",2,"02/14/2015 07:18:55 PM +0000","SAT","F - FEMALE","2 - POSSIBLE","F7B31D3E-96EF-4F90-B8B2-429DC829C69F","3 - DUSK","155002046","1 - NOT COLLISION BETWEEN TWO MOTOR VEHICLES IN TRANSPORT","01 - DRY","4 - CURVE GRADE","2 - BLACKTOP, BITUMINOUS, ASPHALT","N/A","P - PEDESTRIAN","1 - CLEAR","45202",2,1.103,0.0959134813148922,670031,39.1187489658714,-84.5189374567876,"Over-The-Rhine",202750
"16XX JOHN ST",39.113762,-84.523898,"41-50","N/A","N/A","05/10/2016 09:00:00 AM +0000","02 - FOUR-WAY INTERSECTION","2 - INJURY",2,"05/10/2016 12:00:00 PM +0000","TUE","F - FEMALE","2 - POSSIBLE","1BB87D2A-7AB4-49B0-9ECC-48B410C0EBD9","4 - DARK - LIGHTED ROADWAY","165007323","1 - NOT COLLISION BETWEEN TWO MOTOR VEHICLES IN TRANSPORT","01 - DRY","1 - STRAIGHT LEVEL","2 - BLACKTOP, BITUMINOUS, ASPHALT","N/A","P - PEDESTRIAN","1 - CLEAR","45214",2,1.103,0.0957761806429857,690029,39.1142497030903,-84.5234558830282,"West End",276647
"54XX BAHAMA TE",39.1899,-84.569426,"UNDER 18","MOUNT AIRY","MOUNT AIRY","08/11/2015 02:30:00 PM +0000","03 - T-INTERSECTION","2 - INJURY",2,"08/11/2015 07:30:00 PM +0000","TUE","F - FEMALE","3 - NON-INCAPACITATING","48A3B7FD-BEDC-41B3-BE51-FA3DCEB7AA13","1 - DAYLIGHT","155011180","1 - NOT COLLISION BETWEEN TWO MOTOR VEHICLES IN TRANSPORT","01 - DRY","2 - STRAIGHT GRADE","1 - CONCRETE","MT. AIRY","P - PEDESTRIAN","1 - CLEAR","45223",3,0.304,0.110941618986764,890063,39.19074759061,-84.5686401463379,"Mt. Airy",274620
"32XX MCHENRY",39.146069,-84.573929,"UNDER 18","N/A","N/A","01/15/2015 06:50:00 AM +0000","01 - NOT AN INTERSECTION","2 - INJURY",2,"01/15/2015 06:56:00 AM +0000","THU","F - FEMALE","2 - POSSIBLE","0FB57C7A-1ED0-4F0C-A1CD-56D156D3CABD","2 - DAWN","155000616","1 - NOT COLLISION BETWEEN TWO MOTOR VEHICLES IN TRANSPORT","01 - DRY","1 - STRAIGHT LEVEL","2 - BLACKTOP, BITUMINOUS, ASPHALT","N/A","P - PEDESTRIAN","1 - CLEAR","45211",2,1.103,0.132861590917848,910043,39.1457463732763,-84.5731585722355,"East Westwood",273574
"15XX HARRISON AV",39.125801,-84.548442,"31-40","N/A","N/A","03/07/2016 07:52:00 PM +0000","01 - NOT AN INTERSECTION","2 - INJURY",2,"03/07/2016 07:57:00 PM +0000","MON","M - MALE","3 - NON-INCAPACITATING","0BEC3C3B-8568-42E9-B361-7E3FA325064B","4 - DARK - LIGHTED ROADWAY","165003493","1 - NOT COLLISION BETWEEN TWO MOTOR VEHICLES IN TRANSPORT","01 - DRY","1 - STRAIGHT LEVEL","2 - BLACKTOP, BITUMINOUS, ASPHALT","N/A","P - PEDESTRIAN","1 - CLEAR","45214",3,0.304,0.187310190707058,800034,39.1255006726601,-84.5483072282059,"South Fairmount",203599
"29XX COLERAIN AV",39.136666,-84.535689,"18-25","CAMP WASHINGTON","CAMP  WASHINGTON","06/09/2015 12:06:00 PM +0000","01 - NOT AN INTERSECTION","2 - INJURY",2,"06/09/2015 01:17:00 PM +0000","TUE","M - MALE","2 - POSSIBLE","C7DF1259-1D30-48B0-AA78-FC1E00124557","1 - DAYLIGHT","155007871","1 - NOT COLLISION BETWEEN TWO MOTOR VEHICLES IN TRANSPORT","01 - DRY","1 - STRAIGHT LEVEL","2 - BLACKTOP, BITUMINOUS, ASPHALT","CAMP WASHINGTON","P - PEDESTRIAN","1 - CLEAR","45225",2,1.103,0.0985150400148828,740039,39.1367508137505,-84.5347519489074,"Camp Washington",199841
"62XX JOYCE LN",39.186001,-84.459616,"UNDER 18","BOND HILL","BONDHILL","08/11/2015 04:25:00 PM +0000","01 - NOT AN INTERSECTION","2 - INJURY",2,"08/11/2015 04:29:00 PM +0000","TUE","M - MALE","3 - NON-INCAPACITATING","6A2B73B9-5172-4EA9-9271-E8B7441A855E","1 - DAYLIGHT","155011164","1 - NOT COLLISION BETWEEN TWO MOTOR VEHICLES IN TRANSPORT","01 - DRY","4 - CURVE GRADE","2 - BLACKTOP, BITUMINOUS, ASPHALT","BOND HILL","P - PEDESTRIAN","1 - CLEAR","45237",3,0.304,0.152187348308249,410061,39.1862235044822,-84.4601979333011,"Bond Hill",199607
"30XX HARRISON AV",39.150734,-84.599406,"UNDER 18","WESTWOOD","WESTWOOD","01/18/2018 07:30:00 AM +0000","03 - T-INTERSECTION","2 - INJURY",2,"01/18/2018 09:30:00 AM +0000","THU","F - FEMALE","4 - INCAPACITATING","277EF4AB-1C1C-4D20-9A69-505A0E5981D5","6 - DARK – UNKNOWN ROADWAY LIGHTING","185000965","1 - NOT COLLISION BETWEEN TWO MOTOR VEHICLES IN TRANSPORT","01 - DRY","1 - STRAIGHT LEVEL","2 - BLACKTOP, BITUMINOUS, ASPHALT","WESTWOOD","P - PEDESTRIAN","1 - CLEAR","45211",4,0.141,0.0841544342540708,1030045,39.1502356477325,-84.6002691236421,"Westwood",204284
"12XX CLAY ST",39.108132,-84.511675,"41-50","OTR","OVER-THE-RHINE","05/24/2014 02:25:00 AM +0000","01 - NOT AN INTERSECTION","2 - INJURY",2,"05/24/2014 02:45:00 AM +0000","SAT","F - FEMALE","3 - NON-INCAPACITATING","CE614728-7BF7-48D4-80E6-C51E9A8B4393","5 - DARK – ROADWAY NOT LIGHTIED","145003949","1 - NOT COLLISION BETWEEN TWO MOTOR VEHICLES IN TRANSPORT","01 - DRY","1 - STRAIGHT LEVEL","2 - BLACKTOP, BITUMINOUS, ASPHALT","OVER-THE-RHINE","P - PEDESTRIAN","1 - CLEAR","45202",3,0.304,0.12834321608616,640026,39.1074975168496,-84.512159817666,"Over-The-Rhine",202750
"29XX GILBERT AV",39.133343,-84.487359,"41-50","N/A","N/A","09/07/2017 03:24:00 PM +0000","10 - DRIVEWAY/ALLEY ACCESS","2 - INJURY",2,"09/07/2017 03:29:00 PM +0000","THU","F - FEMALE","2 - POSSIBLE","060A0F0D-C131-44D6-B1CA-0DDC2BCFF19D","1 - DAYLIGHT","175013478","1 - NOT COLLISION BETWEEN TWO MOTOR VEHICLES IN TRANSPORT","01 - DRY","1 - STRAIGHT LEVEL","2 - BLACKTOP, BITUMINOUS, ASPHALT","N/A","P - PEDESTRIAN","2 - CLOUDY","45206",2,1.103,0.108528537343672,530037,39.1322389040826,-84.4873084773369,"Walnut Hills",204112