"address_x","lat","long","age","community_council_neighborhood","cpd_neighborhood","crashdate","crashlocation","crashseverity","crashseverityid","datecrashreported","dayofweek","gender","injuries","instanceid","lightconditionsprimary","localreportno","mannerofcrash","roadconditionsprimary","roadcontour","roadsurface","sna_neighborhood","typeofperson","weather","zip","injury_type_num","cost","dist","cell_id","lat_cell","long_cell","hood","hood_id"
"E I74 AT 17-4 MM",39.157252,-84.571891,"18-25","N/A","N/A","01/08/2016 03:03:00 PM +0000","01 - NOT AN INTERSECTION","2 - INJURY",2,"01/08/2016 03:03:00 PM +0000","FRI","M - MALE","4 - INCAPACITATING","E6AB670E-6A75-4813-9B02-73005447B0BB","1 - DAYLIGHT","165000336","1 - NOT COLLISION BETWEEN TWO MOTOR VEHICLES IN TRANSPORT","02 - WET","4 - CURVE GRADE","1 - CONCRETE","N/A","P - PEDESTRIAN","2 - CLOUDY","45225",4,0.141,0.115320280449848,900048,39.1569969937965,-84.5708993592982,"Westwood",204284
"37XX READING",39.150854,-84.487214,"UNDER 18","AVONDALE - NORTH AVONDALE","NORTH AVONDALE","03/20/2014 06:45:00 AM +0000","01 - NOT AN INTERSECTION","2 - INJURY",2,"03/20/2014 06:45:00 AM +0000","THU","F - FEMALE","3 - NON-INCAPACITATING","52D8735F-89BC-405C-82DB-3B28096DD574","4 - DARK - LIGHTED ROADWAY","145002206","1 - NOT COLLISION BETWEEN TWO MOTOR VEHICLES IN TRANSPORT","01 - DRY","1 - STRAIGHT LEVEL","2 - BLACKTOP, BITUMINOUS, ASPHALT","AVONDALE","P - PEDESTRIAN","1 - CLEAR","45229",3,0.304,0.102477630064705,530045,39.1502389189275,-84.4873084772811,"North Avondale",274686
"30XX BURNET",39.134419,-84.500488,"18-25","N/A","N/A","11/29/2013 06:21:00 AM +0000","02 - FOUR-WAY INTERSECTION","2 - INJURY",2,"11/29/2013 06:21:00 AM +0000","FRI","M - MALE","3 - NON-INCAPACITATING","A25FBFFC-44DE-4979-A73C-3CC9DA0D22EF","4 - DARK - LIGHTED ROADWAY","135012408","1 - NOT COLLISION BETWEEN TWO MOTOR VEHICLES IN TRANSPORT","01 - DRY","1 - STRAIGHT LEVEL","2 - BLACKTOP, BITUMINOUS, ASPHALT","N/A","P - PEDESTRIAN","1 - CLEAR","45219",3,0.304,0.0990311442875128,590038,39.1344942700738,-84.5008637530982,"Avondale",199345
"9XX PLUM ST",39.10491,-84.518372,"18-25","N/A","N/A","12/02/2013 09:07:00 PM +0000","03 - T-INTERSECTION","3 - PROPERTY DAMAGE ONLY (PDO)",3,"12/02/2013 09:07:00 PM +0000","MON","M - MALE","1 - NO INJURY / NONE REPORTED","EA33CE00-67BB-41B5-87FA-99C55AEBDEA3","4 - DARK - LIGHTED ROADWAY","135012487","1 - NOT COLLISION BETWEEN TWO MOTOR VEHICLES IN TRANSPORT","01 - DRY","1 - STRAIGHT LEVEL","1 - CONCRETE","N/A","P - PEDESTRIAN","1 - CLEAR","45202",1,10.082,0.107440925247685,670025,39.1052489536934,-84.5189374568108,"West End",276647
"48XX PADDOCK RD",39.173649,-84.478893,"UNDER 18","BOND HILL","BONDHILL","03/13/2015 05:00:00 PM +0000","03 - T-INTERSECTION","2 - INJURY",2,"03/18/2015 03:30:00 PM +0000","FRI","F - FEMALE","3 - NON-INCAPACITATING","23238F50-BE50-42F8-9F96-C87106636731","1 - DAYLIGHT","155003766","1 - NOT COLLISION BETWEEN TWO MOTOR VEHICLES IN TRANSPORT","01 - DRY","1 - STRAIGHT LEVEL","2 - BLACKTOP, BITUMINOUS, ASPHALT","BOND HILL","P - PEDESTRIAN","1 - CLEAR","45237",3,0.304,0.171782216454144,490055,39.1727344878858,-84.4782716279655,"Bond Hill",199607
"34XX READING RD",39.142701,-84.492495,"31-40","AVONDALE","AVONDALE","11/22/2015 05:00:00 PM +0000","03 - T-INTERSECTION","2 - INJURY",2,"11/22/2015 06:39:16 PM +0000","SUN","F - FEMALE","3 - NON-INCAPACITATING","B5752DE2-83FF-4607-B4BE-420C0922C360","1 - DAYLIGHT","155017068","1 - NOT COLLISION BETWEEN TWO MOTOR VEHICLES IN TRANSPORT","01 - DRY","1 - STRAIGHT LEVEL","1 - CONCRETE","AVONDALE","P - PEDESTRIAN","1 - CLEAR","45229",3,0.304,0.0997927092020308,550042,39.1434908759816,-84.4918269023265,"Avondale",199345
"7XX DELTA",39.126791,-84.434286,"18-25","N/A","N/A","01/20/2013 02:26:00 AM +0000","01 - NOT AN INTERSECTION","2 - INJURY",2,"01/20/2013 02:27:00 AM +0000","SUN","F - FEMALE","2 - POSSIBLE","B0DE5435-98D7-4AE4-A6A2-47C3C7B342A2","4 - DARK - LIGHTED ROADWAY","135000745","1 - NOT COLLISION BETWEEN TWO MOTOR VEHICLES IN TRANSPORT","01 - DRY","1 - STRAIGHT LEVEL","2 - BLACKTOP, BITUMINOUS, ASPHALT","N/A","P - PEDESTRIAN","1 - CLEAR","45226",2,1.103,0.183254926171538,300035,39.1277037953703,-84.4353466141326,"Hyde Park",201414
"9XX VINE ST",39.105835,-84.513324,"61-70","N/A","N/A","02/19/2017 11:38:00 AM +0000","01 - NOT AN INTERSECTION","2 - INJURY",2,"02/19/2017 11:38:00 AM +0000","SUN","M - MALE","1 - NO INJURY / NONE REPORTED","CE029BEB-1AB1-412F-A94E-B5D28DD95882","1 - DAYLIGHT","175002441","6 - ANGLE","01 - DRY","2 - STRAIGHT GRADE","2 - BLACKTOP, BITUMINOUS, ASPHALT","N/A","P - PEDESTRIAN","2 - CLOUDY","45202",1,10.082,0.153365071667684,650025,39.1052480380605,-84.5144190306861,"Central Business District",273189
"26XX JEFFERSON AV",39.129935,-84.510691,"18-25","CORRYVILLE - HEIGHTS","CLIFTON/UNIVERSITY HEIGHTS","09/08/2018 01:15:03 AM +0000","01 - NOT AN INTERSECTION","2 - INJURY",2,"09/08/2018 01:19:29 AM +0000","SAT","M - MALE","4 - INCAPACITATING","DA20AE67-1159-4913-9EF1-AACF9D531D61","4 - DARK - LIGHTED ROADWAY","185012606","1 - NOT COLLISION BETWEEN TWO MOTOR VEHICLES IN TRANSPORT","01 - DRY","2 - STRAIGHT GRADE","1 - CONCRETE","CORRYVILLE","P - PEDESTRIAN","1 - CLEAR","45221",4,0.141,0.105427657138623,630036,39.1299969699657,-84.5099006046367,"Corryville",200172
"71XX VINE ST",39.195814,-84.480787,"41-50","N/A","N/A","03/08/2013 05:37:00 AM +0000","01 - NOT AN INTERSECTION","2 - INJURY",2,"03/08/2013 05:37:00 AM +0000","FRI","F - FEMALE","3 - NON-INCAPACITATING","2545B276-B716-43C4-AE93-BA2D71DCE118","4 - DARK - LIGHTED ROADWAY","135002980","1 - NOT COLLISION BETWEEN TWO MOTOR VEHICLES IN TRANSPORT","01 - DRY","1 - STRAIGHT LEVEL","2 - BLACKTOP, BITUMINOUS, ASPHALT","N/A","P - PEDESTRIAN","1 - CLEAR","45216",3,0.304,0.184611660613781,500065,39.1952356835974,-84.4805308400933,"Carthage",199885
"13XX VINE ST",39.108734,-84.514529,"31-40","N/A","N/A","03/20/2017 08:23:00 AM +0000","02 - FOUR-WAY INTERSECTION","2 - INJURY",2,"03/20/2017 08:23:00 AM +0000","MON","M - MALE","2 - POSSIBLE","51D49253-D005-40A3-8EEA-584A3FA11E9D","1 - DAYLIGHT","175004001","1 - NOT COLLISION BETWEEN TWO MOTOR VEHICLES IN TRANSPORT","02 - WET","1 - STRAIGHT LEVEL","2 - BLACKTOP, BITUMINOUS, ASPHALT","N/A","P - PEDESTRIAN","5 - SLEET, HAIL","45202",2,1.103,0.19256559898794,650027,39.1097480420928,-84.5144190306774,"Over-The-Rhine",202750
"3XX SHEEHAN",39.215491,-84.461821,"UNDER 18","N/A","N/A","02/07/2013 06:42:00 AM +0000","03 - T-INTERSECTION","2 - INJURY",2,"02/07/2013 06:42:00 AM +0000","THU","F - FEMALE","3 - NON-INCAPACITATING","7B13A4F8-EC20-48C7-BAA1-B582F71CD7EE","4 - DARK - LIGHTED ROADWAY","135001672","1 - NOT COLLISION BETWEEN TWO MOTOR VEHICLES IN TRANSPORT","01 - DRY","1 - STRAIGHT LEVEL","2 - BLACKTOP, BITUMINOUS, ASPHALT","N/A","P - PEDESTRIAN","1 - CLEAR","45216",3,0.304,0.150409435942708,420074,39.2154750523954,-84.4624571446978,"Hartwell",201193
"38XX PAXTON AV",39.144988,-84.431153,"31-40","N/A","N/A","12/22/2017 09:39:00 AM +0000","01 - NOT AN INTERSECTION","2 - INJURY",2,"12/22/2017 09:39:00 AM +0000","FRI","F - FEMALE","2 - POSSIBLE","21C31D83-0484-4633-9347-8209EDF40E00","1 - DAYLIGHT","175019437","1 - NOT COLLISION BETWEEN TWO MOTOR VEHICLES IN TRANSPORT","02 - WET","1 - STRAIGHT LEVEL","2 - BLACKTOP, BITUMINOUS, ASPHALT","N/A","P - PEDESTRIAN","2 - CLOUDY","45209",2,1.103,0.14937024430312,280043,39.1456996622835,-84.4308281939353,"Oakley",202657
"59XX LESTER RD",39.180771,-84.431272,"51-60","N/A","N/A","06/30/2015 03:28:00 PM +0000","03 - T-INTERSECTION","2 - INJURY",2,"06/30/2015 03:31:00 PM +0000","TUE","M - MALE","3 - NON-INCAPACITATING","6FF86E32-6E2B-4790-BFC5-5037E4E9BDB8","1 - DAYLIGHT","155008926","1 - NOT COLLISION BETWEEN TWO MOTOR VEHICLES IN TRANSPORT","02 - WET","1 - STRAIGHT LEVEL","2 - BLACKTOP, BITUMINOUS, ASPHALT","N/A","P - PEDESTRIAN","2 - CLOUDY","45213",3,0.304,0.1767308607339,280059,39.1816996816691,-84.4308281937925,"Pleasant Ridge",202946
"46XX RAPID RUN",39.107735,-84.681993,"26-30","N/A","N/A","01/04/2013 06:11:00 PM +0000","02 - FOUR-WAY INTERSECTION","2 - INJURY",2,"01/04/2013 06:12:00 PM +0000","FRI","F - FEMALE","3 - NON-INCAPACITATING","E042D03B-D81F-4911-86C3-B9F54F918C51","4 - DARK - LIGHTED ROADWAY","135000126","1 - NOT COLLISION BETWEEN TWO MOTOR VEHICLES IN TRANSPORT","01 - DRY","1 - STRAIGHT LEVEL","2 - BLACKTOP, BITUMINOUS, ASPHALT","N/A","P - PEDESTRIAN","1 - CLEAR","45238",3,0.304,0.213091318764958,1390026,39.1074157625985,-84.681600694305,"Sayler Park",203392
"2XX DORCHESTER AV",39.118011,-84.509623,"UNDER 18","MOUNT AUBURN","MOUNT  AUBURN","06/02/2018 02:20:00 PM +0000","06 - FIVE-POINT, OR MORE","2 - INJURY",2,"06/02/2018 02:20:00 PM +0000","SAT","F - FEMALE","3 - NON-INCAPACITATING","658B0A6E-F395-4774-AC21-43AD4B583A0C","1 - DAYLIGHT","185007760","1 - NOT COLLISION BETWEEN TWO MOTOR VEHICLES IN TRANSPORT","01 - DRY","1 - STRAIGHT LEVEL","2 - BLACKTOP, BITUMINOUS, ASPHALT","MT. AUBURN","P - PEDESTRIAN","1 - CLEAR","45219",3,0.304,0.0999206616527244,630031,39.1187469600022,-84.509900604661,"Mt. Auburn",274621
"12XX RUTLEDGE AV",39.112701,-84.587881,"UNDER 18","WEST PRICE HILL","WEST PRICE HILL","03/25/2015 05:44:00 PM +0000","01 - NOT AN INTERSECTION","2 - INJURY",2,"03/25/2015 05:44:00 PM +0000","WED","F - FEMALE","2 - POSSIBLE","5AB349AE-DFC9-4B3C-B033-303F5413336C","1 - DAYLIGHT","155004096","1 - NOT COLLISION BETWEEN TWO MOTOR VEHICLES IN TRANSPORT","01 - DRY","1 - STRAIGHT LEVEL","2 - BLACKTOP, BITUMINOUS, ASPHALT","WEST PRICE HILL","P - PEDESTRIAN","1 - CLEAR","45205",2,1.103,0.0987869162026292,980028,39.1119908494876,-84.5889730615159,"West Price HIll",275981
"9XX WALNUT ST",39.105651,-84.512625,"26-30","N/A","N/A","05/27/2017 03:30:00 PM +0000","01 - NOT AN INTERSECTION","2 - INJURY",2,"05/27/2017 03:30:00 PM +0000","SAT","F - FEMALE","2 - POSSIBLE","40BC8FB7-BB76-42F6-B8BA-B359F1AFA02C","1 - DAYLIGHT","175007944","1 - NOT COLLISION BETWEEN TWO MOTOR VEHICLES IN TRANSPORT","01 - DRY","1 - STRAIGHT LEVEL","2 - BLACKTOP, BITUMINOUS, ASPHALT","N/A","P - PEDESTRIAN","1 - CLEAR","45202",2,1.103,0.149580060022916,640025,39.1052475148416,-84.5121598176706,"Central Business District",273189
"36XX VINE ST",39.148823,-84.511966,"31-40","AVONDALE","AVONDALE","07/11/2018 12:48:00 PM +0000","01 - NOT AN INTERSECTION","2 - INJURY",2,"07/11/2018 12:48:00 PM +0000","WED","M - MALE","4 - INCAPACITATING","8172D7DA-DB34-49AE-8988-5FC8AB0D2E98","1 - DAYLIGHT","185009633","1 - NOT COLLISION BETWEEN TWO MOTOR VEHICLES IN TRANSPORT","01 - DRY","1 - STRAIGHT LEVEL","2 - BLACKTOP, BITUMINOUS, ASPHALT","AVONDALE","P - PEDESTRIAN","1 - CLEAR","45220",4,0.141,0.141567848679411,640044,39.1479975528645,-84.512159817583,"Clifton",200052
"30XX READING RD",39.135411,-84.496441,"31-40","N/A","N/A","03/16/2018 08:30:00 AM +0000","02 - FOUR-WAY INTERSECTION","3 - PROPERTY DAMAGE ONLY (PDO)",3,"03/16/2018 04:00:00 PM +0000","FRI","F - FEMALE","1 - NO INJURY / NONE REPORTED","204A80A9-677D-4888-83BF-F2DFB8F2C54A","1 - DAYLIGHT","185003757","1 - NOT COLLISION BETWEEN TWO MOTOR VEHICLES IN TRANSPORT","01 - DRY","1 - STRAIGHT LEVEL","2 - BLACKTOP, BITUMINOUS, ASPHALT","N/A","P - PEDESTRIAN","1 - CLEAR","45206",1,10.082,0.155582463186011,570038,39.1344926564727,-84.4963453276164,"Avondale",199345
"13XX HOPPLE ST",39.136609,-84.537746,"51-60","N/A","N/A","08/04/2016 01:14:00 AM +0000","02 - FOUR-WAY INTERSECTION","2 - INJURY",2,"08/04/2016 01:15:00 AM +0000","THU","M - MALE","4 - INCAPACITATING","E617FFBF-19F4-43BB-B488-45F071499538","4 - DARK - LIGHTED ROADWAY","165012305","1 - NOT COLLISION BETWEEN TWO MOTOR VEHICLES IN TRANSPORT","01 - DRY","1 - STRAIGHT LEVEL","2 - BLACKTOP, BITUMINOUS, ASPHALT","N/A","P - PEDESTRIAN","1 - CLEAR","45225",4,0.141,0.113401919099209,750039,39.1367509009735,-84.5370111621222,"Camp Washington",199841
"36XX MONTGOMERY RD",39.145348,-84.469228,"51-60","N/A","N/A","07/29/2016 09:58:00 PM +0000","03 - T-INTERSECTION","2 - INJURY",2,"07/29/2016 10:23:00 PM +0000","FRI","M - MALE","4 - INCAPACITATING","4DAFAD05-41B5-48A2-9ED0-EFC29BE47F09","4 - DARK - LIGHTED ROADWAY","165011985","1 - NOT COLLISION BETWEEN TWO MOTOR VEHICLES IN TRANSPORT","02 - WET","1 - STRAIGHT LEVEL","2 - BLACKTOP, BITUMINOUS, ASPHALT","N/A","P - PEDESTRIAN","4 - RAIN","45207",4,0.141,0.113390210814365,450043,39.1457293200554,-84.4692347800517,"Evanston",200632
"30XX WERK RD",39.139888,-84.60427,"UNDER 18","N/A","N/A","12/08/2013 05:50:00 PM +0000","02 - FOUR-WAY INTERSECTION","2 - INJURY",2,"12/08/2013 05:59:00 PM +0000","SUN","M - MALE","2 - POSSIBLE","92C30919-9B60-4111-BEAA-52168B8BBDDE","4 - DARK - LIGHTED ROADWAY","135012670","1 - NOT COLLISION BETWEEN TWO MOTOR VEHICLES IN TRANSPORT","02 - WET","1 - STRAIGHT LEVEL","1 - CONCRETE","N/A","P - PEDESTRIAN","2 - CLOUDY","45211",2,1.103,0.207113407525461,1050040,39.1389832400511,-84.6047875479429,"Westwood",204284
"7XX MITCHELL AV",39.159344,-84.48706,"31-40","NORTH AVONDALE","NORTH AVONDALE","01/15/2018 05:46:51 PM +0000","01 - NOT AN INTERSECTION","2 - INJURY",2,"01/15/2018 05:49:12 PM +0000","MON","M - MALE","2 - POSSIBLE","E6D74AC6-F6A0-4E76-B5F6-705C82897EA8","4 - DARK - LIGHTED ROADWAY","185000798","2 - REAR-END","03 - SNOW","4 - CURVE GRADE","2 - BLACKTOP, BITUMINOUS, ASPHALT","NORTH AVONDALE - PADDOCK HILLS","P - PEDESTRIAN","6 - SNOW","45229",2,1.103,0.104555430419737,530049,39.1592389263331,-84.4873084772532,"North Avondale",274686
"18XX CLARION AV",39.145018,-84.466832,"UNDER 18","EVANSTON","EVANSTON","06/09/2017 07:25:00 PM +0000","01 - NOT AN INTERSECTION","2 - INJURY",2,"06/09/2017 07:27:00 PM +0000","FRI","F - FEMALE","4 - INCAPACITATING","B66A5503-9511-4245-8CFB-07BC77AF4D57","1 - DAYLIGHT","175008667","1 - NOT COLLISION BETWEEN TWO MOTOR VEHICLES IN TRANSPORT","01 - DRY","1 - STRAIGHT LEVEL","2 - BLACKTOP, BITUMINOUS, ASPHALT","EVANSTON","P - PEDESTRIAN","1 - CLEAR","45207",4,0.141,0.116301140140444,440043,39.1457279243952,-84.4669755682638,"Evanston",200632
"X E UNIVERSITY AV",39.133116,-84.50869,"18-25","N/A","N/A","10/05/2013 02:07:00 AM +0000","01 - NOT AN INTERSECTION","2 - INJURY",2,"10/05/2013 02:07:00 AM +0000","SAT","M - MALE","4 - INCAPACITATING","643B4DE4-E62C-4380-AC8D-BEA458AD0C35","4 - DARK - LIGHTED ROADWAY","135010804","1 - NOT COLLISION BETWEEN TWO MOTOR VEHICLES IN TRANSPORT","01 - DRY","2 - STRAIGHT GRADE","2 - BLACKTOP, BITUMINOUS, ASPHALT","N/A","P - PEDESTRIAN","1 - CLEAR","45219",4,0.141,0.0762333114509501,620037,39.1322463614144,-84.5076413916862,"Corryville",200172
"7XX STATE AV",39.104796,-84.552638,"41-50","N/A","N/A","07/14/2013 01:11:00 PM +0000","02 - FOUR-WAY INTERSECTION","2 - INJURY",2,"07/14/2013 01:12:00 PM +0000","SUN","M - MALE","2 - POSSIBLE","AD34C31E-70F6-4658-9F96-3DAC51A905D5","1 - DAYLIGHT","135008558","1 - NOT COLLISION BETWEEN TWO MOTOR VEHICLES IN TRANSPORT","01 - DRY","1 - STRAIGHT LEVEL","2 - BLACKTOP, BITUMINOUS, ASPHALT","N/A","P - PEDESTRIAN","1 - CLEAR","45204",2,1.103,0.171523040282416,820025,39.1052502617382,-84.5528256545869,"Lower Price Hill",276431
"34XX WARSAW AV",39.110354,-84.568052,"61-70","N/A","N/A","01/04/2018 10:40:00 PM +0000","01 - NOT AN INTERSECTION","2 - INJURY",2,"01/04/2018 10:41:00 PM +0000","THU","M - MALE","4 - INCAPACITATING","E29B7628-C682-4C64-A5AE-B3DC72897CD3","4 - DARK - LIGHTED ROADWAY","185000212","1 - NOT COLLISION BETWEEN TWO MOTOR VEHICLES IN TRANSPORT","01 - DRY","1 - STRAIGHT LEVEL","1 - CONCRETE","N/A","P - PEDESTRIAN","1 - CLEAR","45205",4,0.141,0.196289340953965,890027,39.1097475188524,-84.5686401462761,"East Price Hill",273561
"40XX GLENWAY",39.113673,-84.57924,"UNDER 18","N/A","N/A","03/11/2014 03:10:15 PM +0000","03 - T-INTERSECTION","3 - PROPERTY DAMAGE ONLY (PDO)",3,"03/11/2014 03:20:45 PM +0000","TUE","M - MALE","1 - NO INJURY / NONE REPORTED","8B1301B2-5C36-4138-AFB4-850ECF58A0A9","1 - DAYLIGHT","145001966","1 - NOT COLLISION BETWEEN TWO MOTOR VEHICLES IN TRANSPORT","01 - DRY","1 - STRAIGHT LEVEL","2 - BLACKTOP, BITUMINOUS, ASPHALT","N/A","P - PEDESTRIAN","1 - CLEAR","45205",1,10.082,0.210247943549201,940029,39.1142442525308,-84.5799362107818,"West Price HIll",275981
"6XX WINNESTE AV",39.178642,-84.510151,"UNDER 18","WINTON HILLS","WINTON HILLS","06/23/2018 06:30:00 PM +0000","01 - NOT AN INTERSECTION","2 - INJURY",2,"06/23/2018 06:45:00 PM +0000","SAT","M - MALE","3 - NON-INCAPACITATING","2C2932AC-0FC5-4284-A21F-D57B7B8EB5EC","1 - DAYLIGHT","185008787","1 - NOT COLLISION BETWEEN TWO MOTOR VEHICLES IN TRANSPORT","01 - DRY","1 - STRAIGHT LEVEL","2 - BLACKTOP, BITUMINOUS, ASPHALT","WINTON HILLS","P - PEDESTRIAN","1 - CLEAR","45232",3,0.304,0.102322643059582,630058,39.1794970135816,-84.5099006045301,"Winton Hills",276110
"33XX GLENMORE AV",39.148121,-84.613203,"UNDER 18","WESTWOOD","WESTWOOD","04/01/2017 12:14:00 PM +0000","03 - T-INTERSECTION","2 - INJURY",2,"04/01/2017 12:16:00 PM +0000","SAT","F - FEMALE","2 - POSSIBLE","069899DD-3144-4404-AA40-CF6FB6224A3F","1 - DAYLIGHT","175004674","1 - NOT COLLISION BETWEEN TWO MOTOR VEHICLES IN TRANSPORT","01 - DRY","1 - STRAIGHT LEVEL","1 - CONCRETE","WESTWOOD","P - PEDESTRIAN","2 - CLOUDY","45211",2,1.103,0.140024672748906,1090044,39.1479779260586,-84.6138243956329,"Westwood",204284
"48XX WINNESTE AV",39.180842,-84.510112,"UNDER 18","WINTON HILLS","WINTON HILLS","05/06/2016 05:59:00 PM +0000","01 - NOT AN INTERSECTION","2 - INJURY",2,"05/06/2016 05:59:00 PM +0000","FRI","M - MALE","3 - NON-INCAPACITATING","D1F9553F-2CFB-4DE3-8782-FFA36F0B30E5","1 - DAYLIGHT","165007007","1 - NOT COLLISION BETWEEN TWO MOTOR VEHICLES IN TRANSPORT","01 - DRY","2 - STRAIGHT GRADE","2 - BLACKTOP, BITUMINOUS, ASPHALT","WINTON HILLS","P - PEDESTRIAN","1 - CLEAR","45232",3,0.304,0.170728827553847,630059,39.1817470155554,-84.5099006045252,"Winton Hills",276110
"16XX QUEEN CITY AV",39.109567,-84.545952,"51-60","N/A","N/A","06/29/2016 01:05:00 PM +0000","02 - FOUR-WAY INTERSECTION","1 - FATAL INJURY",1,"06/29/2016 01:05:00 PM +0000","WED","M - MALE","5 - FATAL","5D68CF0C-AB7B-4F67-A365-D852CF7CE3F5","1 - DAYLIGHT","165010107","6 - ANGLE","01 - DRY","1 - STRAIGHT LEVEL","2 - BLACKTOP, BITUMINOUS, ASPHALT","N/A","P - PEDESTRIAN","1 - CLEAR","45214",5,0.046,0.166447235727521,790027,39.1097507890803,-84.546048015005,"Lower Price Hill",276431
"38XX PAXTON AV",39.147507,-84.429994,"31-40","N/A","N/A","03/04/2013 07:10:00 AM +0000","10 - DRIVEWAY/ALLEY ACCESS","2 - INJURY",2,"03/04/2013 07:11:00 AM +0000","MON","F - FEMALE","2 - POSSIBLE","B2BCE880-A9D2-4906-A5EF-067DA595C2EA","2 - DAWN","135002730","1 - NOT COLLISION BETWEEN TWO MOTOR VEHICLES IN TRANSPORT","01 - DRY","1 - STRAIGHT LEVEL","1 - CONCRETE","N/A","P - PEDESTRIAN","1 - CLEAR","45209",2,1.103,0.119226423287905,280044,39.1479496634985,-84.4308281939264,"Oakley",202657
"6XX E PETE ROSE WY",39.106593,-84.492628,"26-30","EAST END","C. B. D. / RIVERFRONT","02/22/2018 05:39:00 PM +0000","01 - NOT AN INTERSECTION","3 - PROPERTY DAMAGE ONLY (PDO)",3,"02/22/2018 05:39:00 PM +0000","THU","M - MALE","1 - NO INJURY / NONE REPORTED","90CA2EFA-92C3-4B8B-A5D7-0717C5C223CE","1 - DAYLIGHT","185002637","1 - NOT COLLISION BETWEEN TWO MOTOR VEHICLES IN TRANSPORT","01 - DRY","1 - STRAIGHT LEVEL","1 - CONCRETE","EAST END","P - PEDESTRIAN","1 - CLEAR","45202",1,10.082,0.0984268096701445,550026,39.1074908457001,-84.4918269024319,"Central Business District",273189
"33XX READING RD",39.139555,-84.494565,"UNDER 18","AVONDALE","AVONDALE","04/02/2015 08:36:00 PM +0000","02 - FOUR-WAY INTERSECTION","2 - INJURY",2,"04/02/2015 08:36:00 PM +0000","THU","M - MALE","2 - POSSIBLE","2F5E531C-1884-4DEF-9C1B-93E87812B0BB","5 - DARK – ROADWAY NOT LIGHTIED","155004517","1 - NOT COLLISION BETWEEN TWO MOTOR VEHICLES IN TRANSPORT","02 - WET","2 - STRAIGHT GRADE","2 - BLACKTOP, BITUMINOUS, ASPHALT","AVONDALE","P - PEDESTRIAN","4 - RAIN","45229",2,1.103,0.205380520014206,560040,39.1389917880638,-84.4940861149431,"Avondale",199345
"25XX GILBERT AV",39.126128,-84.490193,"26-30","WALNUT HILLS","WALNUT HILLS","03/18/2016 05:19:00 PM +0000","02 - FOUR-WAY INTERSECTION","2 - INJURY",2,"03/18/2016 05:21:00 PM +0000","FRI","F - FEMALE","2 - POSSIBLE","5AC39253-988A-4AD3-B54A-6277EEE2DD87","1 - DAYLIGHT","165004083","1 - NOT COLLISION BETWEEN TWO MOTOR VEHICLES IN TRANSPORT","01 - DRY","1 - STRAIGHT LEVEL","2 - BLACKTOP, BITUMINOUS, ASPHALT","WALNUT HILLS","P - PEDESTRIAN","1 - CLEAR","45206",2,1.103,0.166046621996596,540034,39.1254899014879,-84.4895676898371,"Walnut Hills",204112
"25XX CLIFTON AV",39.127606,-84.520028,"18-25","N/A","N/A","08/09/2016 12:41:00 PM +0000","03 - T-INTERSECTION","2 - INJURY",2,"08/09/2016 12:41:00 PM +0000","TUE","F - FEMALE","3 - NON-INCAPACITATING","5A708905-C7E2-4C07-8E74-BCB17009F51D","1 - DAYLIGHT","165012599","1 - NOT COLLISION BETWEEN TWO MOTOR VEHICLES IN TRANSPORT","01 - DRY","1 - STRAIGHT LEVEL","1 - CONCRETE","N/A","P - PEDESTRIAN","2 - CLOUDY","45221",3,0.304,0.201246014799999,670035,39.1277489739748,-84.518937456772,"CUF",273417
"2XX GOODMAN",39.136303,-84.503121,"41-50","N/A","N/A","07/29/2013 01:30:00 PM +0000","01 - NOT AN INTERSECTION","2 - INJURY",2,"07/29/2013 01:47:00 PM +0000","MON","F - FEMALE","2 - POSSIBLE","079B5431-96E4-4F0B-A0E5-15D400F28C69","1 - DAYLIGHT","135008928","1 - NOT COLLISION BETWEEN TWO MOTOR VEHICLES IN TRANSPORT","01 - DRY","1 - STRAIGHT LEVEL","2 - BLACKTOP, BITUMINOUS, ASPHALT","N/A","P - PEDESTRIAN","1 - CLEAR","45219",2,1.103,0.216960849201901,600039,39.136745013415,-84.5031229659084,"Corryville",200172
"14XX WESTERN AV",39.110495,-84.531557,"61-70","N/A","N/A","01/25/2018 07:50:00 AM +0000","03 - T-INTERSECTION","2 - INJURY",2,"01/25/2018 08:05:00 AM +0000","THU","F - FEMALE","2 - POSSIBLE","8005C2CD-5889-44E0-B935-A09F8ED3B070","1 - DAYLIGHT","185001279","1 - NOT COLLISION BETWEEN TWO MOTOR VEHICLES IN TRANSPORT","01 - DRY","1 - STRAIGHT LEVEL","2 - BLACKTOP, BITUMINOUS, ASPHALT","N/A","P - PEDESTRIAN","1 - CLEAR","45214",2,1.103,0.0890059970119242,730027,39.1097506582723,-84.5324927357279,"West End",276647