"address_x","lat","long","age","community_council_neighborhood","cpd_neighborhood","crashdate","crashlocation","crashseverity","crashseverityid","datecrashreported","dayofweek","gender","injuries","instanceid","lightconditionsprimary","localreportno","mannerofcrash","roadconditionsprimary","roadcontour","roadsurface","sna_neighborhood","typeofperson","weather","zip","injury_type_num","cost","dist","cell_id","lat_cell","long_cell","hood","hood_id"
"33XX BURNET AV",39.140611,-84.500585,"41-50","AVONDALE","AVONDALE","07/23/2015 07:38:00 AM +0000","01 - NOT AN INTERSECTION","2 - INJURY",2,"07/23/2015 07:39:00 AM +0000","THU","F - FEMALE","2 - POSSIBLE","ACABB1D5-A49C-4EA3-B8A4-E6C7718B4085","1 - DAYLIGHT","155010036","1 - NOT COLLISION BETWEEN TWO MOTOR VEHICLES IN TRANSPORT","01 - DRY","1 - STRAIGHT LEVEL","1 - CONCRETE","AVONDALE","P - PEDESTRIAN","1 - CLEAR","45229",2,1.103,0.125824217348466,590041,39.1412442759061,-84.5008637530809,"Corryville",200172
"40XX ISABELLA AV",39.151439,-84.431351,"51-60","N/A","N/A","06/05/2016 09:02:12 AM +0000","02 - FOUR-WAY INTERSECTION","2 - INJURY",2,"06/05/2016 09:03:14 AM +0000","SUN","F - FEMALE","3 - NON-INCAPACITATING","09FB5519-847B-4648-B0D0-BBFA7620B7D0","1 - DAYLIGHT","165008795","1 - NOT COLLISION BETWEEN TWO MOTOR VEHICLES IN TRANSPORT","01 - DRY","1 - STRAIGHT LEVEL","2 - BLACKTOP, BITUMINOUS, ASPHALT","N/A","P - PEDESTRIAN","1 - CLEAR","45209",3,0.304,0.206825129251302,280046,39.1524496659273,-84.4308281939085,"Oakley",202657
"61XX GLENWAY AV",39.144341,-84.618228,"61-70","N/A","N/A","06/05/2018 03:30:00 PM +0000","02 - FOUR-WAY INTERSECTION","3 - PROPERTY DAMAGE ONLY (PDO)",3,"06/06/2018 03:18:00 PM +0000","TUE","M - MALE","1 - NO INJURY / NONE REPORTED","8524CD34-5625-4EB7-ABCE-FC6E487B29B3","1 - DAYLIGHT","185007940","1 - NOT COLLISION BETWEEN TWO MOTOR VEHICLES IN TRANSPORT","01 - DRY","1 - STRAIGHT LEVEL","2 - BLACKTOP, BITUMINOUS, ASPHALT","N/A","P - PEDESTRIAN","1 - CLEAR","45211",1,10.082,0.0991678868291892,1110042,39.1434750005913,-84.6183428189219,"Westwood",204284
"22XX SELIM",39.124181,-84.551921,"31-40","SOUTH FAIRMOUNT","SOUTH  FAIRMOUNT","02/02/2016 09:00:00 AM +0000","03 - T-INTERSECTION","2 - INJURY",2,"02/02/2016 09:09:00 AM +0000","TUE","M - MALE","4 - INCAPACITATING","7574CB56-4354-4B2A-984A-C5593214528A","1 - DAYLIGHT","165001631","1 - NOT COLLISION BETWEEN TWO MOTOR VEHICLES IN TRANSPORT","01 - DRY","2 - STRAIGHT GRADE","2 - BLACKTOP, BITUMINOUS, ASPHALT","EAST PRICE HILL","P - PEDESTRIAN","2 - CLOUDY","45214",4,0.141,0.120056606351856,820033,39.1232502781408,-84.5528256545867,"South Fairmount",203599
"32XX VINE ST",39.138041,-84.509023,"41-50","N/A","N/A","02/07/2017 06:12:00 AM +0000","03 - T-INTERSECTION","2 - INJURY",2,"02/07/2017 06:14:00 AM +0000","TUE","M - MALE","3 - NON-INCAPACITATING","92285484-B15A-4CC7-896A-59283F3059D9","4 - DARK - LIGHTED ROADWAY","175001847","1 - NOT COLLISION BETWEEN TWO MOTOR VEHICLES IN TRANSPORT","02 - WET","2 - STRAIGHT GRADE","2 - BLACKTOP, BITUMINOUS, ASPHALT","N/A","P - PEDESTRIAN","4 - RAIN","45220",3,0.304,0.11006771021501,630040,39.138996977923,-84.5099006046173,"Clifton",200052
"80XX ANTHONY WAYNE AV",39.202671,-84.469876,"18-25","N/A","N/A","06/29/2017 09:45:00 AM +0000","01 - NOT AN INTERSECTION","2 - INJURY",2,"06/29/2017 09:45:00 AM +0000","THU","M - MALE","3 - NON-INCAPACITATING","3AD8B1D7-D16C-4167-BAA2-8D256DFA3D1D","1 - DAYLIGHT","175009691","1 - NOT COLLISION BETWEEN TWO MOTOR VEHICLES IN TRANSPORT","01 - DRY","1 - STRAIGHT LEVEL","2 - BLACKTOP, BITUMINOUS, ASPHALT","N/A","P - PEDESTRIAN","1 - CLEAR","45216",3,0.304,0.18621568943423,450068,39.201979362305,-84.4692347798458,"Carthage",199885
"XX E LIBERTY",39.113466,-84.513758,"UNDER 18","OTR","OVER-THE-RHINE","04/21/2015 06:55:48 PM +0000","01 - NOT AN INTERSECTION","2 - INJURY",2,"04/21/2015 07:00:49 PM +0000","TUE","M - MALE","2 - POSSIBLE","F2ABD5F9-F7CD-48E5-854D-C09E8BCED7B6","1 - DAYLIGHT","155005478","1 - NOT COLLISION BETWEEN TWO MOTOR VEHICLES IN TRANSPORT","01 - DRY","1 - STRAIGHT LEVEL","1 - CONCRETE","OVER-THE-RHINE","P - PEDESTRIAN","1 - CLEAR","45202",2,1.103,0.0864149811913835,650029,39.1142480461222,-84.5144190306687,"Over-The-Rhine",202750
"82XX VINE ST",39.21143,-84.475933,"18-25","HARTWELL","HARTWELL","06/16/2015 07:55:00 PM +0000","12 - SHARED-USE PATHS OR TRAILS","2 - INJURY",2,"06/16/2015 08:00:00 PM +0000","TUE","F - FEMALE","3 - NON-INCAPACITATING","ACFD3E98-17BB-47AB-8E73-DA8EA64F78F4","1 - DAYLIGHT","155008243","1 - NOT COLLISION BETWEEN TWO MOTOR VEHICLES IN TRANSPORT","02 - WET","1 - STRAIGHT LEVEL","2 - BLACKTOP, BITUMINOUS, ASPHALT","HARTWELL","P - PEDESTRIAN","4 - RAIN","45216",3,0.304,0.190920610668484,470072,39.210982030754,-84.4737532036584,"Hartwell",201193
"14XX DANA AV",39.147524,-84.476175,"18-25","EVANSTON","EVANSTON","07/22/2015 11:35:00 AM +0000","03 - T-INTERSECTION","2 - INJURY",2,"07/22/2015 11:45:00 AM +0000","WED","F - FEMALE","3 - NON-INCAPACITATING","479DAD40-0F77-4A6C-A51B-B470C847BAE9","1 - DAYLIGHT","155009986","1 - NOT COLLISION BETWEEN TWO MOTOR VEHICLES IN TRANSPORT","01 - DRY","2 - STRAIGHT GRADE","2 - BLACKTOP, BITUMINOUS, ASPHALT","EVANSTON","P - PEDESTRIAN","1 - CLEAR","45229",3,0.304,0.0939253100118441,480044,39.1479832471116,-84.4760124159257,"Evanston",200632
"30XX GLENMORE AV",39.136485,-84.613885,"61-70","WESTWOOD","WESTWOOD","04/03/2015 07:20:00 AM +0000","01 - NOT AN INTERSECTION","2 - INJURY",2,"04/03/2015 07:23:00 AM +0000","FRI","F - FEMALE","4 - INCAPACITATING","C4C10F0B-6CEB-4FA1-9109-B9D7B772CE1E","1 - DAYLIGHT","155004532","1 - NOT COLLISION BETWEEN TWO MOTOR VEHICLES IN TRANSPORT","02 - WET","1 - STRAIGHT LEVEL","2 - BLACKTOP, BITUMINOUS, ASPHALT","WESTWOOD","P - PEDESTRIAN","4 - RAIN","45238",4,0.141,0.150861097212659,1090039,39.1367279176773,-84.6138243956056,"Westwood",204284
"77XX NEWBEDFORD AV",39.203045,-84.457236,"41-50","ROSELAWN","ROSELAWN","07/05/2017 11:45:00 AM +0000","01 - NOT AN INTERSECTION","2 - INJURY",2,"07/05/2017 11:50:00 AM +0000","WED","M - MALE","2 - POSSIBLE","53A02E9D-992B-446F-B34F-6CF89410AE57","1 - DAYLIGHT","175009964","1 - NOT COLLISION BETWEEN TWO MOTOR VEHICLES IN TRANSPORT","01 - DRY","1 - STRAIGHT LEVEL","1 - CONCRETE","ROSELAWN","P - PEDESTRIAN","1 - CLEAR","45237",2,1.103,0.0575862751881721,400068,39.2019719448576,-84.457938721831,"Roselawn",203265
"5XX FINDLAY ST",39.115801,-84.527317,"18-25","N/A","N/A","05/30/2016 07:00:00 PM +0000","01 - NOT AN INTERSECTION","2 - INJURY",2,"05/30/2016 07:00:00 PM +0000","MON","F - FEMALE","3 - NON-INCAPACITATING","DF784081-E87F-4E81-84B2-A261BCE63CF1","1 - DAYLIGHT","165008455","1 - NOT COLLISION BETWEEN TWO MOTOR VEHICLES IN TRANSPORT","01 - DRY","1 - STRAIGHT LEVEL","2 - BLACKTOP, BITUMINOUS, ASPHALT","N/A","P - PEDESTRIAN","1 - CLEAR","45214",3,0.304,0.0944231532555501,710030,39.1165002719976,-84.5279743093421,"West End",276647
"33XX CENTRAL PY",39.144461,-84.535221,"41-50","CLIFTON","CLIFTON","10/05/2016 10:30:00 AM +0000","03 - T-INTERSECTION","2 - INJURY",2,"10/05/2016 10:34:00 AM +0000","WED","M - MALE","3 - NON-INCAPACITATING","27D56F07-7663-454D-99D1-A39A7FF5B63F","1 - DAYLIGHT","165016354","1 - NOT COLLISION BETWEEN TWO MOTOR VEHICLES IN TRANSPORT","01 - DRY","1 - STRAIGHT LEVEL","2 - BLACKTOP, BITUMINOUS, ASPHALT","CLIFTON","P - PEDESTRIAN","1 - CLEAR","45225",3,0.304,0.165846574832504,740042,39.1435008199004,-84.5347519489011,"Camp Washington",199841
"34XX READING RD",39.143231,-84.491359,"18-25","N/A","N/A","06/11/2014 08:31:00 AM +0000","10 - DRIVEWAY/ALLEY ACCESS","2 - INJURY",2,"06/11/2014 08:31:00 AM +0000","WED","M - MALE","4 - INCAPACITATING","5EF81A98-B5DA-4E51-AC94-B7445BE2E1A5","1 - DAYLIGHT","145004610","1 - NOT COLLISION BETWEEN TWO MOTOR VEHICLES IN TRANSPORT","01 - DRY","1 - STRAIGHT LEVEL","2 - BLACKTOP, BITUMINOUS, ASPHALT","N/A","P - PEDESTRIAN","2 - CLOUDY","45229",4,0.141,0.0997927092020308,550042,39.1434908759816,-84.4918269023265,"Avondale",199345
"9XX ENRIGHT AV",39.109389,-84.572509,"31-40","N/A","N/A","09/21/2017 01:45:00 PM +0000","01 - NOT AN INTERSECTION","2 - INJURY",2,"09/21/2017 01:50:00 PM +0000","THU","F - FEMALE","2 - POSSIBLE","86237BFD-D588-454F-835C-9F8844D87186","1 - DAYLIGHT","175014278","1 - NOT COLLISION BETWEEN TWO MOTOR VEHICLES IN TRANSPORT","01 - DRY","1 - STRAIGHT LEVEL","2 - BLACKTOP, BITUMINOUS, ASPHALT","N/A","P - PEDESTRIAN","1 - CLEAR","45205",2,1.103,0.168661136649588,910027,39.1097463415707,-84.5731585722005,"East Price Hill",273561
"5XX ELBERON AV",39.099975,-84.566631,"18-25","N/A","N/A","02/01/2016 04:20:00 PM +0000","01 - NOT AN INTERSECTION","2 - INJURY",2,"02/01/2016 04:23:00 PM +0000","MON","M - MALE","4 - INCAPACITATING","E3E98492-1EA5-47DA-96B0-2FE24770B484","1 - DAYLIGHT","165001618","1 - NOT COLLISION BETWEEN TWO MOTOR VEHICLES IN TRANSPORT","01 - DRY","1 - STRAIGHT LEVEL","2 - BLACKTOP, BITUMINOUS, ASPHALT","N/A","P - PEDESTRIAN","1 - CLEAR","45205",4,0.141,0.200462189880794,880023,39.1007480340209,-84.5663809332542,"East Price Hill",273561
"50XX COLERAIN AV",39.178491,-84.563535,"18-25","N/A","N/A","10/31/2013 07:25:17 PM +0000","01 - NOT AN INTERSECTION","2 - INJURY",2,"10/31/2013 07:29:37 PM +0000","THU","F - FEMALE","3 - NON-INCAPACITATING","71F274EC-F2AA-4D30-A549-201F71DA5A5F","4 - DARK - LIGHTED ROADWAY","135011605","9 - UNKNOWN","02 - WET","1 - STRAIGHT LEVEL","2 - BLACKTOP, BITUMINOUS, ASPHALT","N/A","P - PEDESTRIAN","4 - RAIN","45223",3,0.304,0.184792630156846,870058,39.1794985840782,-84.5641217202501,"Mt. Airy",274620
"3XX W 4TH ST",39.099471,-84.51976,"41-50","N/A","N/A","02/19/2015 04:10:00 PM +0000","02 - FOUR-WAY INTERSECTION","2 - INJURY",2,"02/19/2015 04:10:00 PM +0000","THU","F - FEMALE","2 - POSSIBLE","0C699291-FF6D-4D14-80AF-65C602E051B1","1 - DAYLIGHT","155002287","1 - NOT COLLISION BETWEEN TWO MOTOR VEHICLES IN TRANSPORT","01 - DRY","1 - STRAIGHT LEVEL","2 - BLACKTOP, BITUMINOUS, ASPHALT","N/A","P - PEDESTRIAN","1 - CLEAR","45202",2,1.103,0.0969880133826864,670022,39.098498947594,-84.5189374568225,"Central Business District",273189
"4XX VINE ST",39.100901,-84.513165,"UNDER 18","N/A","N/A","02/17/2016 04:45:00 PM +0000","01 - NOT AN INTERSECTION","2 - INJURY",2,"02/17/2016 10:22:00 PM +0000","WED","F - FEMALE","3 - NON-INCAPACITATING","9535A4CE-AECD-442F-A0E1-0E2329F84D3D","4 - DARK - LIGHTED ROADWAY","165002449","1 - NOT COLLISION BETWEEN TWO MOTOR VEHICLES IN TRANSPORT","01 - DRY","1 - STRAIGHT LEVEL","1 - CONCRETE","N/A","P - PEDESTRIAN","1 - CLEAR","45202",3,0.304,0.129375284706794,640023,39.1007475108233,-84.5121598176799,"Central Business District",273189
"1XX CLINTON SPRINGS AV",39.158974,-84.499048,"UNDER 18","N/A","N/A","05/06/2016 08:20:00 PM +0000","01 - NOT AN INTERSECTION","2 - INJURY",2,"05/06/2016 08:25:00 PM +0000","FRI","F - FEMALE","3 - NON-INCAPACITATING","B75B7E08-CE21-4A89-957D-73CA37F7DCD9","1 - DAYLIGHT","165007015","1 - NOT COLLISION BETWEEN TWO MOTOR VEHICLES IN TRANSPORT","01 - DRY","3 - CURVE LEVEL","2 - BLACKTOP, BITUMINOUS, ASPHALT","N/A","P - PEDESTRIAN","1 - CLEAR","45217",3,0.304,0.17842189759993,580049,39.159243506291,-84.4986045402657,"North Avondale",274686
"39XX GLENWAY",39.114731,-84.577603,"UNDER 18","N/A","N/A","10/15/2014 11:50:00 AM +0000","02 - FOUR-WAY INTERSECTION","2 - INJURY",2,"10/15/2014 01:48:00 PM +0000","WED","F - FEMALE","3 - NON-INCAPACITATING","32F3ACED-B1C6-46F2-9728-EC75CBC15C7D","1 - DAYLIGHT","145010189","1 - NOT COLLISION BETWEEN TWO MOTOR VEHICLES IN TRANSPORT","02 - WET","1 - STRAIGHT LEVEL","2 - BLACKTOP, BITUMINOUS, ASPHALT","N/A","P - PEDESTRIAN","2 - CLOUDY","45205",3,0.304,0.105555475259037,930029,39.1142449938065,-84.577676997968,"West Price HIll",275981
"2XX WILLIAM HOWARD TAFT RD",39.127568,-84.506599,"31-40","N/A","N/A","08/24/2017 06:15:00 PM +0000","03 - T-INTERSECTION","3 - PROPERTY DAMAGE ONLY (PDO)",3,"09/10/2017 10:00:00 PM +0000","THU","M - MALE","1 - NO INJURY / NONE REPORTED","E69C60CD-5532-4A63-81A6-B51F58E1BE45","3 - DUSK","175013659","1 - NOT COLLISION BETWEEN TWO MOTOR VEHICLES IN TRANSPORT","01 - DRY","1 - STRAIGHT LEVEL","2 - BLACKTOP, BITUMINOUS, ASPHALT","N/A","P - PEDESTRIAN","1 - CLEAR","45219",1,10.082,0.216213906420367,620035,39.1277463574527,-84.5076413916964,"Corryville",200172
"50XX WHETSEL AV",39.162057,-84.392518,"61-70","N/A","N/A","04/14/2016 05:15:00 PM +0000","02 - FOUR-WAY INTERSECTION","2 - INJURY",2,"04/14/2016 05:15:00 PM +0000","THU","F - FEMALE","3 - NON-INCAPACITATING","8EF484ED-C8BD-45AB-AC5A-1F3106AB8847","1 - DAYLIGHT","165005630","1 - NOT COLLISION BETWEEN TWO MOTOR VEHICLES IN TRANSPORT","01 - DRY","1 - STRAIGHT LEVEL","1 - CONCRETE","N/A","P - PEDESTRIAN","1 - CLEAR","45227",3,0.304,0.199776841858587,110050,39.1614074036764,-84.3924216470208,"Madisonville",201948
"3XX ELBERON AV",39.097884,-84.567237,"26-30","EAST PRICE HILL","EAST PRICE HILL","03/13/2017 06:27:00 AM +0000","01 - NOT AN INTERSECTION","2 - INJURY",2,"03/13/2017 06:28:00 AM +0000","MON","M - MALE","3 - NON-INCAPACITATING","93156F1C-BE4C-4405-923E-EBF40253EE62","5 - DARK – ROADWAY NOT LIGHTED","175003644","1 - NOT COLLISION BETWEEN TWO MOTOR VEHICLES IN TRANSPORT","01 - DRY","2 - STRAIGHT GRADE","2 - BLACKTOP, BITUMINOUS, ASPHALT","EAST PRICE HILL","P - PEDESTRIAN","1 - CLEAR","45205",3,0.304,0.120480548717646,880022,39.098498032002,-84.5663809332528,"East Price Hill",273561
"X W FREEDOM WY",39.097262,-84.513835,"41-50","N/A","N/A","10/03/2013 11:33:00 AM +0000","03 - T-INTERSECTION","2 - INJURY",2,"10/03/2013 11:33:00 AM +0000","THU","M - MALE","3 - NON-INCAPACITATING","480878C8-FCDF-47D8-BAC3-D37CE23B3EB1","1 - DAYLIGHT","135010762","1 - NOT COLLISION BETWEEN TWO MOTOR VEHICLES IN TRANSPORT","01 - DRY","1 - STRAIGHT LEVEL","2 - BLACKTOP, BITUMINOUS, ASPHALT","N/A","P - PEDESTRIAN","2 - CLOUDY","45202",3,0.304,0.130436210230288,650021,39.0962480299865,-84.5144190307036,"Central Business District",273189
"44XX W 8TH ST",39.109281,-84.598838,"61-70","N/A","N/A","11/21/2015 12:07:00 PM +0000","01 - NOT AN INTERSECTION","2 - INJURY",2,"11/21/2015 12:07:00 PM +0000","SAT","F - FEMALE","2 - POSSIBLE","55D7BBB7-16D6-4284-9005-4FBD13817D1D","1 - DAYLIGHT","155017009","1 - NOT COLLISION BETWEEN TWO MOTOR VEHICLES IN TRANSPORT","01 - DRY","1 - STRAIGHT LEVEL","2 - BLACKTOP, BITUMINOUS, ASPHALT","N/A","P - PEDESTRIAN","1 - CLEAR","45238",2,1.103,0.118369948853619,1020027,39.1097367489072,-84.5980099112868,"West Price HIll",275981
"34XX EDWARDS RD",39.139265,-84.443038,"41-50","N/A","N/A","01/27/2016 07:40:00 PM +0000","02 - FOUR-WAY INTERSECTION","1 - FATAL INJURY",1,"01/27/2016 07:42:00 PM +0000","WED","F - FEMALE","4 - INCAPACITATING","EFAFEF76-97CE-4D6F-8D93-EFD3D2F77B91","4 - DARK - LIGHTED ROADWAY","165001379","1 - NOT COLLISION BETWEEN TWO MOTOR VEHICLES IN TRANSPORT","01 - DRY","1 - STRAIGHT LEVEL","2 - BLACKTOP, BITUMINOUS, ASPHALT","N/A","P - PEDESTRIAN","1 - CLEAR","45208",4,0.141,0.116506853172248,330040,39.1389596894487,-84.4421242452449,"Hyde Park",201414
"3XX DIXMYTH AV",39.140778,-84.520798,"UNDER 18","CUF","CLIFTON/UNIVERSITY HEIGHTS","04/05/2017 04:15:00 PM +0000","01 - NOT AN INTERSECTION","2 - INJURY",2,"04/05/2017 04:51:00 PM +0000","WED","F - FEMALE","2 - POSSIBLE","FBA35CA8-F0E9-425D-BDA0-4EC3FF769B65","1 - DAYLIGHT","175004927","1 - NOT COLLISION BETWEEN TWO MOTOR VEHICLES IN TRANSPORT","01 - DRY","1 - STRAIGHT LEVEL","2 - BLACKTOP, BITUMINOUS, ASPHALT","CUF","P - PEDESTRIAN","1 - CLEAR","45220",2,1.103,0.209845136997768,680041,39.1412493786237,-84.5211966698563,"Clifton",200052
"12XX VINE ST",39.10831,-84.514686,"18-25","N/A","N/A","09/16/2014 11:15:00 AM +0000","02 - FOUR-WAY INTERSECTION","2 - INJURY",2,"09/16/2014 11:16:00 AM +0000","TUE","F - FEMALE","3 - NON-INCAPACITATING","E7C8A8ED-310F-4B62-8215-B39B1C6E735C","1 - DAYLIGHT","145008723","1 - NOT COLLISION BETWEEN TWO MOTOR VEHICLES IN TRANSPORT","01 - DRY","1 - STRAIGHT LEVEL","2 - BLACKTOP, BITUMINOUS, ASPHALT","N/A","P - PEDESTRIAN","2 - CLOUDY","45202",3,0.304,0.213835869601452,650026,39.107498040077,-84.5144190306818,"Over-The-Rhine",202750
"33XX CLIFTON AV",39.141228,-84.520095,"18-25","N/A","N/A","10/26/2014 05:50:00 PM +0000","03 - T-INTERSECTION","2 - INJURY",2,"10/26/2014 05:50:00 PM +0000","SUN","M - MALE","4 - INCAPACITATING","EB979E81-EF3B-474B-B812-DA4EB833F160","1 - DAYLIGHT","145010742","1 - NOT COLLISION BETWEEN TWO MOTOR VEHICLES IN TRANSPORT","01 - DRY","2 - STRAIGHT GRADE","2 - BLACKTOP, BITUMINOUS, ASPHALT","N/A","P - PEDESTRIAN","1 - CLEAR","45220",4,0.141,0.209845136997768,680041,39.1412493786237,-84.5211966698563,"Clifton",200052
"4XX LUDLOW AV",39.144255,-84.524209,"18-25","N/A","N/A","09/24/2016 06:30:00 AM +0000","01 - NOT AN INTERSECTION","2 - INJURY",2,"09/24/2016 06:30:00 AM +0000","SAT","M - MALE","3 - NON-INCAPACITATING","92B18250-5DB1-41A9-A286-251D1F3CBBF6","4 - DARK - LIGHTED ROADWAY","165015596","1 - NOT COLLISION BETWEEN TWO MOTOR VEHICLES IN TRANSPORT","01 - DRY","4 - CURVE GRADE","2 - BLACKTOP, BITUMINOUS, ASPHALT","N/A","P - PEDESTRIAN","2 - CLOUDY","45220",3,0.304,0.0970959547151761,690042,39.1434997295589,-84.5234558829843,"Clifton",200052
"42XX RIDGE AV",39.152886,-84.422306,"OVER 70","N/A","N/A","03/10/2014 03:35:00 PM +0000","02 - FOUR-WAY INTERSECTION","1 - FATAL INJURY",1,"03/10/2014 03:35:00 PM +0000","MON","M - MALE","5 - FATAL","79946E48-41E6-4F01-88ED-C160E47BF1C0","1 - DAYLIGHT","145001944","1 - NOT COLLISION BETWEEN TWO MOTOR VEHICLES IN TRANSPORT","01 - DRY","1 - STRAIGHT LEVEL","2 - BLACKTOP, BITUMINOUS, ASPHALT","N/A","P - PEDESTRIAN","1 - CLEAR","45209",5,0.046,0.133114234709742,240046,39.1524408553979,-84.421791355311,"Oakley",202657
"15XX NORTH BEND RD",39.189289,-84.581531,"26-30","N/A","N/A","08/19/2017 01:15:00 PM +0000","02 - FOUR-WAY INTERSECTION","2 - INJURY",2,"08/19/2017 01:15:00 PM +0000","SAT","M - MALE","2 - POSSIBLE","CBE1F87D-7D24-4A99-82D1-5F093C6491B7","1 - DAYLIGHT","175012402","1 - NOT COLLISION BETWEEN TWO MOTOR VEHICLES IN TRANSPORT","01 - DRY","1 - STRAIGHT LEVEL","2 - BLACKTOP, BITUMINOUS, ASPHALT","N/A","P - PEDESTRIAN","1 - CLEAR","45224",2,1.103,0.205740019884092,940062,39.1884943165408,-84.5799362108762,"Mt. Airy",274620
"1XX WOOLPER AV",39.149173,-84.514565,"UNDER 18","CLIFTON","CLIFTON","10/17/2016 06:42:00 PM +0000","01 - NOT AN INTERSECTION","2 - INJURY",2,"10/17/2016 06:44:00 PM +0000","MON","F - FEMALE","4 - INCAPACITATING","88C38954-291E-4837-8EA8-71A7A98A56DF","1 - DAYLIGHT","165017115","1 - NOT COLLISION BETWEEN TWO MOTOR VEHICLES IN TRANSPORT","01 - DRY","2 - STRAIGHT GRADE","2 - BLACKTOP, BITUMINOUS, ASPHALT","CLIFTON","P - PEDESTRIAN","1 - CLEAR","45220",4,0.141,0.125641869578847,650045,39.1502480782478,-84.5144190305988,"Clifton",200052
"60XX HEIS",39.081021,-84.39107,"26-30","MOUNT WASHINGTON","MT.  WASHINGTON","03/05/2013 11:30:00 PM +0000","01 - NOT AN INTERSECTION","2 - INJURY",2,"03/05/2013 11:50:00 PM +0000","TUE","F - FEMALE","2 - POSSIBLE","F190801B-1D11-43B2-A73B-76251EDDE26D","4 - DARK - LIGHTED ROADWAY","135002827","1 - NOT COLLISION BETWEEN TWO MOTOR VEHICLES IN TRANSPORT","03 - SNOW","1 - STRAIGHT LEVEL","2 - BLACKTOP, BITUMINOUS, ASPHALT","MT. WASHINGTON","P - PEDESTRIAN","6 - SNOW","45230",2,1.103,0.133735345067482,100014,39.0804045074331,-84.3901624400974,"Mt. Washington",274624
"30XX READING RD",39.134747,-84.496067,"UNDER 18","AVONDALE","AVONDALE","07/27/2015 12:10:00 AM +0000","02 - FOUR-WAY INTERSECTION","2 - INJURY",2,"07/27/2015 12:14:00 AM +0000","MON","F - FEMALE","3 - NON-INCAPACITATING","5DCDBE85-0B13-4EB2-8299-39EE444D376C","4 - DARK - LIGHTED ROADWAY","155010266","1 - NOT COLLISION BETWEEN TWO MOTOR VEHICLES IN TRANSPORT","02 - WET","1 - STRAIGHT LEVEL","2 - BLACKTOP, BITUMINOUS, ASPHALT","AVONDALE","P - PEDESTRIAN","2 - CLOUDY","45206",3,0.304,0.155582463186011,570038,39.1344926564727,-84.4963453276164,"Avondale",199345
"55XX MONTGOMERY RD",39.173841,-84.442471,"UNDER 18","N/A","N/A","02/23/2018 03:50:00 PM +0000","01 - NOT AN INTERSECTION","2 - INJURY",2,"02/23/2018 03:52:00 PM +0000","FRI","M - MALE","3 - NON-INCAPACITATING","E502987D-086F-468E-AB13-D0772BDE3524","1 - DAYLIGHT","185002684","1 - NOT COLLISION BETWEEN TWO MOTOR VEHICLES IN TRANSPORT","02 - WET","2 - STRAIGHT GRADE","2 - BLACKTOP, BITUMINOUS, ASPHALT","N/A","P - PEDESTRIAN","2 - CLOUDY","45212",3,0.304,0.138462454777282,330056,39.1749597114639,-84.4421242451,"Pleasant Ridge",202946
"39XX GLENWAY AV",39.114711,-84.577231,"41-50","WEST PRICE HILL","WEST PRICE HILL","10/28/2015 02:20:00 PM +0000","02 - FOUR-WAY INTERSECTION","2 - INJURY",2,"10/28/2015 04:38:07 PM +0000","WED","M - MALE","2 - POSSIBLE","3EB4F1E9-431C-4C50-AE4A-D257A1B95B92","1 - DAYLIGHT","155015739","1 - NOT COLLISION BETWEEN TWO MOTOR VEHICLES IN TRANSPORT","02 - WET","1 - STRAIGHT LEVEL","2 - BLACKTOP, BITUMINOUS, ASPHALT","WEST PRICE HILL","P - PEDESTRIAN","4 - RAIN","45205",2,1.103,0.105555475259037,930029,39.1142449938065,-84.577676997968,"West Price HIll",275981
"6XX SEDAM ST",39.090258,-84.569749,"51-60","N/A","N/A","07/26/2018 02:02:00 PM +0000","01 - NOT AN INTERSECTION","2 - INJURY",2,"07/26/2018 02:03:00 PM +0000","THU","M - MALE","2 - POSSIBLE","B59C085A-3208-4C72-AD46-4E524B8F31E1","1 - DAYLIGHT","185010389","1 - NOT COLLISION BETWEEN TWO MOTOR VEHICLES IN TRANSPORT","01 - DRY","1 - STRAIGHT LEVEL","1 - CONCRETE","N/A","P - PEDESTRIAN","1 - CLEAR","45204",2,1.103,0.107743543766352,890018,39.08949750076,-84.5686401462607,"Sedamsville",203427
"15XX VINE ST",39.111528,-84.516411,"41-50","N/A","N/A","05/29/2016 12:20:00 PM +0000","02 - FOUR-WAY INTERSECTION","2 - INJURY",2,"05/29/2016 12:20:00 PM +0000","SUN","F - FEMALE","3 - NON-INCAPACITATING","096FCCF9-2FFA-442C-BB70-98A279BE1DCE","1 - DAYLIGHT","165008392","1 - NOT COLLISION BETWEEN TWO MOTOR VEHICLES IN TRANSPORT","01 - DRY","1 - STRAIGHT LEVEL","2 - BLACKTOP, BITUMINOUS, ASPHALT","N/A","P - PEDESTRIAN","1 - CLEAR","45202",3,0.304,0.171496320726417,660028,39.1119985237487,-84.5166782437214,"Over-The-Rhine",202750