"address_x","lat","long","age","community_council_neighborhood","cpd_neighborhood","crashdate","crashlocation","crashseverity","crashseverityid","datecrashreported","dayofweek","gender","injuries","instanceid","lightconditionsprimary","localreportno","mannerofcrash","roadconditionsprimary","roadcontour","roadsurface","sna_neighborhood","typeofperson","weather","zip","injury_type_num","cost","dist","cell_id","lat_cell","long_cell","hood","hood_id"
"35XX SCHWARTZE AV",39.145681,-84.616447,"51-60","WESTWOOD","WESTWOOD","10/16/2017 06:15:00 AM +0000","10 - DRIVEWAY/ALLEY ACCESS","2 - INJURY",2,"10/17/2017 08:47:58 PM +0000","MON","F - FEMALE","3 - NON-INCAPACITATING","5F893A81-0FDC-45A9-A1C4-AC7940300B41","2 - DAWN","175015800","1 - NOT COLLISION BETWEEN TWO MOTOR VEHICLES IN TRANSPORT","01 - DRY","1 - STRAIGHT LEVEL","2 - BLACKTOP, BITUMINOUS, ASPHALT","WESTWOOD","P - PEDESTRIAN","1 - CLEAR","45211",3,0.304,0.145039869156252,1100043,39.1457264851087,-84.6160836073244,"Westwood",204284
"15XX WILLIAM HOWARD TAFT RD",39.127473,-84.478995,"18-25","N/A","N/A","02/05/2018 04:30:00 PM +0000","02 - FOUR-WAY INTERSECTION","2 - INJURY",2,"05/04/2018 04:21:09 PM +0000","MON","M - MALE","2 - POSSIBLE","D4369A1A-6A03-4629-B1D1-25D39F4A612E","1 - DAYLIGHT","185006196","1 - NOT COLLISION BETWEEN TWO MOTOR VEHICLES IN TRANSPORT","01 - DRY","1 - STRAIGHT LEVEL","2 - BLACKTOP, BITUMINOUS, ASPHALT","N/A","P - PEDESTRIAN","1 - CLEAR","45206",2,1.103,0.0911690232360323,500036,39.1299856315178,-84.4805308403109,"Walnut Hills",204112
"4XX LUDLOW AV",39.144595,-84.525489,"18-25","N/A","N/A","09/24/2016 06:30:00 AM +0000","01 - NOT AN INTERSECTION","2 - INJURY",2,"09/24/2016 06:30:00 AM +0000","SAT","F - FEMALE","4 - INCAPACITATING","92B18250-5DB1-41A9-A286-251D1F3CBBF6","4 - DARK - LIGHTED ROADWAY","165015596","1 - NOT COLLISION BETWEEN TWO MOTOR VEHICLES IN TRANSPORT","01 - DRY","4 - CURVE GRADE","2 - BLACKTOP, BITUMINOUS, ASPHALT","N/A","P - PEDESTRIAN","2 - CLOUDY","45220",4,0.141,0.128619592844486,700042,39.1435000348546,-84.5257150961368,"Clifton",200052
"29XX MARKBREIT",39.151258,-84.43354,"18-25","N/A","N/A","11/28/2013 02:22:00 AM +0000","01 - NOT AN INTERSECTION","2 - INJURY",2,"11/28/2013 02:23:00 AM +0000","THU","M - MALE","3 - NON-INCAPACITATING","51176A7C-1D82-4407-901A-1A67A0BAD21E","4 - DARK - LIGHTED ROADWAY","135012395","1 - NOT COLLISION BETWEEN TWO MOTOR VEHICLES IN TRANSPORT","01 - DRY","1 - STRAIGHT LEVEL","2 - BLACKTOP, BITUMINOUS, ASPHALT","N/A","P - PEDESTRIAN","1 - CLEAR","45209",3,0.304,0.0919423265962072,290045,39.1502017582705,-84.4330874039134,"Oakley",202657
"12XX HERSCHEL AV",39.132913,-84.421433,"UNDER 18","N/A","N/A","02/21/2017 03:10:00 PM +0000","01 - NOT AN INTERSECTION","2 - INJURY",2,"02/21/2017 03:15:00 PM +0000","TUE","M - MALE","2 - POSSIBLE","C3AB61B0-1A3F-40E7-8478-702A70820CC4","1 - DAYLIGHT","175002516","1 - NOT COLLISION BETWEEN TWO MOTOR VEHICLES IN TRANSPORT","01 - DRY","1 - STRAIGHT LEVEL","2 - BLACKTOP, BITUMINOUS, ASPHALT","N/A","P - PEDESTRIAN","1 - CLEAR","45208",2,1.103,0.174313113615834,240037,39.1321908457455,-84.4217913553882,"Mt. Lookout",274623
"7XX DUTCH COLONY DR",39.189924,-84.515381,"UNDER 18","N/A","N/A","05/26/2014 02:38:00 PM +0000","01 - NOT AN INTERSECTION","2 - INJURY",2,"05/26/2014 02:40:00 PM +0000","MON","M - MALE","4 - INCAPACITATING","6FFA1569-DB32-4FD7-B90A-3525E0E4D91D","1 - DAYLIGHT","145004000","1 - NOT COLLISION BETWEEN TWO MOTOR VEHICLES IN TRANSPORT","01 - DRY","1 - STRAIGHT LEVEL","2 - BLACKTOP, BITUMINOUS, ASPHALT","N/A","P - PEDESTRIAN","1 - CLEAR","45232",4,0.141,0.15839790727383,650063,39.1907481141569,-84.5144190305201,"Winton Hills",276110
"33XX MONTGOMERY RD",39.138362,-84.472998,"UNDER 18","N/A","N/A","03/02/2017 02:55:00 PM +0000","03 - T-INTERSECTION","2 - INJURY",2,"03/02/2017 03:41:00 PM +0000","THU","M - MALE","3 - NON-INCAPACITATING","3F7C97CD-8ADA-4263-A0D0-7827097EECAE","1 - DAYLIGHT","175003037","1 - NOT COLLISION BETWEEN TWO MOTOR VEHICLES IN TRANSPORT","01 - DRY","1 - STRAIGHT LEVEL","2 - BLACKTOP, BITUMINOUS, ASPHALT","N/A","P - PEDESTRIAN","1 - CLEAR","45207",3,0.304,0.117313372046192,470040,39.1389819753059,-84.4737532039133,"Evanston",200632
"40XX W 8TH ST",39.107273,-84.586234,"18-25","WEST PRICE HILL","WEST PRICE HILL","01/25/2018 07:15:00 AM +0000","03 - T-INTERSECTION","2 - INJURY",2,"01/25/2018 07:21:00 AM +0000","THU","F - FEMALE","3 - NON-INCAPACITATING","C1E1F2E4-C14F-4B5B-9DB1-F01649570150","4 - DARK - LIGHTED ROADWAY","185001277","1 - NOT COLLISION BETWEEN TWO MOTOR VEHICLES IN TRANSPORT","01 - DRY","1 - STRAIGHT LEVEL","2 - BLACKTOP, BITUMINOUS, ASPHALT","WEST PRICE HILL","P - PEDESTRIAN","1 - CLEAR","45205",3,0.304,0.202748704951983,970026,39.1074917613407,-84.5867138489078,"West Price HIll",275981
"6XX FOREST AV",39.144659,-84.495531,"UNDER 18","N/A","N/A","06/14/2018 09:20:00 PM +0000","02 - FOUR-WAY INTERSECTION","2 - INJURY",2,"06/14/2018 09:26:00 PM +0000","THU","F - FEMALE","2 - POSSIBLE","C6DA4ECB-33DF-480D-AC7D-2E2BF568B775","4 - DARK - LIGHTED ROADWAY","185008333","1 - NOT COLLISION BETWEEN TWO MOTOR VEHICLES IN TRANSPORT","01 - DRY","1 - STRAIGHT LEVEL","2 - BLACKTOP, BITUMINOUS, ASPHALT","N/A","P - PEDESTRIAN","1 - CLEAR","45229",2,1.103,0.176240684423611,570043,39.1457426660581,-84.4963453275854,"Avondale",199345
"29XX GILBERT AV",39.13443,-84.48861,"31-40","WALNUT HILLS","WALNUT HILLS","08/07/2015 12:08:00 AM +0000","02 - FOUR-WAY INTERSECTION","2 - INJURY",2,"08/07/2015 12:08:00 AM +0000","FRI","M - MALE","3 - NON-INCAPACITATING","C8ACB27B-04C7-462F-8489-7DE2A61D1586","4 - DARK - LIGHTED ROADWAY","155010943","1 - NOT COLLISION BETWEEN TWO MOTOR VEHICLES IN TRANSPORT","01 - DRY","1 - STRAIGHT LEVEL","2 - BLACKTOP, BITUMINOUS, ASPHALT","WALNUT HILLS","P - PEDESTRIAN","2 - CLOUDY","45206",3,0.304,0.0987643194313295,540038,39.1344899089899,-84.4895676898099,"Walnut Hills",204112
"24XX MAY ST",39.126736,-84.495165,"26-30","WALNUT HILLS","WALNUT HILLS","11/24/2015 10:50:00 PM +0000","01 - NOT AN INTERSECTION","2 - INJURY",2,"11/24/2015 10:53:00 PM +0000","TUE","M - MALE","3 - NON-INCAPACITATING","B1D6D166-7632-404A-BDD9-66D7FD66F09E","4 - DARK - LIGHTED ROADWAY","155017193","1 - NOT COLLISION BETWEEN TWO MOTOR VEHICLES IN TRANSPORT","01 - DRY","1 - STRAIGHT LEVEL","2 - BLACKTOP, BITUMINOUS, ASPHALT","WALNUT HILLS","P - PEDESTRIAN","1 - CLEAR","45206",3,0.304,0.122317928118624,560035,39.1277417785387,-84.4940861149751,"Walnut Hills",204112
"3XX ROCKDALE AV",39.144426,-84.501457,"26-30","AVONDALE","AVONDALE","04/25/2017 08:00:00 AM +0000","01 - NOT AN INTERSECTION","2 - INJURY",2,"04/26/2017 10:45:00 AM +0000","TUE","F - FEMALE","2 - POSSIBLE","C281A959-0FCD-4E21-AAC2-A8AF3FE9B907","1 - DAYLIGHT","175006026","1 - NOT COLLISION BETWEEN TWO MOTOR VEHICLES IN TRANSPORT","01 - DRY","1 - STRAIGHT LEVEL","2 - BLACKTOP, BITUMINOUS, ASPHALT","AVONDALE","P - PEDESTRIAN","1 - CLEAR","45229",2,1.103,0.105750324500519,590042,39.1434942778487,-84.5008637530751,"Avondale",199345
"2XX W MCMILLAN ST",39.128383,-84.520979,"UNDER 18","CUF - HEIGHTS","FAIRVIEW","09/05/2013 03:30:00 PM +0000","01 - NOT AN INTERSECTION","2 - INJURY",2,"09/05/2013 03:35:00 PM +0000","THU","M - MALE","3 - NON-INCAPACITATING","14EC39D1-BB44-4DA8-A140-D22B64478E9B","1 - DAYLIGHT","135009926","1 - NOT COLLISION BETWEEN TWO MOTOR VEHICLES IN TRANSPORT","01 - DRY","1 - STRAIGHT LEVEL","2 - BLACKTOP, BITUMINOUS, ASPHALT","CUF","P - PEDESTRIAN","1 - CLEAR","45219",3,0.304,0.110321248608516,680035,39.1277493664531,-84.5211966698781,"CUF",273417
"22XX MONTANA AV",39.154405,-84.569063,"18-25","N/A","N/A","03/16/2016 12:58:00 AM +0000","01 - NOT AN INTERSECTION","2 - INJURY",2,"03/16/2016 03:42:25 AM +0000","WED","M - MALE","3 - NON-INCAPACITATING","D4811921-137D-4EB0-8AF1-BF54A030ADBC","4 - DARK - LIGHTED ROADWAY","165003919","1 - NOT COLLISION BETWEEN TWO MOTOR VEHICLES IN TRANSPORT","01 - DRY","4 - CURVE GRADE","2 - BLACKTOP, BITUMINOUS, ASPHALT","N/A","P - PEDESTRIAN","1 - CLEAR","45211",3,0.304,0.106468005070289,890047,39.1547475588387,-84.5686401463104,"East Westwood",273574
"42XX READING RD",39.158899,-84.474437,"UNKNOWN","PADDOCK HILLS","PADDOCK  HILLS","10/23/2015 07:55:00 PM +0000","03 - T-INTERSECTION","2 - INJURY",2,"10/23/2015 07:56:00 PM +0000","FRI","M - MALE","2 - POSSIBLE","54B55EC4-0560-49CC-9335-61FCAC765932","4 - DARK - LIGHTED ROADWAY","155015361","1 - NOT COLLISION BETWEEN TWO MOTOR VEHICLES IN TRANSPORT","01 - DRY","2 - STRAIGHT GRADE","2 - BLACKTOP, BITUMINOUS, ASPHALT","NORTH AVONDALE - PADDOCK HILLS","P - PEDESTRIAN","1 - CLEAR","45229",2,1.103,0.160159268485661,470049,39.159231990969,-84.4737532038416,"Paddock Hills",274942
"3XX CALHOUN ST",39.127815,-84.519962,"18-25","N/A","N/A","09/20/2014 03:25:00 AM +0000","01 - NOT AN INTERSECTION","2 - INJURY",2,"09/20/2014 04:14:55 AM +0000","SAT","M - MALE","3 - NON-INCAPACITATING","5A5D11D8-5BFB-4C7E-8266-0E710C0C7CD3","4 - DARK - LIGHTED ROADWAY","145008922","1 - NOT COLLISION BETWEEN TWO MOTOR VEHICLES IN TRANSPORT","01 - DRY","1 - STRAIGHT LEVEL","2 - BLACKTOP, BITUMINOUS, ASPHALT","N/A","P - PEDESTRIAN","1 - CLEAR","45221",3,0.304,0.201246014799999,670035,39.1277489739748,-84.518937456772,"CUF",273417
"15XX VINE ST",39.112665,-84.516577,"31-40","N/A","N/A","03/06/2017 03:56:00 PM +0000","02 - FOUR-WAY INTERSECTION","2 - INJURY",2,"03/06/2017 03:57:00 PM +0000","MON","F - FEMALE","3 - NON-INCAPACITATING","7A6FA522-40DE-4BF2-85ED-9231CF4EC1C7","1 - DAYLIGHT","175003297","1 - NOT COLLISION BETWEEN TWO MOTOR VEHICLES IN TRANSPORT","02 - WET","1 - STRAIGHT LEVEL","2 - BLACKTOP, BITUMINOUS, ASPHALT","N/A","P - PEDESTRIAN","4 - RAIN","45202",3,0.304,0.171496320726417,660028,39.1119985237487,-84.5166782437214,"Over-The-Rhine",202750
"35XX READING RD",39.145421,-84.491151,"61-70","AVONDALE","AVONDALE","10/04/2017 10:40:43 AM +0000","02 - FOUR-WAY INTERSECTION","2 - INJURY",2,"10/04/2017 10:55:03 AM +0000","WED","F - FEMALE","3 - NON-INCAPACITATING","170C76BF-4DE9-4558-9121-9BDCB9775426","1 - DAYLIGHT","175014994","1 - NOT COLLISION BETWEEN TWO MOTOR VEHICLES IN TRANSPORT","01 - DRY","1 - STRAIGHT LEVEL","2 - BLACKTOP, BITUMINOUS, ASPHALT","AVONDALE","P - PEDESTRIAN","1 - CLEAR","45229",3,0.304,0.115568672147442,550043,39.1457408778681,-84.4918269023199,"Avondale",199345
"13XX ARLINGTON ST",39.146807,-84.539166,"31-40","N/A","N/A","03/26/2014 11:45:00 AM +0000","01 - NOT AN INTERSECTION","2 - INJURY",2,"03/26/2014 11:48:00 AM +0000","WED","M - MALE","2 - POSSIBLE","1F65B9F0-07EA-4EB4-A88A-23A6045B1A23","1 - DAYLIGHT","145002360","1 - NOT COLLISION BETWEEN TWO MOTOR VEHICLES IN TRANSPORT","01 - DRY","2 - STRAIGHT GRADE","1 - CONCRETE","N/A","P - PEDESTRIAN","1 - CLEAR","45225",2,1.103,0.111086152906512,760043,39.1457509527917,-84.5392703753349,"Camp Washington",199841
"1XX W CENTRAL PY",39.106497,-84.516274,"OVER 70","N/A","N/A","12/11/2016 08:20:00 PM +0000","01 - NOT AN INTERSECTION","2 - INJURY",2,"12/12/2016 12:50:00 PM +0000","SUN","F - FEMALE","3 - NON-INCAPACITATING","B4CCA974-1A3A-4874-B139-EF30ADC6C6A3","6 - DARK – UNKNOWN ROADWAY LIGHTING","165020699","1 - NOT COLLISION BETWEEN TWO MOTOR VEHICLES IN TRANSPORT","99 - UNKNOWN","1 - STRAIGHT LEVEL","2 - BLACKTOP, BITUMINOUS, ASPHALT","N/A","P - PEDESTRIAN","9 - OTHER/UNKNOWN","45202",3,0.304,0.1271592134791,660026,39.1074985197021,-84.5166782437297,"Over-The-Rhine",202750
"9XX WOODLAWN AV",39.105,-84.56751,"61-70","N/A","N/A","12/25/2014 06:10:00 PM +0000","01 - NOT AN INTERSECTION","2 - INJURY",2,"12/25/2014 06:15:00 PM +0000","THU","M - MALE","2 - POSSIBLE","58133D76-BEFA-4490-A021-AF4489065668","5 - DARK – ROADWAY NOT LIGHTIED","145013676","1 - NOT COLLISION BETWEEN TWO MOTOR VEHICLES IN TRANSPORT","01 - DRY","1 - STRAIGHT LEVEL","2 - BLACKTOP, BITUMINOUS, ASPHALT","N/A","P - PEDESTRIAN","1 - CLEAR","45205",2,1.103,0.106199686269878,880025,39.1052480380563,-84.5663809332572,"East Price Hill",273561
"22XX RAVINE ST",39.123387,-84.525529,"UNDER 18","N/A","N/A","02/17/2017 03:47:00 PM +0000","01 - NOT AN INTERSECTION","2 - INJURY",2,"02/17/2017 03:53:00 PM +0000","FRI","M - MALE","3 - NON-INCAPACITATING","98604995-0440-4932-9D8B-E0AE7D8C4418","1 - DAYLIGHT","175002358","1 - NOT COLLISION BETWEEN TWO MOTOR VEHICLES IN TRANSPORT","01 - DRY","2 - STRAIGHT GRADE","2 - BLACKTOP, BITUMINOUS, ASPHALT","N/A","P - PEDESTRIAN","1 - CLEAR","45219",3,0.304,0.104135758374193,700033,39.1232500164992,-84.525715096165,"CUF",273417
"19XX W 8TH ST",39.10386,-84.547831,"41-50","N/A","N/A","12/23/2014 11:53:00 PM +0000","01 - NOT AN INTERSECTION","1 - FATAL INJURY",1,"12/23/2014 11:53:00 PM +0000","TUE","F - FEMALE","5 - FATAL","ED055F1D-0565-4EB1-A508-EC06E018D14F","4 - DARK - LIGHTED ROADWAY","145013515","2 - REAR-END","02 - WET","1 - STRAIGHT LEVEL","1 - CONCRETE","N/A","P - PEDESTRIAN","4 - RAIN","45204",5,0.046,0.15427312757063,800024,39.1030006520926,-84.5483072282113,"Lower Price Hill",276431
"24XX W NORTH BEND RD",39.127767,-84.55913,"UNDER 18","N/A","N/A","10/30/2014 07:44:00 AM +0000","03 - T-INTERSECTION","2 - INJURY",2,"10/30/2014 07:44:00 AM +0000","THU","F - FEMALE","4 - INCAPACITATING","AB23594D-30EC-44BB-8902-648B1CF5B116","2 - DAWN","145010897","1 - NOT COLLISION BETWEEN TWO MOTOR VEHICLES IN TRANSPORT","01 - DRY","2 - STRAIGHT GRADE","2 - BLACKTOP, BITUMINOUS, ASPHALT","N/A","P - PEDESTRIAN","2 - CLOUDY","45239",4,0.141,0.102060220060864,850035,39.1277493664501,-84.5596032940363,"South Fairmount",203599
"50XX SIDNEY RD",39.123357,-84.603421,"UNDER 18","N/A","N/A","11/22/2016 07:23:00 AM +0000","01 - NOT AN INTERSECTION","2 - INJURY",2,"11/22/2016 07:23:00 AM +0000","TUE","M - MALE","3 - NON-INCAPACITATING","9C755AA1-ABAF-47B5-98E4-215BBF880782","2 - DAWN","165019361","1 - NOT COLLISION BETWEEN TWO MOTOR VEHICLES IN TRANSPORT","01 - DRY","1 - STRAIGHT LEVEL","2 - BLACKTOP, BITUMINOUS, ASPHALT","N/A","P - PEDESTRIAN","1 - CLEAR","45238",3,0.304,0.184005042253514,1040033,39.1232344486913,-84.6025283357861,"West Price HIll",275981
"46XX NORTH EDGEWOOD AV",39.172641,-84.515821,"UNDER 18","N/A","N/A","09/22/2016 06:50:00 AM +0000","02 - FOUR-WAY INTERSECTION","2 - INJURY",2,"09/22/2016 07:55:43 AM +0000","THU","M - MALE","3 - NON-INCAPACITATING","BA1EEC08-390A-435D-BF6E-0659DD6819A8","2 - DAWN","165015447","1 - NOT COLLISION BETWEEN TWO MOTOR VEHICLES IN TRANSPORT","01 - DRY","1 - STRAIGHT LEVEL","2 - BLACKTOP, BITUMINOUS, ASPHALT","N/A","P - PEDESTRIAN","1 - CLEAR","45232",3,0.304,0.155608219480072,660055,39.1727485780795,-84.51667824361,"Winton Place",204406
"45XX GLENWAY AV",39.112935,-84.589605,"26-30","WEST PRICE HILL","WEST PRICE HILL","06/04/2016 07:50:00 PM +0000","01 - NOT AN INTERSECTION","2 - INJURY",2,"06/04/2016 07:55:00 PM +0000","SAT","M - MALE","2 - POSSIBLE","7078A12B-CBD9-4E2E-BCB4-5E0E2630BB72","3 - DUSK","165008768","1 - NOT COLLISION BETWEEN TWO MOTOR VEHICLES IN TRANSPORT","02 - WET","1 - STRAIGHT LEVEL","2 - BLACKTOP, BITUMINOUS, ASPHALT","WEST PRICE HILL","P - PEDESTRIAN","2 - CLOUDY","45205",2,1.103,0.0987869162026292,980028,39.1119908494876,-84.5889730615159,"West Price HIll",275981
"10XX ELM ST",39.105898,-84.517782,"51-60","N/A","N/A","12/03/2014 03:42:00 PM +0000","02 - FOUR-WAY INTERSECTION","2 - INJURY",2,"12/03/2014 03:43:00 PM +0000","WED","F - FEMALE","4 - INCAPACITATING","51F7A34C-E69E-424A-99C5-287C57486646","1 - DAYLIGHT","145012520","1 - NOT COLLISION BETWEEN TWO MOTOR VEHICLES IN TRANSPORT","01 - DRY","1 - STRAIGHT LEVEL","2 - BLACKTOP, BITUMINOUS, ASPHALT","N/A","P - PEDESTRIAN","1 - CLEAR","45202",4,0.141,0.0641728565424756,660025,39.1052485176777,-84.5166782437338,"Central Business District",273189
"20XX MADISON RD",39.133282,-84.462363,"41-50","N/A","N/A","12/04/2015 11:52:00 AM +0000","03 - T-INTERSECTION","2 - INJURY",2,"12/04/2015 11:54:00 AM +0000","FRI","F - FEMALE","4 - INCAPACITATING","28A16C90-F5A0-4407-A674-7277CAFFF6E1","1 - DAYLIGHT","155017761","1 - NOT COLLISION BETWEEN TWO MOTOR VEHICLES IN TRANSPORT","01 - DRY","1 - STRAIGHT LEVEL","2 - BLACKTOP, BITUMINOUS, ASPHALT","N/A","P - PEDESTRIAN","1 - CLEAR","45208",4,0.141,0.152243490755282,420037,39.1322249924541,-84.4624571450151,"Evanston",200632
"45XX W MITCHELL AV",39.169977,-84.515006,"31-40","SPRING GROVE VILLAGE","SPRING GROVE VILLAGE","10/27/2017 08:45:00 AM +0000","03 - T-INTERSECTION","2 - INJURY",2,"10/27/2017 09:00:00 AM +0000","FRI","M - MALE","4 - INCAPACITATING","0337049F-52AB-44F0-ABBD-0492E0FB99AE","1 - DAYLIGHT","175016395","1 - NOT COLLISION BETWEEN TWO MOTOR VEHICLES IN TRANSPORT","01 - DRY","1 - STRAIGHT LEVEL","2 - BLACKTOP, BITUMINOUS, ASPHALT","SPRING GROVE VILLAGE","P - PEDESTRIAN","1 - CLEAR","45232",4,0.141,0.170637145320232,650054,39.1704980962331,-84.5144190305595,"Winton Place",204406
"4XX KINGS RUN DR",39.177829,-84.510672,"31-40","N/A","N/A","09/18/2016 12:03:00 AM +0000","01 - NOT AN INTERSECTION","2 - INJURY",2,"09/18/2016 12:19:00 AM +0000","SUN","M - MALE","2 - POSSIBLE","E9BEB13E-2DB6-4186-8179-3CBA39A2035F","4 - DARK - LIGHTED ROADWAY","165015200","1 - NOT COLLISION BETWEEN TWO MOTOR VEHICLES IN TRANSPORT","01 - DRY","1 - STRAIGHT LEVEL","2 - BLACKTOP, BITUMINOUS, ASPHALT","N/A","P - PEDESTRIAN","1 - CLEAR","45232",2,1.103,0.15157549764797,630057,39.1772470116069,-84.5099006045349,"Winton Place",204406
"XX E LIBERTY",39.113556,-84.514378,"UNKNOWN","OTR","OVER-THE-RHINE","04/24/2013 09:42:00 AM +0000","01 - NOT AN INTERSECTION","2 - INJURY",2,"04/24/2013 09:58:00 AM +0000","WED","M - MALE","3 - NON-INCAPACITATING","4B628E2C-7518-4BF2-BFDA-76AE33D4A44A","1 - DAYLIGHT","135004945","1 - NOT COLLISION BETWEEN TWO MOTOR VEHICLES IN TRANSPORT","02 - WET","1 - STRAIGHT LEVEL","2 - BLACKTOP, BITUMINOUS, ASPHALT","OVER-THE-RHINE","P - PEDESTRIAN","4 - RAIN","45202",3,0.304,0.0864149811913835,650029,39.1142480461222,-84.5144190306687,"Over-The-Rhine",202750
"13XX WALNUT ST",39.109709,-84.514055,"31-40","OTR","OVER-THE-RHINE","07/29/2017 12:01:00 AM +0000","02 - FOUR-WAY INTERSECTION","2 - INJURY",2,"07/29/2017 12:08:00 AM +0000","SAT","F - FEMALE","3 - NON-INCAPACITATING","B58088D6-5338-478C-824B-63652F517064","4 - DARK - LIGHTED ROADWAY","175011270","1 - NOT COLLISION BETWEEN TWO MOTOR VEHICLES IN TRANSPORT","01 - DRY","1 - STRAIGHT LEVEL","1 - CONCRETE","OVER-THE-RHINE","P - PEDESTRIAN","1 - CLEAR","45202",3,0.304,0.19256559898794,650027,39.1097480420928,-84.5144190306774,"Over-The-Rhine",202750
"22XX HARRISON AV",39.136464,-84.576652,"18-25","N/A","N/A","08/25/2014 04:25:00 PM +0000","03 - T-INTERSECTION","2 - INJURY",2,"08/25/2014 04:26:00 PM +0000","MON","F - FEMALE","3 - NON-INCAPACITATING","A1C26560-1AFF-46FA-9D5B-4FBEAF62D4D5","1 - DAYLIGHT","145007785","1 - NOT COLLISION BETWEEN TWO MOTOR VEHICLES IN TRANSPORT","01 - DRY","1 - STRAIGHT LEVEL","2 - BLACKTOP, BITUMINOUS, ASPHALT","N/A","P - PEDESTRIAN","2 - CLOUDY","45211",3,0.304,0.193022000493797,930039,39.1367450134091,-84.5776769979944,"Westwood",204284
"7XX READING RD",39.110421,-84.503873,"18-25","N/A","N/A","06/11/2016 09:30:00 AM +0000","02 - FOUR-WAY INTERSECTION","2 - INJURY",2,"06/11/2016 09:40:00 AM +0000","SAT","F - FEMALE","2 - POSSIBLE","8FF91EBD-1D7C-44E1-804F-24E0AE2CAC1E","1 - DAYLIGHT","165009132","1 - NOT COLLISION BETWEEN TWO MOTOR VEHICLES IN TRANSPORT","01 - DRY","1 - STRAIGHT LEVEL","1 - CONCRETE","N/A","P - PEDESTRIAN","1 - CLEAR","45202",2,1.103,0.133867425431041,600027,39.1097449898829,-84.5031229659748,"Central Business District",273189
"61XX MONTGOMERY RD",39.182183,-84.427374,"51-60","N/A","N/A","03/22/2018 11:21:00 AM +0000","02 - FOUR-WAY INTERSECTION","2 - INJURY",2,"03/22/2018 11:22:00 AM +0000","THU","F - FEMALE","3 - NON-INCAPACITATING","768D756C-E3C1-4C1B-9291-64FB057E14FC","1 - DAYLIGHT","185003987","1 - NOT COLLISION BETWEEN TWO MOTOR VEHICLES IN TRANSPORT","01 - DRY","1 - STRAIGHT LEVEL","2 - BLACKTOP, BITUMINOUS, ASPHALT","N/A","P - PEDESTRIAN","1 - CLEAR","45213",3,0.304,0.0941196764546656,260059,39.1816953627268,-84.4263097742127,"Pleasant Ridge",202946
"2XX CALHOUN ST",39.128444,-84.517791,"18-25","N/A","N/A","09/08/2016 10:21:00 PM +0000","01 - NOT AN INTERSECTION","2 - INJURY",2,"09/08/2016 10:21:00 PM +0000","THU","M - MALE","4 - INCAPACITATING","884EA74D-D4A0-47E0-A1E6-6B4F80A00178","4 - DARK - LIGHTED ROADWAY","165014649","9 - UNKNOWN","02 - WET","1 - STRAIGHT LEVEL","2 - BLACKTOP, BITUMINOUS, ASPHALT","N/A","P - PEDESTRIAN","4 - RAIN","45219",4,0.141,0.183945045028763,660035,39.1277485378878,-84.5166782436926,"CUF",273417
"9XX MAIN ST",39.106746,-84.511605,"31-40","N/A","N/A","09/25/2016 11:18:31 PM +0000","02 - FOUR-WAY INTERSECTION","2 - INJURY",2,"09/25/2016 11:19:32 PM +0000","SUN","F - FEMALE","2 - POSSIBLE","F85CAAF7-8C28-4554-8035-DC5813F92B12","4 - DARK - LIGHTED ROADWAY","165015680","1 - NOT COLLISION BETWEEN TWO MOTOR VEHICLES IN TRANSPORT","01 - DRY","1 - STRAIGHT LEVEL","1 - CONCRETE","N/A","P - PEDESTRIAN","1 - CLEAR","45202",2,1.103,0.12834321608616,640026,39.1074975168496,-84.512159817666,"Over-The-Rhine",202750
"30XX WOODBURN AV",39.132301,-84.476385,"UNDER 18","N/A","N/A","02/22/2018 07:00:30 PM +0000","01 - NOT AN INTERSECTION","2 - INJURY",2,"02/22/2018 07:11:15 PM +0000","THU","M - MALE","3 - NON-INCAPACITATING","CB644DE1-C7B2-44F1-A3BA-052FA9004020","4 - DARK - LIGHTED ROADWAY","185002638","1 - NOT COLLISION BETWEEN TWO MOTOR VEHICLES IN TRANSPORT","01 - DRY","1 - STRAIGHT LEVEL","2 - BLACKTOP, BITUMINOUS, ASPHALT","N/A","P - PEDESTRIAN","2 - CLOUDY","45206",3,0.304,0.267033822660469,480037,39.1322332347665,-84.4760124159804,"Evanston",200632
"29XX GILBERT AV",39.133333,-84.488129,"41-50","N/A","N/A","09/07/2017 03:24:00 PM +0000","10 - DRIVEWAY/ALLEY ACCESS","2 - INJURY",2,"09/07/2017 03:29:00 PM +0000","THU","F - FEMALE","2 - POSSIBLE","9CA126A0-311C-4EB1-9ED3-EB3E77C4FB6E","1 - DAYLIGHT","175013478","1 - NOT COLLISION BETWEEN TWO MOTOR VEHICLES IN TRANSPORT","01 - DRY","1 - STRAIGHT LEVEL","2 - BLACKTOP, BITUMINOUS, ASPHALT","N/A","P - PEDESTRIAN","2 - CLOUDY","45206",2,1.103,0.108528537343672,530037,39.1322389040826,-84.4873084773369,"Walnut Hills",204112