"address_x","lat","long","age","community_council_neighborhood","cpd_neighborhood","crashdate","crashlocation","crashseverity","crashseverityid","datecrashreported","dayofweek","gender","injuries","instanceid","lightconditionsprimary","localreportno","mannerofcrash","roadconditionsprimary","roadcontour","roadsurface","sna_neighborhood","typeofperson","weather","zip","injury_type_num","cost","dist","cell_id","lat_cell","long_cell","hood","hood_id"
"XX W MCMILLAN ST",39.127236,-84.515093,"18-25","N/A","N/A","01/29/2015 09:52:32 PM +0000","02 - FOUR-WAY INTERSECTION","2 - INJURY",2,"01/29/2015 09:52:43 PM +0000","THU","M - MALE","2 - POSSIBLE","4F6529D1-E466-430A-A1E7-8D14B96D0411","4 - DARK - LIGHTED ROADWAY","155001274","1 - NOT COLLISION BETWEEN TWO MOTOR VEHICLES IN TRANSPORT","02 - WET","1 - STRAIGHT LEVEL","1 - CONCRETE","N/A","P - PEDESTRIAN","4 - RAIN","45219",2,1.103,0.127656008258082,650035,39.1277480581921,-84.5144190306425,"CUF",273417
"17XX WESTWOOD NORTHERN BV",39.138263,-84.548585,"UNDER 18","N/A","N/A","10/02/2017 02:40:00 PM +0000","01 - NOT AN INTERSECTION","2 - INJURY",2,"10/02/2017 02:40:00 PM +0000","MON","M - MALE","3 - NON-INCAPACITATING","36E3E7CD-753F-4503-B287-6529A47FDFA8","1 - DAYLIGHT","175014901","1 - NOT COLLISION BETWEEN TWO MOTOR VEHICLES IN TRANSPORT","01 - DRY","2 - STRAIGHT GRADE","2 - BLACKTOP, BITUMINOUS, ASPHALT","N/A","P - PEDESTRIAN","1 - CLEAR","45225",3,0.304,0.148183072445803,800040,39.1390006849634,-84.5483072282026,"East Westwood",273574
"17XX WESTWOOD NORTHERN",39.139716,-84.549996,"UNDER 18","N/A","N/A","01/29/2013 08:03:00 AM +0000","01 - NOT AN INTERSECTION","2 - INJURY",2,"01/29/2013 08:03:00 AM +0000","TUE","M - MALE","3 - NON-INCAPACITATING","DBBCED6D-A10A-4DA0-9FB6-2FA021396E61","1 - DAYLIGHT","135001151","1 - NOT COLLISION BETWEEN TWO MOTOR VEHICLES IN TRANSPORT","02 - WET","4 - CURVE GRADE","2 - BLACKTOP, BITUMINOUS, ASPHALT","N/A","P - PEDESTRIAN","4 - RAIN","45225",3,0.304,0.103612534686283,810040,39.1390005105141,-84.5505664414009,"North Fairmount",274707
"49XX READING",39.176663,-84.466418,"41-50","N/A","N/A","03/20/2014 08:07:00 PM +0000","02 - FOUR-WAY INTERSECTION","2 - INJURY",2,"03/20/2014 08:07:00 PM +0000","THU","M - MALE","2 - POSSIBLE","A4F4BA45-B7E0-40D7-963E-62277062AFB3","1 - DAYLIGHT","145002233","9 - UNKNOWN","01 - DRY","1 - STRAIGHT LEVEL","1 - CONCRETE","N/A","P - PEDESTRIAN","1 - CLEAR","45237",2,1.103,0.106394929248652,440057,39.1772279477873,-84.4669755681468,"Bond Hill",199607
"27XX QUEEN CITY",39.131078,-84.592045,"UNDER 18","N/A","N/A","04/24/2013 03:41:00 PM +0000","02 - FOUR-WAY INTERSECTION","3 - PROPERTY DAMAGE ONLY (PDO)",3,"04/24/2013 03:41:00 PM +0000","WED","F - FEMALE","1 - NO INJURY / NONE REPORTED","6AE7F81C-BDC6-4950-9FA1-57283955FF9B","1 - DAYLIGHT","135004964","1 - NOT COLLISION BETWEEN TWO MOTOR VEHICLES IN TRANSPORT","01 - DRY","2 - STRAIGHT GRADE","2 - BLACKTOP, BITUMINOUS, ASPHALT","N/A","P - PEDESTRIAN","2 - CLOUDY","45238",1,10.082,0.106237204047575,990036,39.1299899052323,-84.591232274088,"Westwood",204284
"9XX WELLS ST",39.109109,-84.568939,"26-30","N/A","N/A","07/03/2017 11:16:59 AM +0000","01 - NOT AN INTERSECTION","2 - INJURY",2,"07/03/2017 11:20:37 AM +0000","MON","M - MALE","3 - NON-INCAPACITATING","32BFFE2D-10EE-43D1-8FEE-CA5E971210B6","1 - DAYLIGHT","175009865","1 - NOT COLLISION BETWEEN TWO MOTOR VEHICLES IN TRANSPORT","01 - DRY","1 - STRAIGHT LEVEL","2 - BLACKTOP, BITUMINOUS, ASPHALT","N/A","P - PEDESTRIAN","1 - CLEAR","45205",3,0.304,0.196289340953965,890027,39.1097475188524,-84.5686401462761,"East Price Hill",273561
"2XX KINSEY AV",39.124285,-84.504421,"UNDER 18","MOUNT AUBURN","MOUNT  AUBURN","04/25/2018 02:28:00 PM +0000","01 - NOT AN INTERSECTION","3 - PROPERTY DAMAGE ONLY (PDO)",3,"04/25/2018 04:30:00 PM +0000","WED","F - FEMALE","1 - NO INJURY / NONE REPORTED","9A311DC9-C993-48D7-8A76-DD8E5E44C497","1 - DAYLIGHT","185005734","1 - NOT COLLISION BETWEEN TWO MOTOR VEHICLES IN TRANSPORT","01 - DRY","1 - STRAIGHT LEVEL","2 - BLACKTOP, BITUMINOUS, ASPHALT","MT. AUBURN","P - PEDESTRIAN","1 - CLEAR","45219",1,10.082,0.127071240479581,610033,39.1232456993788,-84.5053821788024,"Mt. Auburn",274621
"30XX COLERAIN",39.138095,-84.537895,"51-60","CAMP WASHINGTON","CAMP  WASHINGTON","03/04/2013 12:20:00 PM +0000","02 - FOUR-WAY INTERSECTION","2 - INJURY",2,"03/04/2013 12:30:00 PM +0000","MON","F - FEMALE","2 - POSSIBLE","9E4D78B2-94C2-44FC-8816-F2A702074BB1","1 - DAYLIGHT","135002786","1 - NOT COLLISION BETWEEN TWO MOTOR VEHICLES IN TRANSPORT","01 - DRY","1 - STRAIGHT LEVEL","2 - BLACKTOP, BITUMINOUS, ASPHALT","CAMP WASHINGTON","P - PEDESTRIAN","1 - CLEAR","45225",2,1.103,0.132634258387202,750040,39.1390009030257,-84.5370111621204,"Camp Washington",199841
"XX E CENTRAL PY",39.107098,-84.513316,"26-30","N/A","N/A","02/17/2016 04:00:00 PM +0000","02 - FOUR-WAY INTERSECTION","2 - INJURY",2,"02/25/2016 03:05:42 PM +0000","WED","F - FEMALE","2 - POSSIBLE","462C8689-464E-4EE8-9128-5DCF6E33AAE4","1 - DAYLIGHT","165002425","1 - NOT COLLISION BETWEEN TWO MOTOR VEHICLES IN TRANSPORT","01 - DRY","1 - STRAIGHT LEVEL","1 - CONCRETE","N/A","P - PEDESTRIAN","1 - CLEAR","45202",2,1.103,0.213835869601452,650026,39.107498040077,-84.5144190306818,"Over-The-Rhine",202750
"33XX QUEEN CITY AV",39.1395,-84.610939,"51-60","N/A","N/A","02/21/2015 02:19:00 PM +0000","01 - NOT AN INTERSECTION","2 - INJURY",2,"02/21/2015 02:20:00 PM +0000","SAT","F - FEMALE","2 - POSSIBLE","DD480A39-027E-4E47-A403-641ABCFEAA69","1 - DAYLIGHT","155002400","1 - NOT COLLISION BETWEEN TWO MOTOR VEHICLES IN TRANSPORT","03 - SNOW","4 - CURVE GRADE","2 - BLACKTOP, BITUMINOUS, ASPHALT","N/A","P - PEDESTRIAN","6 - SNOW","45238",2,1.103,0.114120963510041,1080040,39.1389793149472,-84.6115651838235,"Westwood",204284
"19XX NORTH BEND",39.204135,-84.557063,"51-60","N/A","N/A","03/18/2014 02:58:57 PM +0000","03 - T-INTERSECTION","2 - INJURY",2,"03/18/2014 02:59:13 PM +0000","TUE","F - FEMALE","3 - NON-INCAPACITATING","0CD6F3E1-0A8A-4F7D-87DC-2FCDF7B82E2B","1 - DAYLIGHT","145002155","1 - NOT COLLISION BETWEEN TWO MOTOR VEHICLES IN TRANSPORT","01 - DRY","1 - STRAIGHT LEVEL","2 - BLACKTOP, BITUMINOUS, ASPHALT","N/A","P - PEDESTRIAN","1 - CLEAR","45224",3,0.304,0.16709572980569,830069,39.2042500895435,-84.5550848677635,"College Hill",200100
"13XX W NORTH BEND RD",39.202601,-84.538339,"31-40","COLLEGE HILL","COLLEGE  HILL","09/29/2017 07:40:56 AM +0000","02 - FOUR-WAY INTERSECTION","2 - INJURY",2,"09/29/2017 07:50:30 AM +0000","FRI","F - FEMALE","2 - POSSIBLE","0E2BB6BE-4873-4E03-92E3-B21EFB63826A","1 - DAYLIGHT","175014698","1 - NOT COLLISION BETWEEN TWO MOTOR VEHICLES IN TRANSPORT","01 - DRY","1 - STRAIGHT LEVEL","2 - BLACKTOP, BITUMINOUS, ASPHALT","COLLEGE HILL","P - PEDESTRIAN","1 - CLEAR","45224",2,1.103,0.101178865399347,760068,39.2020010038027,-84.5392703752954,"College Hill",200100
"33XX WHITFIELD AV",39.143552,-84.554021,"18-25","N/A","N/A","05/28/2018 09:35:00 AM +0000","02 - FOUR-WAY INTERSECTION","2 - INJURY",2,"05/28/2018 09:39:00 AM +0000","MON","F - FEMALE","3 - NON-INCAPACITATING","E543D61F-3A55-4B9C-A403-7DA3DFA3035B","1 - DAYLIGHT","185007481","1 - NOT COLLISION BETWEEN TWO MOTOR VEHICLES IN TRANSPORT","01 - DRY","2 - STRAIGHT GRADE","2 - BLACKTOP, BITUMINOUS, ASPHALT","N/A","P - PEDESTRIAN","1 - CLEAR","45220",3,0.304,0.104868948527426,830042,39.1435000348523,-84.5550848677573,"East Westwood",273574
"XX E MCMILLAN ST",39.126438,-84.508411,"26-30","MOUNT AUBURN","CORRYVILLE","12/08/2017 05:28:00 PM +0000","02 - FOUR-WAY INTERSECTION","2 - INJURY",2,"12/08/2017 05:28:00 PM +0000","FRI","M - MALE","3 - NON-INCAPACITATING","4B6A62AC-2400-4194-9198-A2B4A78861D4","4 - DARK - LIGHTED ROADWAY","175018741","1 - NOT COLLISION BETWEEN TWO MOTOR VEHICLES IN TRANSPORT","01 - DRY","1 - STRAIGHT LEVEL","2 - BLACKTOP, BITUMINOUS, ASPHALT","CORRYVILLE","P - PEDESTRIAN","1 - CLEAR","45219",3,0.304,0.100618512703866,620034,39.1254963554707,-84.5076413917015,"Mt. Auburn",274621
"39XX GLENWAY AV",39.114868,-84.577727,"UNDER 18","N/A","N/A","01/26/2016 10:00:00 PM +0000","03 - T-INTERSECTION","2 - INJURY",2,"02/04/2016 02:00:00 PM +0000","TUE","M - MALE","3 - NON-INCAPACITATING","0443F69F-73C9-4D45-B95B-259A8E7C4E5E","4 - DARK - LIGHTED ROADWAY","165001783","1 - NOT COLLISION BETWEEN TWO MOTOR VEHICLES IN TRANSPORT","01 - DRY","1 - STRAIGHT LEVEL","2 - BLACKTOP, BITUMINOUS, ASPHALT","N/A","P - PEDESTRIAN","1 - CLEAR","45205",3,0.304,0.105555475259037,930029,39.1142449938065,-84.577676997968,"West Price HIll",275981
"32XX READING",39.15078,-84.49545,"51-60","AVONDALE - NORTH AVONDALE","NORTH AVONDALE","04/16/2014 12:37:00 AM +0000","01 - NOT AN INTERSECTION","2 - INJURY",2,"04/16/2014 12:50:00 AM +0000","WED","M - MALE","2 - POSSIBLE","F7E26DC5-32AB-4914-919D-5C286FCF9A09","4 - DARK - LIGHTED ROADWAY","145002876","1 - NOT COLLISION BETWEEN TWO MOTOR VEHICLES IN TRANSPORT","01 - DRY","4 - CURVE GRADE","2 - BLACKTOP, BITUMINOUS, ASPHALT","AVONDALE","P - PEDESTRIAN","1 - CLEAR","45229",2,1.103,0.11771359851183,570045,39.1502426698872,-84.4963453275731,"North Avondale",274686
"48XX WINNESTE AV",39.180026,-84.509743,"UNDER 18","WINTON HILLS","WINTON HILLS","09/12/2016 01:56:00 PM +0000","01 - NOT AN INTERSECTION","2 - INJURY",2,"09/12/2016 01:58:00 PM +0000","MON","M - MALE","3 - NON-INCAPACITATING","94B4BB45-5492-4799-8B94-30ED7F1A1E71","1 - DAYLIGHT","165014842","1 - NOT COLLISION BETWEEN TWO MOTOR VEHICLES IN TRANSPORT","01 - DRY","4 - CURVE GRADE","2 - BLACKTOP, BITUMINOUS, ASPHALT","WINTON HILLS","P - PEDESTRIAN","1 - CLEAR","45232",3,0.304,0.102322643059582,630058,39.1794970135816,-84.5099006045301,"Winton Hills",276110
"3XX LUDLOW AV",39.143966,-84.521611,"51-60","N/A","N/A","02/12/2013 10:00:00 AM +0000","03 - T-INTERSECTION","2 - INJURY",2,"02/12/2013 10:01:00 AM +0000","TUE","M - MALE","2 - POSSIBLE","07BACE66-B5C3-4EDF-BAA0-9274E4C03C72","1 - DAYLIGHT","135001884","1 - NOT COLLISION BETWEEN TWO MOTOR VEHICLES IN TRANSPORT","01 - DRY","1 - STRAIGHT LEVEL","2 - BLACKTOP, BITUMINOUS, ASPHALT","N/A","P - PEDESTRIAN","1 - CLEAR","45220",2,1.103,0.110495035795511,680042,39.1434993806495,-84.5211966698527,"Clifton",200052
"25XX JEFFERSON AV",39.129495,-84.511335,"18-25","CORRYVILLE - HEIGHTS","CLIFTON/UNIVERSITY HEIGHTS","09/18/2014 04:44:00 PM +0000","02 - FOUR-WAY INTERSECTION","2 - INJURY",2,"09/18/2014 04:45:00 PM +0000","THU","M - MALE","2 - POSSIBLE","BDA930C9-E3F3-44BB-AF91-3E517D5B460D","1 - DAYLIGHT","145008824","1 - NOT COLLISION BETWEEN TWO MOTOR VEHICLES IN TRANSPORT","01 - DRY","2 - STRAIGHT GRADE","2 - BLACKTOP, BITUMINOUS, ASPHALT","CUF","P - PEDESTRIAN","1 - CLEAR","45221",2,1.103,0.109672164668597,640036,39.1299975368881,-84.5121598176199,"CUF",273417
"14XX DALTON",39.111779,-84.537502,"18-25","N/A","N/A","04/03/2018 10:00:00 AM +0000","02 - FOUR-WAY INTERSECTION","2 - INJURY",2,"04/04/2018 08:52:43 AM +0000","TUE","M - MALE","3 - NON-INCAPACITATING","E9B851F0-A123-4717-932D-7B5C6ED43FD1","1 - DAYLIGHT","185004632","1 - NOT COLLISION BETWEEN TWO MOTOR VEHICLES IN TRANSPORT","01 - DRY","1 - STRAIGHT LEVEL","2 - BLACKTOP, BITUMINOUS, ASPHALT","N/A","P - PEDESTRIAN","4 - RAIN","45214",3,0.304,0.101367162113275,750028,39.1120008783485,-84.5370111621424,"West End",276647
"12XX LINN ST",39.111188,-84.529391,"31-40","N/A","N/A","05/12/2016 11:00:00 AM +0000","02 - FOUR-WAY INTERSECTION","2 - INJURY",2,"05/12/2016 11:10:00 AM +0000","THU","F - FEMALE","3 - NON-INCAPACITATING","3A4AC811-EDBD-4E02-A1BD-91A5317C8DFB","1 - DAYLIGHT","165007373","1 - NOT COLLISION BETWEEN TWO MOTOR VEHICLES IN TRANSPORT","01 - DRY","1 - STRAIGHT LEVEL","1 - CONCRETE","N/A","P - PEDESTRIAN","2 - CLOUDY","45203",3,0.304,0.0975102990956713,720028,39.1120004859154,-84.5302335225304,"West End",276647
"15XX DANA AV",39.146541,-84.474292,"26-30","N/A","N/A","09/13/2017 01:15:00 PM +0000","02 - FOUR-WAY INTERSECTION","2 - INJURY",2,"09/13/2017 01:15:00 PM +0000","WED","M - MALE","3 - NON-INCAPACITATING","95978A97-BE38-4431-82F8-E8BC40202936","1 - DAYLIGHT","175013835","1 - NOT COLLISION BETWEEN TWO MOTOR VEHICLES IN TRANSPORT","02 - WET","2 - STRAIGHT GRADE","2 - BLACKTOP, BITUMINOUS, ASPHALT","N/A","P - PEDESTRIAN","4 - RAIN","45229",3,0.304,0.181324838400298,470043,39.1457319805329,-84.4737532038894,"Evanston",200632
"46XX MARBURG AV",39.158819,-84.426452,"26-30","N/A","N/A","07/24/2016 01:00:00 PM +0000","01 - NOT AN INTERSECTION","2 - INJURY",2,"07/24/2016 01:32:00 PM +0000","SUN","M - MALE","2 - POSSIBLE","B5B4402A-09B7-4233-9730-F2D543F1FA81","1 - DAYLIGHT","165011636","1 - NOT COLLISION BETWEEN TWO MOTOR VEHICLES IN TRANSPORT","01 - DRY","1 - STRAIGHT LEVEL","2 - BLACKTOP, BITUMINOUS, ASPHALT","N/A","P - PEDESTRIAN","1 - CLEAR","45209",2,1.103,0.101680105907303,260049,39.1591953513245,-84.4263097743005,"Oakley",202657
"30XX ROBERTSON",39.155254,-84.431896,"51-60","N/A","N/A","04/01/2014 05:00:00 PM +0000","02 - FOUR-WAY INTERSECTION","2 - INJURY",2,"04/01/2014 05:05:00 PM +0000","TUE","M - MALE","3 - NON-INCAPACITATING","EFCCF2DF-1DD3-42DB-98D7-ECDE06FDDDD3","1 - DAYLIGHT","145002511","1 - NOT COLLISION BETWEEN TWO MOTOR VEHICLES IN TRANSPORT","01 - DRY","1 - STRAIGHT LEVEL","2 - BLACKTOP, BITUMINOUS, ASPHALT","N/A","P - PEDESTRIAN","1 - CLEAR","45209",3,0.304,0.0993482583671825,280047,39.1546996671409,-84.4308281938996,"Oakley",202657
"5XX SYCAMORE ST",39.102671,-84.507312,"51-60","DOWNTOWN","C. B. D. / RIVERFRONT","03/11/2015 06:45:00 AM +0000","02 - FOUR-WAY INTERSECTION","2 - INJURY",2,"03/12/2015 05:43:00 PM +0000","WED","M - MALE","3 - NON-INCAPACITATING","072DD5EE-2CF8-422C-8B3E-7CC5C069B604","2 - DAWN","155004310","1 - NOT COLLISION BETWEEN TWO MOTOR VEHICLES IN TRANSPORT","01 - DRY","1 - STRAIGHT LEVEL","2 - BLACKTOP, BITUMINOUS, ASPHALT","DOWNTOWN","P - PEDESTRIAN","1 - CLEAR","45202",3,0.304,0.109217539113694,620024,39.1029963356098,-84.5076413917523,"Central Business District",273189
"40XX GLENWAY",39.113713,-84.57885,"UNDER 18","N/A","N/A","03/11/2014 03:10:15 PM +0000","03 - T-INTERSECTION","3 - PROPERTY DAMAGE ONLY (PDO)",3,"03/11/2014 03:20:45 PM +0000","TUE","F - FEMALE","1 - NO INJURY / NONE REPORTED","8B1301B2-5C36-4138-AFB4-850ECF58A0A9","1 - DAYLIGHT","145001966","1 - NOT COLLISION BETWEEN TWO MOTOR VEHICLES IN TRANSPORT","01 - DRY","1 - STRAIGHT LEVEL","2 - BLACKTOP, BITUMINOUS, ASPHALT","N/A","P - PEDESTRIAN","1 - CLEAR","45205",1,10.082,0.210247943549201,940029,39.1142442525308,-84.5799362107818,"West Price HIll",275981
"52XX GLENWAY AV",39.123398,-84.602404,"UNDER 18","WEST PRICE HILL","WEST PRICE HILL","01/10/2017 03:00:00 PM +0000","02 - FOUR-WAY INTERSECTION","3 - PROPERTY DAMAGE ONLY (PDO)",3,"01/10/2017 07:27:55 PM +0000","TUE","F - FEMALE","1 - NO INJURY / NONE REPORTED","C6F95728-3122-4BDC-8F47-1133D98E7D14","1 - DAYLIGHT","175000521","1 - NOT COLLISION BETWEEN TWO MOTOR VEHICLES IN TRANSPORT","01 - DRY","1 - STRAIGHT LEVEL","2 - BLACKTOP, BITUMINOUS, ASPHALT","WEST PRICE HILL","P - PEDESTRIAN","1 - CLEAR","45238",1,10.082,0.184005042253514,1040033,39.1232344486913,-84.6025283357861,"West Price HIll",275981
"33XX JEFFERSON",39.14149,-84.5143,"31-40","N/A","N/A","10/10/2013 05:30:00 PM +0000","02 - FOUR-WAY INTERSECTION","2 - INJURY",2,"10/11/2013 01:40:00 AM +0000","THU","M - MALE","3 - NON-INCAPACITATING","C956384A-734C-4097-81F4-B1828C957D2A","1 - DAYLIGHT","135010992","1 - NOT COLLISION BETWEEN TWO MOTOR VEHICLES IN TRANSPORT","01 - DRY","2 - STRAIGHT GRADE","2 - BLACKTOP, BITUMINOUS, ASPHALT","N/A","P - PEDESTRIAN","1 - CLEAR","45220",3,0.304,0.111355137055013,650041,39.1412480702347,-84.5144190306163,"CUF",273417
"1XX NANSEN",39.199061,-84.476633,"UNDER 18","CARTHAGE","CARTHAGE","03/18/2014 12:24:00 PM +0000","01 - NOT AN INTERSECTION","2 - INJURY",2,"03/18/2014 12:24:00 PM +0000","TUE","M - MALE","3 - NON-INCAPACITATING","74587B2E-4AA7-49D0-8B01-62392A6D7FA7","1 - DAYLIGHT","145002149","1 - NOT COLLISION BETWEEN TWO MOTOR VEHICLES IN TRANSPORT","01 - DRY","1 - STRAIGHT LEVEL","2 - BLACKTOP, BITUMINOUS, ASPHALT","CARTHAGE","P - PEDESTRIAN","1 - CLEAR","45216",3,0.304,0.166695216610755,480067,39.1997332874439,-84.4760124157459,"Carthage",199885
"25XX JEFFERSON AV",39.127158,-84.510475,"OVER 70","CORRYVILLE - HEIGHTS","CLIFTON/UNIVERSITY HEIGHTS","05/28/2017 10:17:00 PM +0000","02 - FOUR-WAY INTERSECTION","2 - INJURY",2,"05/28/2017 10:17:00 PM +0000","SUN","F - FEMALE","3 - NON-INCAPACITATING","BD91F44E-7314-4258-A42F-86F6868A7C94","4 - DARK - LIGHTED ROADWAY","175008017","1 - NOT COLLISION BETWEEN TWO MOTOR VEHICLES IN TRANSPORT","02 - WET","1 - STRAIGHT LEVEL","2 - BLACKTOP, BITUMINOUS, ASPHALT","CUF","P - PEDESTRIAN","4 - RAIN","45221",3,0.304,0.13432532964,630035,39.1277469679745,-84.5099006046416,"Corryville",200172
"82XX VINE ST",39.211315,-84.475048,"18-25","HARTWELL","HARTWELL","03/11/2018 06:54:00 PM +0000","01 - NOT AN INTERSECTION","2 - INJURY",2,"03/11/2018 06:54:00 PM +0000","SUN","M - MALE","2 - POSSIBLE","FC792E57-09B9-4468-94D5-283BC11EA965","1 - DAYLIGHT","185003491","1 - NOT COLLISION BETWEEN TWO MOTOR VEHICLES IN TRANSPORT","01 - DRY","1 - STRAIGHT LEVEL","2 - BLACKTOP, BITUMINOUS, ASPHALT","HARTWELL","P - PEDESTRIAN","1 - CLEAR","45216",2,1.103,0.190920610668484,470072,39.210982030754,-84.4737532036584,"Hartwell",201193
"3XX FINDLAY ST",39.116012,-84.522793,"18-25","WEST END","WEST  END","12/11/2013 03:30:00 PM +0000","02 - FOUR-WAY INTERSECTION","2 - INJURY",2,"12/11/2013 03:30:00 PM +0000","WED","F - FEMALE","2 - POSSIBLE","39FB047A-2148-49DB-9AE4-57A1CAB900F5","1 - DAYLIGHT","135012778","1 - NOT COLLISION BETWEEN TWO MOTOR VEHICLES IN TRANSPORT","01 - DRY","1 - STRAIGHT LEVEL","1 - CONCRETE","WEST END","P - PEDESTRIAN","1 - CLEAR","45214",2,1.103,0.155021288735466,690030,39.1164997051309,-84.5234558830248,"West End",276647
"16XX GILSEY AV",39.119577,-84.581575,"51-60","WEST PRICE HILL","WEST PRICE HILL","12/14/2017 04:04:00 PM +0000","02 - FOUR-WAY INTERSECTION","2 - INJURY",2,"12/14/2017 04:04:00 PM +0000","THU","F - FEMALE","2 - POSSIBLE","AD65C289-C41B-4ED6-83BF-0CAB906A7014","1 - DAYLIGHT","175019072","1 - NOT COLLISION BETWEEN TWO MOTOR VEHICLES IN TRANSPORT","01 - DRY","2 - STRAIGHT GRADE","2 - BLACKTOP, BITUMINOUS, ASPHALT","WEST PRICE HILL","P - PEDESTRIAN","1 - CLEAR","45205",2,1.103,0.193687728089036,950031,39.1187434715273,-84.5821954235528,"West Price HIll",275981
"48XX READING RD",39.172663,-84.466778,"UNDER 18","N/A","N/A","01/18/2015 10:52:00 PM +0000","01 - NOT AN INTERSECTION","1 - FATAL INJURY",1,"01/18/2015 10:52:00 PM +0000","SUN","F - FEMALE","5 - FATAL","AF8F8921-55E1-4C3F-A72E-B8ED52ED1BF0","4 - DARK - LIGHTED ROADWAY","155000766","1 - NOT COLLISION BETWEEN TWO MOTOR VEHICLES IN TRANSPORT","01 - DRY","1 - STRAIGHT LEVEL","2 - BLACKTOP, BITUMINOUS, ASPHALT","N/A","P - PEDESTRIAN","1 - CLEAR","45237",5,0.046,0.103513455956805,440055,39.1727279444532,-84.4669755681635,"Bond Hill",199607
"8XX E CHEAPSIDE ST",39.106193,-84.508379,"31-40","DOWNTOWN","C. B. D. / RIVERFRONT","05/02/2013 03:05:00 PM +0000","01 - NOT AN INTERSECTION","2 - INJURY",2,"05/02/2013 03:05:00 PM +0000","THU","F - FEMALE","2 - POSSIBLE","88B36A0A-8AB8-4047-B66B-674C0B7BC2E2","1 - DAYLIGHT","135005314","1 - NOT COLLISION BETWEEN TWO MOTOR VEHICLES IN TRANSPORT","01 - DRY","1 - STRAIGHT LEVEL","1 - CONCRETE","DOWNTOWN","P - PEDESTRIAN","1 - CLEAR","45202",2,1.103,0.131526262057346,620025,39.1052463375992,-84.5076413917472,"Central Business District",273189
"20XX NORTH BEND",39.203774,-84.561633,"18-25","COLLEGE HILL","COLLEGE  HILL","06/06/2014 12:33:00 PM +0000","03 - T-INTERSECTION","2 - INJURY",2,"06/06/2014 12:35:00 PM +0000","FRI","F - FEMALE","4 - INCAPACITATING","8FF42B30-8A63-40BF-8A59-A5AFD5F5E8E6","1 - DAYLIGHT","145004395","1 - NOT COLLISION BETWEEN TWO MOTOR VEHICLES IN TRANSPORT","01 - DRY","1 - STRAIGHT LEVEL","2 - BLACKTOP, BITUMINOUS, ASPHALT","COLLEGE HILL","P - PEDESTRIAN","1 - CLEAR","45224",4,0.141,0.172125585974945,860068,39.2019990403577,-84.5618625071748,"College Hill",200100
"S I75 AT 8-6 MM",39.189156,-84.479581,"41-50","N/A","N/A","01/07/2013 03:26:00 PM +0000","01 - NOT AN INTERSECTION","3 - PROPERTY DAMAGE ONLY (PDO)",3,"01/07/2013 03:26:00 PM +0000","MON","M - MALE","1 - NO INJURY / NONE REPORTED","4018E40B-94BE-4E16-A2FE-22BA15786852","1 - DAYLIGHT","135000244","2 - REAR-END","01 - DRY","2 - STRAIGHT GRADE","1 - CONCRETE","N/A","P - PEDESTRIAN","1 - CLEAR","",1,10.082,0.118878442071021,500062,39.1884856782365,-84.4805308401158,"Bond Hill",199607
"36XX READING RD",39.148425,-84.488737,"51-60","AVONDALE - NORTH AVONDALE","NORTH AVONDALE","01/23/2018 06:18:00 PM +0000","02 - FOUR-WAY INTERSECTION","2 - INJURY",2,"01/23/2018 06:20:00 PM +0000","TUE","M - MALE","4 - INCAPACITATING","B03D9A9B-E2EE-4756-A12A-1E3AF9E368BE","4 - DARK - LIGHTED ROADWAY","185001224","1 - NOT COLLISION BETWEEN TWO MOTOR VEHICLES IN TRANSPORT","02 - WET","1 - STRAIGHT LEVEL","2 - BLACKTOP, BITUMINOUS, ASPHALT","AVONDALE","P - PEDESTRIAN","4 - RAIN","45229",4,0.141,0.189822815206632,540044,39.1479899202217,-84.4895676897692,"North Avondale",274686
"35XX MCHENRY AV",39.149831,-84.566471,"UNDER 18","EAST WESTWOOD","EAST  WESTWOOD","09/03/2018 12:15:00 AM +0000","01 - NOT AN INTERSECTION","2 - INJURY",2,"09/03/2018 12:20:00 AM +0000","MON","M - MALE","3 - NON-INCAPACITATING","FF8C1B05-AE9E-418E-8E67-8F3A1BF850F4","4 - DARK - LIGHTED ROADWAY","185012353","1 - NOT COLLISION BETWEEN TWO MOTOR VEHICLES IN TRANSPORT","01 - DRY","3 - CURVE LEVEL","2 - BLACKTOP, BITUMINOUS, ASPHALT","EAST WESTWOOD","P - PEDESTRIAN","1 - CLEAR","45225",3,0.304,0.113259257051728,880045,39.1502480782438,-84.5663809332867,"East Westwood",273574
"8XX WILLIAM HOWARD TAFT RD",39.127191,-84.489475,"UNDER 18","WALNUT HILLS","WALNUT HILLS","09/12/2016 05:20:00 PM +0000","02 - FOUR-WAY INTERSECTION","2 - INJURY",2,"09/12/2016 05:22:00 PM +0000","MON","M - MALE","3 - NON-INCAPACITATING","80DEA34C-0B93-4C51-BC4C-48172434537B","1 - DAYLIGHT","165014853","1 - NOT COLLISION BETWEEN TWO MOTOR VEHICLES IN TRANSPORT","01 - DRY","1 - STRAIGHT LEVEL","2 - BLACKTOP, BITUMINOUS, ASPHALT","WALNUT HILLS","P - PEDESTRIAN","1 - CLEAR","45206",3,0.304,0.119426029212238,540035,39.1277399033645,-84.4895676898303,"Walnut Hills",204112