"address_x","lat","long","age","community_council_neighborhood","cpd_neighborhood","crashdate","crashlocation","crashseverity","crashseverityid","datecrashreported","dayofweek","gender","injuries","instanceid","lightconditionsprimary","localreportno","mannerofcrash","roadconditionsprimary","roadcontour","roadsurface","sna_neighborhood","typeofperson","weather","zip","injury_type_num","cost","dist","cell_id","lat_cell","long_cell","hood","hood_id"
"30XX BURNET AV",39.134276,-84.501346,"31-40","AVONDALE","AVONDALE","05/15/2018 01:12:00 PM +0000","01 - NOT AN INTERSECTION","2 - INJURY",2,"05/15/2018 01:12:00 PM +0000","TUE","M - MALE","3 - NON-INCAPACITATING","8FD1BA99-75F3-4CFE-8C3E-D8ACA723DDB2","1 - DAYLIGHT","185006759","1 - NOT COLLISION BETWEEN TWO MOTOR VEHICLES IN TRANSPORT","01 - DRY","1 - STRAIGHT LEVEL","1 - CONCRETE","AVONDALE","P - PEDESTRIAN","1 - CLEAR","45219",3,0.304,0.0990311442875128,590038,39.1344942700738,-84.5008637530982,"Avondale",199345
"23XX HARRISON AV",39.134896,-84.575516,"UNDER 18","WESTWOOD","WESTWOOD","10/01/2016 06:08:00 PM +0000","01 - NOT AN INTERSECTION","2 - INJURY",2,"10/01/2016 06:13:00 PM +0000","SAT","M - MALE","3 - NON-INCAPACITATING","C15CEAB4-FB31-43D8-980D-1BE3C58D67A4","3 - DUSK","165016107","1 - NOT COLLISION BETWEEN TWO MOTOR VEHICLES IN TRANSPORT","01 - DRY","1 - STRAIGHT LEVEL","2 - BLACKTOP, BITUMINOUS, ASPHALT","WESTWOOD","P - PEDESTRIAN","2 - CLOUDY","45211",3,0.304,0.133149853936527,920038,39.134495709226,-84.5754177851299,"Westwood",204284
"26XX CLIFTON AV",39.129664,-84.521046,"26-30","N/A","N/A","12/19/2013 02:25:00 PM +0000","03 - T-INTERSECTION","2 - INJURY",2,"12/19/2013 02:26:00 PM +0000","THU","M - MALE","4 - INCAPACITATING","414120F5-DCC4-4A7A-84F3-CE1CB022B20E","1 - DAYLIGHT","135012987","1 - NOT COLLISION BETWEEN TWO MOTOR VEHICLES IN TRANSPORT","01 - DRY","1 - STRAIGHT LEVEL","2 - BLACKTOP, BITUMINOUS, ASPHALT","N/A","P - PEDESTRIAN","2 - CLOUDY","45221",4,0.141,0.194041347980605,680036,39.1299993684835,-84.5211966698744,"CUF",273417
"N I75 AT 2-4 MM",39.123504,-84.534995,"51-60","N/A","N/A","07/14/2016 10:53:00 AM +0000","07 - ON RAMP","1 - FATAL INJURY",1,"07/14/2016 10:53:00 AM +0000","THU","M - MALE","5 - FATAL","C3B6B0FE-DC32-49E5-88E3-3F37DDA56936","1 - DAYLIGHT","165011046","2 - REAR-END","01 - DRY","4 - CURVE GRADE","2 - BLACKTOP, BITUMINOUS, ASPHALT","N/A","P - PEDESTRIAN","1 - CLEAR","45214",5,0.046,0.106849979760141,740033,39.1232508014298,-84.53475194892,"West End",276647
"26XX BURNET AV",39.129891,-84.502098,"26-30","MOUNT AUBURN","WALNUT HILLS","06/08/2016 11:32:10 PM +0000","02 - FOUR-WAY INTERSECTION","2 - INJURY",2,"06/08/2016 11:32:38 PM +0000","WED","F - FEMALE","3 - NON-INCAPACITATING","DA6AF0F3-1295-4525-9363-2173E7165FEB","4 - DARK - LIGHTED ROADWAY","165008991","1 - NOT COLLISION BETWEEN TWO MOTOR VEHICLES IN TRANSPORT","01 - DRY","2 - STRAIGHT GRADE","1 - CONCRETE","AVONDALE","P - PEDESTRIAN","1 - CLEAR","45219",3,0.304,0.0981104404414378,600036,39.129995007542,-84.503122965925,"Corryville",200172
"67XX BRAMBLE AV",39.150781,-84.383126,"18-25","N/A","N/A","11/10/2016 02:30:00 PM +0000","01 - NOT AN INTERSECTION","2 - INJURY",2,"11/10/2016 02:31:00 PM +0000","THU","M - MALE","3 - NON-INCAPACITATING","03879275-0B0C-4D41-B03D-6B2B0AE5C16C","1 - DAYLIGHT","165018639","1 - NOT COLLISION BETWEEN TWO MOTOR VEHICLES IN TRANSPORT","01 - DRY","1 - STRAIGHT LEVEL","2 - BLACKTOP, BITUMINOUS, ASPHALT","N/A","P - PEDESTRIAN","1 - CLEAR","45227",3,0.304,0.0899317813949709,70045,39.1501456247961,-84.3833848196868,"Madisonville",201948
"13XX MAIN ST",39.109202,-84.516119,"31-40","N/A","N/A","10/08/2015 08:44:33 PM +0000","01 - NOT AN INTERSECTION","2 - INJURY",2,"10/08/2015 08:50:34 PM +0000","THU","M - MALE","3 - NON-INCAPACITATING","5D4A9BD1-F124-46A2-8C47-73162DC2F24A","4 - DARK - LIGHTED ROADWAY","155014643","1 - NOT COLLISION BETWEEN TWO MOTOR VEHICLES IN TRANSPORT","01 - DRY","1 - STRAIGHT LEVEL","1 - CONCRETE","N/A","P - PEDESTRIAN","1 - CLEAR","45202",3,0.304,0.0948555443639749,660027,39.1097485217258,-84.5166782437256,"Over-The-Rhine",202750
"24XX WESTWOOD NORTHERN BV",39.145248,-84.574355,"18-25","N/A","N/A","07/24/2016 07:06:00 PM +0000","01 - NOT AN INTERSECTION","2 - INJURY",2,"07/24/2016 07:06:00 PM +0000","SUN","M - MALE","4 - INCAPACITATING","37EA2D31-608B-4EA8-AAD9-624812F4304B","1 - DAYLIGHT","165011653","1 - NOT COLLISION BETWEEN TWO MOTOR VEHICLES IN TRANSPORT","01 - DRY","2 - STRAIGHT GRADE","2 - BLACKTOP, BITUMINOUS, ASPHALT","N/A","P - PEDESTRIAN","1 - CLEAR","45211",4,0.141,0.194744241236756,920043,39.1457457190601,-84.5754177851419,"Westwood",204284
"36XX READING RD",39.14867,-84.51256,"31-40","N/A","N/A","09/07/2015 08:00:00 PM +0000","10 - DRIVEWAY/ALLEY ACCESS","2 - INJURY",2,"09/07/2015 08:11:00 PM +0000","MON","F - FEMALE","2 - POSSIBLE","536BB23E-D403-448A-8AA5-A99C2944202E","1 - DAYLIGHT","155012725","1 - NOT COLLISION BETWEEN TWO MOTOR VEHICLES IN TRANSPORT","01 - DRY","1 - STRAIGHT LEVEL","2 - BLACKTOP, BITUMINOUS, ASPHALT","N/A","P - PEDESTRIAN","1 - CLEAR","45229",2,1.103,0.141567848679411,640044,39.1479975528645,-84.512159817583,"Clifton",200052
"27XX W NORTH BEND RD",39.188621,-84.577713,"UNDER 18","N/A","N/A","05/31/2017 09:25:57 AM +0000","01 - NOT AN INTERSECTION","2 - INJURY",2,"05/31/2017 09:25:59 AM +0000","WED","M - MALE","2 - POSSIBLE","683E1B54-5963-4892-B57D-E8E30F0B6C51","1 - DAYLIGHT","175008145","1 - NOT COLLISION BETWEEN TWO MOTOR VEHICLES IN TRANSPORT","01 - DRY","1 - STRAIGHT LEVEL","2 - BLACKTOP, BITUMINOUS, ASPHALT","N/A","P - PEDESTRIAN","1 - CLEAR","45239",2,1.103,0.0979814118014851,930062,39.1884950582143,-84.5776769980552,"Mt. Airy",274620
"25XX HIGHLAND AV",39.126717,-84.502559,"18-25","MOUNT AUBURN","CORRYVILLE","11/28/2016 05:45:00 PM +0000","02 - FOUR-WAY INTERSECTION","2 - INJURY",2,"11/28/2016 05:46:00 PM +0000","MON","F - FEMALE","2 - POSSIBLE","B60CBFDB-1E49-4628-BABC-9CF6FBB0214B","4 - DARK - LIGHTED ROADWAY","165019799","1 - NOT COLLISION BETWEEN TWO MOTOR VEHICLES IN TRANSPORT","02 - WET","1 - STRAIGHT LEVEL","2 - BLACKTOP, BITUMINOUS, ASPHALT","CORRYVILLE","P - PEDESTRIAN","4 - RAIN","45219",2,1.103,0.140647432171651,600035,39.1277450055828,-84.5031229659305,"Corryville",200172
"41XX HAMILTON AV",39.159996,-84.540028,"UNDER 18","N/A","N/A","09/15/2017 03:00:46 PM +0000","03 - T-INTERSECTION","2 - INJURY",2,"09/15/2017 03:20:53 PM +0000","FRI","F - FEMALE","2 - POSSIBLE","9283FE85-F393-4DE7-8088-36E8AE95AA58","1 - DAYLIGHT","175013993","1 - NOT COLLISION BETWEEN TWO MOTOR VEHICLES IN TRANSPORT","01 - DRY","1 - STRAIGHT LEVEL","2 - BLACKTOP, BITUMINOUS, ASPHALT","N/A","P - PEDESTRIAN","1 - CLEAR","45223",2,1.103,0.151376409735632,760049,39.1592509650786,-84.5392703753254,"Northside",274791
"35XX READING RD",39.143991,-84.48942,"31-40","AVONDALE","AVONDALE","04/03/2017 10:00:00 PM +0000","02 - FOUR-WAY INTERSECTION","2 - INJURY",2,"04/03/2017 10:02:00 PM +0000","MON","M - MALE","4 - INCAPACITATING","4471B234-AB59-44CC-9E5B-602572B07122","4 - DARK - LIGHTED ROADWAY","175004806","1 - NOT COLLISION BETWEEN TWO MOTOR VEHICLES IN TRANSPORT","02 - WET","1 - STRAIGHT LEVEL","2 - BLACKTOP, BITUMINOUS, ASPHALT","AVONDALE","P - PEDESTRIAN","4 - RAIN","45229",4,0.141,0.1191635052547,540042,39.1434899164806,-84.4895676897828,"Avondale",199345
"5XX MAIN ST",39.101973,-84.510692,"41-50","N/A","N/A","09/07/2016 08:52:00 AM +0000","02 - FOUR-WAY INTERSECTION","2 - INJURY",2,"09/07/2016 08:55:00 AM +0000","WED","F - FEMALE","2 - POSSIBLE","B189CFE4-0F51-4AFB-B44E-746C53AA3769","1 - DAYLIGHT","165014515","1 - NOT COLLISION BETWEEN TWO MOTOR VEHICLES IN TRANSPORT","01 - DRY","1 - STRAIGHT LEVEL","2 - BLACKTOP, BITUMINOUS, ASPHALT","N/A","P - PEDESTRIAN","1 - CLEAR","45202",2,1.103,0.176644516289697,630024,39.1029969460217,-84.5099006046949,"Central Business District",273189
"2XX MCCORMICK PL",39.124371,-84.507953,"26-30","MOUNT AUBURN","MOUNT  AUBURN","06/16/2017 09:06:00 PM +0000","01 - NOT AN INTERSECTION","2 - INJURY",2,"06/19/2017 06:20:00 PM +0000","FRI","F - FEMALE","2 - POSSIBLE","48374CF9-3D98-4FDC-BC34-A2B30AD6D5AC","5 - DARK – ROADWAY NOT LIGHTED","175009183","1 - NOT COLLISION BETWEEN TWO MOTOR VEHICLES IN TRANSPORT","01 - DRY","2 - STRAIGHT GRADE","1 - CONCRETE","MT. AUBURN","P - PEDESTRIAN","1 - CLEAR","45219",2,1.103,0.14901387638479,620033,39.123246353488,-84.5076413917065,"Mt. Auburn",274621
"37XX GLENWAY AV",39.113411,-84.575831,"UNDER 18","N/A","N/A","03/22/2016 03:26:00 PM +0000","01 - NOT AN INTERSECTION","2 - INJURY",2,"03/22/2016 03:29:00 PM +0000","TUE","F - FEMALE","3 - NON-INCAPACITATING","817FE2C5-7F38-4A66-A6EB-EF000D835A25","1 - DAYLIGHT","165004269","1 - NOT COLLISION BETWEEN TWO MOTOR VEHICLES IN TRANSPORT","01 - DRY","1 - STRAIGHT LEVEL","2 - BLACKTOP, BITUMINOUS, ASPHALT","N/A","P - PEDESTRIAN","1 - CLEAR","45205",3,0.304,0.102120491797152,920029,39.1142456914777,-84.5754177851081,"East Price Hill",273561
"29XX GILBERT AV",39.133643,-84.487595,"UNDER 18","N/A","N/A","02/25/2015 03:53:00 PM +0000","02 - FOUR-WAY INTERSECTION","2 - INJURY",2,"02/25/2015 03:54:00 PM +0000","WED","F - FEMALE","2 - POSSIBLE","2CB5EC9B-FD1B-405E-93E6-935211A2B15E","1 - DAYLIGHT","155002621","1 - NOT COLLISION BETWEEN TWO MOTOR VEHICLES IN TRANSPORT","01 - DRY","1 - STRAIGHT LEVEL","1 - CONCRETE","N/A","P - PEDESTRIAN","2 - CLOUDY","45206",2,1.103,0.153418283868973,530038,39.1344889059406,-84.48730847733,"Walnut Hills",204112
"31XX MOZART AV",39.153315,-84.605382,"31-40","WESTWOOD","WESTWOOD","01/22/2017 07:08:00 PM +0000","01 - NOT AN INTERSECTION","3 - PROPERTY DAMAGE ONLY (PDO)",3,"01/22/2017 07:10:00 PM +0000","SUN","M - MALE","1 - NO INJURY / NONE REPORTED","6E8DDC93-BE46-45B1-A98E-88BBBDAB49FB","4 - DARK - LIGHTED ROADWAY","175001087","1 - NOT COLLISION BETWEEN TWO MOTOR VEHICLES IN TRANSPORT","02 - WET","1 - STRAIGHT LEVEL","2 - BLACKTOP, BITUMINOUS, ASPHALT","WESTWOOD","P - PEDESTRIAN","4 - RAIN","45211",1,10.082,0.10523096427005,1050046,39.1524832506227,-84.6047875479724,"Westwood",204284
"20XX COLERAIN AVE.",39.119205,-84.532816,"UNDER 18","N/A","N/A","02/19/2014 07:25:00 PM +0000","01 - NOT AN INTERSECTION","2 - INJURY",2,"02/19/2014 07:26:00 PM +0000","WED","M - MALE","3 - NON-INCAPACITATING","41B7C584-E69B-4539-BF53-272CB3043DE7","4 - DARK - LIGHTED ROADWAY","145001483","1 - NOT COLLISION BETWEEN TWO MOTOR VEHICLES IN TRANSPORT","02 - WET","1 - STRAIGHT LEVEL","2 - BLACKTOP, BITUMINOUS, ASPHALT","N/A","P - PEDESTRIAN","1 - CLEAR","45214",3,0.304,0.187119846620206,730031,39.1187506664993,-84.5324927357185,"West End",276647
"24XX MADISON RD",39.140491,-84.453702,"61-70","N/A","N/A","03/04/2017 07:44:21 PM +0000","01 - NOT AN INTERSECTION","2 - INJURY",2,"03/04/2017 07:46:23 PM +0000","SAT","M - MALE","3 - NON-INCAPACITATING","852C68C3-6156-4BA8-93D9-4C8CB66FE5F1","5 - DARK – ROADWAY NOT LIGHTED","175003191","1 - NOT COLLISION BETWEEN TWO MOTOR VEHICLES IN TRANSPORT","01 - DRY","4 - CURVE GRADE","2 - BLACKTOP, BITUMINOUS, ASPHALT","N/A","P - PEDESTRIAN","1 - CLEAR","45208",3,0.304,0.175137649650469,380041,39.1412186314833,-84.4534202995627,"Hyde Park",201414
"48XX MARBURG AV",39.161361,-84.428818,"41-50","N/A","N/A","12/16/2017 03:10:00 PM +0000","01 - NOT AN INTERSECTION","3 - PROPERTY DAMAGE ONLY (PDO)",3,"12/16/2017 03:11:00 PM +0000","SAT","M - MALE","1 - NO INJURY / NONE REPORTED","26CAB600-A3D2-4719-A872-0B91EB6ACCAA","1 - DAYLIGHT","175019177","1 - NOT COLLISION BETWEEN TWO MOTOR VEHICLES IN TRANSPORT","01 - DRY","1 - STRAIGHT LEVEL","2 - BLACKTOP, BITUMINOUS, ASPHALT","N/A","P - PEDESTRIAN","1 - CLEAR","45209",1,10.082,0.129708527579939,270050,39.1614475334325,-84.4285689840129,"Oakley",202657
"35XX READING RD",39.144011,-84.491586,"UNDER 18","N/A","N/A","12/31/2016 05:21:00 PM +0000","01 - NOT AN INTERSECTION","2 - INJURY",2,"12/31/2016 05:23:00 PM +0000","SAT","M - MALE","3 - NON-INCAPACITATING","31046B91-6063-434B-8782-1BE7F83A560B","1 - DAYLIGHT","165721839","1 - NOT COLLISION BETWEEN TWO MOTOR VEHICLES IN TRANSPORT","02 - WET","1 - STRAIGHT LEVEL","2 - BLACKTOP, BITUMINOUS, ASPHALT","N/A","P - PEDESTRIAN","2 - CLOUDY","45229",3,0.304,0.0997927092020308,550042,39.1434908759816,-84.4918269023265,"Avondale",199345
"34XX PAXTON AV",39.138121,-84.433058,"31-40","N/A","N/A","07/07/2018 01:50:00 PM +0000","02 - FOUR-WAY INTERSECTION","2 - INJURY",2,"07/07/2018 01:50:00 PM +0000","SAT","F - FEMALE","3 - NON-INCAPACITATING","A0E7E3D5-6B57-4CDE-B892-0837289063E4","1 - DAYLIGHT","185009453","1 - NOT COLLISION BETWEEN TWO MOTOR VEHICLES IN TRANSPORT","01 - DRY","1 - STRAIGHT LEVEL","2 - BLACKTOP, BITUMINOUS, ASPHALT","N/A","P - PEDESTRIAN","1 - CLEAR","45208",3,0.304,0.117302206354184,290040,39.1389517520225,-84.4330874039583,"Hyde Park",201414
"56XX WINTON RD",39.191125,-84.523749,"UNDER 18","N/A","N/A","12/01/2015 07:18:00 AM +0000","01 - NOT AN INTERSECTION","2 - INJURY",2,"12/01/2015 08:43:08 AM +0000","TUE","M - MALE","3 - NON-INCAPACITATING","F02583CC-BEBB-45FC-8FFC-EF59A46772DD","1 - DAYLIGHT","155017536","1 - NOT COLLISION BETWEEN TWO MOTOR VEHICLES IN TRANSPORT","02 - WET","2 - STRAIGHT GRADE","2 - BLACKTOP, BITUMINOUS, ASPHALT","N/A","P - PEDESTRIAN","4 - RAIN","45232",3,0.304,0.117354438164221,690063,39.1907497720411,-84.5234558829133,"Winton Hills",276110
"6XX GHOLSON AV",39.149976,-84.492884,"31-40","AVONDALE - NORTH AVONDALE","NORTH AVONDALE","10/13/2016 03:55:00 PM +0000","01 - NOT AN INTERSECTION","2 - INJURY",2,"10/13/2016 03:55:00 PM +0000","THU","M - MALE","3 - NON-INCAPACITATING","E71C7FFC-7945-40C6-8D50-D802D0D021AE","1 - DAYLIGHT","165016871","1 - NOT COLLISION BETWEEN TWO MOTOR VEHICLES IN TRANSPORT","01 - DRY","1 - STRAIGHT LEVEL","2 - BLACKTOP, BITUMINOUS, ASPHALT","AVONDALE","P - PEDESTRIAN","1 - CLEAR","45229",3,0.304,0.107156134114824,550045,39.150240881639,-84.4918269023067,"North Avondale",274686
"72XX FAIRPARK AV",39.196555,-84.480201,"41-50","CARTHAGE","CARTHAGE","03/07/2015 02:50:00 PM +0000","01 - NOT AN INTERSECTION","2 - INJURY",2,"03/07/2015 02:55:00 PM +0000","SAT","M - MALE","3 - NON-INCAPACITATING","48005F3E-29ED-44ED-AA65-0BF13375B469","1 - DAYLIGHT","155003280","1 - NOT COLLISION BETWEEN TWO MOTOR VEHICLES IN TRANSPORT","01 - DRY","1 - STRAIGHT LEVEL","1 - CONCRETE","CARTHAGE","P - PEDESTRIAN","1 - CLEAR","45216",3,0.304,0.119725635009444,500066,39.197485685383,-84.4805308400858,"Carthage",199885
"6XX RIDDLE RD",39.13616,-84.528567,"18-25","N/A","N/A","11/18/2014 07:55:00 AM +0000","01 - NOT AN INTERSECTION","2 - INJURY",2,"11/18/2014 07:56:00 AM +0000","TUE","F - FEMALE","4 - INCAPACITATING","F39704D2-5C2A-4A35-B2B6-744D55CBCA27","1 - DAYLIGHT","145011826","1 - NOT COLLISION BETWEEN TWO MOTOR VEHICLES IN TRANSPORT","04 - ICE","4 - CURVE GRADE","2 - BLACKTOP, BITUMINOUS, ASPHALT","N/A","P - PEDESTRIAN","2 - CLOUDY","45220",4,0.141,0.0900142268174282,710039,39.1367502904123,-84.5279743093162,"CUF",273417
"N I75 AT 3-5 MM",39.135131,-84.533253,"51-60","N/A","N/A","08/03/2017 11:00:00 AM +0000","01 - NOT AN INTERSECTION","2 - INJURY",2,"08/03/2017 11:00:00 AM +0000","THU","M - MALE","4 - INCAPACITATING","53B35760-E287-4273-B071-B20EB18D7795","1 - DAYLIGHT","175011588","1 - NOT COLLISION BETWEEN TWO MOTOR VEHICLES IN TRANSPORT","01 - DRY","1 - STRAIGHT LEVEL","2 - BLACKTOP, BITUMINOUS, ASPHALT","N/A","P - PEDESTRIAN","1 - CLEAR","45211",4,0.141,0.12515730810916,730038,39.1345006808666,-84.532492735702,"Camp Washington",199841
"2XX W KING DR",39.134861,-84.514701,"18-25","CORRYVILLE - HEIGHTS","CLIFTON/UNIVERSITY HEIGHTS","02/21/2017 08:55:00 PM +0000","02 - FOUR-WAY INTERSECTION","2 - INJURY",2,"02/21/2017 08:59:00 PM +0000","TUE","F - FEMALE","2 - POSSIBLE","F31A90B1-9D7E-46A6-A8C7-75AFFE54C235","4 - DARK - LIGHTED ROADWAY","175002548","1 - NOT COLLISION BETWEEN TWO MOTOR VEHICLES IN TRANSPORT","02 - WET","1 - STRAIGHT LEVEL","2 - BLACKTOP, BITUMINOUS, ASPHALT","CUF","P - PEDESTRIAN","4 - RAIN","45221",2,1.103,0.121870794817245,650038,39.1344980642168,-84.5144190306294,"CUF",273417
"56XX LESTER RD",39.176256,-84.431953,"61-70","N/A","N/A","02/22/2018 04:25:56 PM +0000","01 - NOT AN INTERSECTION","2 - INJURY",2,"02/22/2018 04:36:04 PM +0000","THU","M - MALE","4 - INCAPACITATING","1A918210-5D95-416B-AAEC-83E4E6044577","1 - DAYLIGHT","185002631","1 - NOT COLLISION BETWEEN TWO MOTOR VEHICLES IN TRANSPORT","01 - DRY","2 - STRAIGHT GRADE","2 - BLACKTOP, BITUMINOUS, ASPHALT","N/A","P - PEDESTRIAN","2 - CLOUDY","45213",4,0.141,0.115887003877172,280057,39.1771996792523,-84.4308281938103,"Pleasant Ridge",202946
"62XX JOYCE LN",39.187411,-84.459656,"UNDER 18","BOND HILL","BONDHILL","08/11/2015 04:25:00 PM +0000","01 - NOT AN INTERSECTION","2 - INJURY",2,"08/11/2015 04:29:00 PM +0000","TUE","M - MALE","3 - NON-INCAPACITATING","27CD4E28-8610-46F6-8E70-05EC41BFD3DB","1 - DAYLIGHT","155011164","1 - NOT COLLISION BETWEEN TWO MOTOR VEHICLES IN TRANSPORT","01 - DRY","4 - CURVE GRADE","2 - BLACKTOP, BITUMINOUS, ASPHALT","BOND HILL","P - PEDESTRIAN","1 - CLEAR","45237",3,0.304,0.121810531185451,410062,39.1884735060739,-84.4601979332924,"Roselawn",203265
"55XX GLENWAY",39.132271,-84.609035,"41-50","N/A","N/A","04/22/2014 06:25:00 PM +0000","03 - T-INTERSECTION","2 - INJURY",2,"04/22/2014 06:30:00 PM +0000","TUE","M - MALE","2 - POSSIBLE","6DA9E63C-42D2-498E-98CA-3290D1AFC295","1 - DAYLIGHT","145003053","1 - NOT COLLISION BETWEEN TWO MOTOR VEHICLES IN TRANSPORT","01 - DRY","2 - STRAIGHT GRADE","2 - BLACKTOP, BITUMINOUS, ASPHALT","N/A","P - PEDESTRIAN","1 - CLEAR","45238",2,1.103,0.167379371452999,1070037,39.1322306617585,-84.6093059719321,"Westwood",204284
"19XX WESTWOOD NORTHERN BV",39.143474,-84.560498,"31-40","MILLVALE","EAST  WESTWOOD","09/12/2015 02:40:00 AM +0000","01 - NOT AN INTERSECTION","2 - INJURY",2,"09/12/2015 02:42:00 AM +0000","SAT","M - MALE","1 - NO INJURY / NONE REPORTED","432B2E34-7364-4232-A6D8-E652FAE43662","4 - DARK - LIGHTED ROADWAY","155013001","1 - NOT COLLISION BETWEEN TWO MOTOR VEHICLES IN TRANSPORT","01 - DRY","2 - STRAIGHT GRADE","2 - BLACKTOP, BITUMINOUS, ASPHALT","MILLVALE","P - PEDESTRIAN","1 - CLEAR","45225",1,10.082,0.119634470519922,850042,39.1434993806465,-84.5596032940415,"North Fairmount",274707
"29XX FERGUSON",39.139266,-84.598308,"UNDER 18","N/A","N/A","09/09/2014 04:45:00 PM +0000","01 - NOT AN INTERSECTION","2 - INJURY",2,"09/09/2014 04:45:00 PM +0000","TUE","F - FEMALE","2 - POSSIBLE","817F55FD-2228-4976-9C0E-F8702B9081C6","1 - DAYLIGHT","145008450","1 - NOT COLLISION BETWEEN TWO MOTOR VEHICLES IN TRANSPORT","01 - DRY","1 - STRAIGHT LEVEL","2 - BLACKTOP, BITUMINOUS, ASPHALT","N/A","P - PEDESTRIAN","1 - CLEAR","45238",2,1.103,0.116828974310136,1020040,39.138986772645,-84.5980099113444,"Westwood",204284
"37XX WARSAW AV",39.113833,-84.576231,"UNDER 18","N/A","N/A","04/05/2016 05:55:00 PM +0000","01 - NOT AN INTERSECTION","2 - INJURY",2,"04/05/2016 06:00:00 PM +0000","TUE","M - MALE","3 - NON-INCAPACITATING","9A516AA7-BBDA-4733-82A1-64BC653EA6FF","3 - DUSK","165005067","1 - NOT COLLISION BETWEEN TWO MOTOR VEHICLES IN TRANSPORT","01 - DRY","1 - STRAIGHT LEVEL","2 - BLACKTOP, BITUMINOUS, ASPHALT","N/A","P - PEDESTRIAN","1 - CLEAR","45205",3,0.304,0.102120491797152,920029,39.1142456914777,-84.5754177851081,"East Price Hill",273561
"16XX BREWSTER",39.144516,-84.472118,"41-50","N/A","N/A","01/27/2013 08:20:00 AM +0000","01 - NOT AN INTERSECTION","2 - INJURY",2,"01/27/2013 09:42:00 AM +0000","SUN","M - MALE","3 - NON-INCAPACITATING","C45625CE-7F77-4410-99A2-E70CCF1A538E","1 - DAYLIGHT","135001047","1 - NOT COLLISION BETWEEN TWO MOTOR VEHICLES IN TRANSPORT","01 - DRY","1 - STRAIGHT LEVEL","2 - BLACKTOP, BITUMINOUS, ASPHALT","N/A","P - PEDESTRIAN","1 - CLEAR","45207",3,0.304,0.156612198706821,460042,39.1434806703809,-84.471493991936,"Evanston",200632
"50XX RIVER RD",39.085523,-84.642781,"41-50","N/A","N/A","11/06/2017 03:00:00 PM +0000","01 - NOT AN INTERSECTION","2 - INJURY",2,"11/06/2017 03:01:00 PM +0000","MON","M - MALE","4 - INCAPACITATING","AA70422C-E262-4B65-9B05-2B86AF1B93EC","1 - DAYLIGHT","175017064","1 - NOT COLLISION BETWEEN TWO MOTOR VEHICLES IN TRANSPORT","01 - DRY","1 - STRAIGHT LEVEL","2 - BLACKTOP, BITUMINOUS, ASPHALT","N/A","P - PEDESTRIAN","2 - CLOUDY","45233",4,0.141,0.103698914168238,1220017,39.0872057775235,-84.6431941394117,"Riverside",203181
"36XX WARSAW AV",39.109807,-84.562657,"41-50","N/A","N/A","11/07/2017 06:51:00 AM +0000","01 - NOT AN INTERSECTION","2 - INJURY",2,"11/07/2017 06:51:00 AM +0000","TUE","M - MALE","4 - INCAPACITATING","8958277D-0BEA-4970-BCB4-E6AA9AB21988","4 - DARK - LIGHTED ROADWAY","175017087","1 - NOT COLLISION BETWEEN TWO MOTOR VEHICLES IN TRANSPORT","02 - WET","1 - STRAIGHT LEVEL","2 - BLACKTOP, BITUMINOUS, ASPHALT","N/A","P - PEDESTRIAN","4 - RAIN","45205",4,0.141,0.119568181540045,860027,39.1097489577524,-84.5618625071345,"East Price Hill",273561
"36XX CLIFTON AV",39.147447,-84.516918,"31-40","CLIFTON","CLIFTON","06/19/2015 11:40:00 PM +0000","01 - NOT AN INTERSECTION","2 - INJURY",2,"06/19/2015 11:45:00 PM +0000","FRI","M - MALE","2 - POSSIBLE","FE76BCDB-2606-4AEA-9701-31E3AAD45663","6 - DARK – UNKNOWN ROADWAY LIGHTING","155008419","5 - BACKING","01 - DRY","2 - STRAIGHT GRADE","2 - BLACKTOP, BITUMINOUS, ASPHALT","CLIFTON","P - PEDESTRIAN","1 - CLEAR","45220",2,1.103,0.157475315789103,660044,39.1479985560118,-84.5166782436554,"Clifton",200052
"48XX WINNESTE",39.17926,-84.510507,"26-30","N/A","N/A","05/02/2014 10:55:00 PM +0000","01 - NOT AN INTERSECTION","2 - INJURY",2,"05/02/2014 11:10:00 PM +0000","FRI","F - FEMALE","3 - NON-INCAPACITATING","A2BFD387-5046-4207-B31A-37F1A7E512AA","4 - DARK - LIGHTED ROADWAY","145003344","7 - SIDESWIPE, SAME DIRECTION","01 - DRY","2 - STRAIGHT GRADE","2 - BLACKTOP, BITUMINOUS, ASPHALT","N/A","P - PEDESTRIAN","1 - CLEAR","45232",3,0.304,0.102322643059582,630058,39.1794970135816,-84.5099006045301,"Winton Hills",276110
"49XX COLERAIN AV",39.176695,-84.561736,"31-40","MOUNT AIRY","MOUNT AIRY","06/26/2018 02:18:00 PM +0000","01 - NOT AN INTERSECTION","2 - INJURY",2,"06/26/2018 02:19:00 PM +0000","TUE","M - MALE","4 - INCAPACITATING","663C7CD8-DEE4-44D6-921D-10C46F349C7E","1 - DAYLIGHT","185008890","2 - REAR-END","02 - WET","4 - CURVE GRADE","2 - BLACKTOP, BITUMINOUS, ASPHALT","MT. AIRY","P - PEDESTRIAN","4 - RAIN","45223",4,0.141,0.111556900939162,860057,39.1772490183215,-84.561862507164,"Mt. Airy",274620