"address_x","lat","long","age","community_council_neighborhood","cpd_neighborhood","crashdate","crashlocation","crashseverity","crashseverityid","datecrashreported","dayofweek","gender","injuries","instanceid","lightconditionsprimary","localreportno","mannerofcrash","roadconditionsprimary","roadcontour","roadsurface","sna_neighborhood","typeofperson","weather","zip","injury_type_num","cost","dist","cell_id","lat_cell","long_cell","hood","hood_id"
"13XX AVON DR",39.165041,-84.472386,"61-70","PADDOCK HILLS","PADDOCK  HILLS","10/01/2015 11:30:23 AM +0000","03 - T-INTERSECTION","2 - INJURY",2,"10/01/2015 11:45:51 AM +0000","THU","F - FEMALE","3 - NON-INCAPACITATING","6189ACC9-62E7-4845-BB8A-0255EF39C83E","1 - DAYLIGHT","155014190","1 - NOT COLLISION BETWEEN TWO MOTOR VEHICLES IN TRANSPORT","01 - DRY","1 - STRAIGHT LEVEL","2 - BLACKTOP, BITUMINOUS, ASPHALT","NORTH AVONDALE - PADDOCK HILLS","P - PEDESTRIAN","2 - CLOUDY","45229",3,0.304,0.110953296786787,460052,39.1659806875553,-84.471493991855,"Paddock Hills",274942
"5XX VINE ST",39.101844,-84.511992,"26-30","N/A","N/A","07/20/2018 02:00:00 AM +0000","02 - FOUR-WAY INTERSECTION","2 - INJURY",2,"07/20/2018 03:10:00 AM +0000","FRI","F - FEMALE","2 - POSSIBLE","2BB9BF94-0EA5-420E-80EF-94AC2D3F623F","4 - DARK - LIGHTED ROADWAY","185010043","1 - NOT COLLISION BETWEEN TWO MOTOR VEHICLES IN TRANSPORT","01 - DRY","1 - STRAIGHT LEVEL","2 - BLACKTOP, BITUMINOUS, ASPHALT","N/A","P - PEDESTRIAN","1 - CLEAR","45202",2,1.103,0.129375284706794,640023,39.1007475108233,-84.5121598176799,"Central Business District",273189
"52XX GLENWAY",39.124566,-84.60283,"31-40","WEST PRICE HILL","WEST PRICE HILL","05/01/2015 01:20:00 PM +0000","03 - T-INTERSECTION","3 - PROPERTY DAMAGE ONLY (PDO)",3,"05/01/2015 01:23:00 PM +0000","FRI","M - MALE","1 - NO INJURY / NONE REPORTED","854798F7-708F-49E3-8D5A-5E0C3734F227","1 - DAYLIGHT","155005981","1 - NOT COLLISION BETWEEN TWO MOTOR VEHICLES IN TRANSPORT","01 - DRY","1 - STRAIGHT LEVEL","2 - BLACKTOP, BITUMINOUS, ASPHALT","WEST PRICE HILL","P - PEDESTRIAN","1 - CLEAR","45238",1,10.082,0.169618547444283,1040034,39.1254844504795,-84.6025283357909,"West Price HIll",275981
"32XX CLIFTON AV",39.1397,-84.519815,"41-50","CORRYVILLE - HEIGHTS","CLIFTON","07/14/2015 02:36:00 PM +0000","01 - NOT AN INTERSECTION","2 - INJURY",2,"07/14/2015 02:39:00 PM +0000","TUE","M - MALE","2 - POSSIBLE","1F1C7454-793F-4A4B-A02A-7BCE737CBD54","1 - DAYLIGHT","155009654","1 - NOT COLLISION BETWEEN TWO MOTOR VEHICLES IN TRANSPORT","01 - DRY","2 - STRAIGHT GRADE","2 - BLACKTOP, BITUMINOUS, ASPHALT","CUF","P - PEDESTRIAN","1 - CLEAR","45220",2,1.103,0.12137408532151,670040,39.1389989840869,-84.5189374567526,"CUF",273417
"20XX FARADAY RD",39.154046,-84.554637,"51-60","SOUTH CUMMINSVILLE","S.. CUMMINSVILLE","09/01/2016 01:40:00 PM +0000","01 - NOT AN INTERSECTION","2 - INJURY",2,"09/01/2016 01:44:00 PM +0000","THU","M - MALE","3 - NON-INCAPACITATING","7BF063D9-1746-4968-B7E2-7176B22F1457","1 - DAYLIGHT","165014160","1 - NOT COLLISION BETWEEN TWO MOTOR VEHICLES IN TRANSPORT","01 - DRY","3 - CURVE LEVEL","2 - BLACKTOP, BITUMINOUS, ASPHALT","VILLAGES AT ROLL HILL","P - PEDESTRIAN","1 - CLEAR","45225",3,0.304,0.12480131931464,830047,39.1547500450227,-84.5550848677585,"South Cumminsville",275423
"60XX MONTGOMERY RD",39.180909,-84.427977,"51-60","N/A","N/A","02/26/2018 04:20:00 PM +0000","02 - FOUR-WAY INTERSECTION","2 - INJURY",2,"02/27/2018 07:15:00 PM +0000","MON","F - FEMALE","2 - POSSIBLE","0E1E3491-8542-439C-9960-010EAB6D3459","1 - DAYLIGHT","185002879","1 - NOT COLLISION BETWEEN TWO MOTOR VEHICLES IN TRANSPORT","01 - DRY","1 - STRAIGHT LEVEL","2 - BLACKTOP, BITUMINOUS, ASPHALT","N/A","P - PEDESTRIAN","1 - CLEAR","45213",2,1.103,0.151468169875956,270059,39.1816975440107,-84.4285689839332,"Pleasant Ridge",202946
"8XX LEXINGTON AV",39.14712,-84.48748,"UNDER 18","N/A","N/A","03/22/2014 07:34:00 PM +0000","01 - NOT AN INTERSECTION","2 - INJURY",2,"03/22/2014 07:42:00 PM +0000","SAT","M - MALE","2 - POSSIBLE","03C2F9B5-F736-4408-AA4F-AD6E8A1780F1","3 - DUSK","145002277","1 - NOT COLLISION BETWEEN TWO MOTOR VEHICLES IN TRANSPORT","01 - DRY","1 - STRAIGHT LEVEL","1 - CONCRETE","N/A","P - PEDESTRIAN","1 - CLEAR","45229",2,1.103,0.130938360477612,530044,39.1479889170744,-84.4873084772881,"North Avondale",274686
"12XX REGENT AV",39.177298,-84.477325,"31-40","N/A","N/A","02/08/2015 10:20:11 PM +0000","03 - T-INTERSECTION","2 - INJURY",2,"02/08/2015 10:22:11 PM +0000","SUN","M - MALE","3 - NON-INCAPACITATING","036D33A8-C368-414E-903B-38692B761911","6 - DARK – UNKNOWN ROADWAY LIGHTING","155001771","1 - NOT COLLISION BETWEEN TWO MOTOR VEHICLES IN TRANSPORT","02 - WET","1 - STRAIGHT LEVEL","2 - BLACKTOP, BITUMINOUS, ASPHALT","N/A","P - PEDESTRIAN","2 - CLOUDY","45237",3,0.304,0.192514181062791,490057,39.1772344914319,-84.4782716279501,"Bond Hill",199607
"33XX WARSAW AV",39.110365,-84.565044,"41-50","N/A","N/A","07/03/2016 11:38:00 PM +0000","02 - FOUR-WAY INTERSECTION","2 - INJURY",2,"07/03/2016 11:39:00 PM +0000","SUN","M - MALE","4 - INCAPACITATING","2D13EE7A-E4D3-46CC-BBB6-E86A65F91855","4 - DARK - LIGHTED ROADWAY","165010419","1 - NOT COLLISION BETWEEN TWO MOTOR VEHICLES IN TRANSPORT","02 - WET","1 - STRAIGHT LEVEL","1 - CONCRETE","N/A","P - PEDESTRIAN","4 - RAIN","45205",4,0.141,0.0978479598581897,870027,39.1097485217221,-84.564121720212,"East Price Hill",273561
"18XX SUTTON AV",39.087866,-84.390278,"26-30","N/A","N/A","01/23/2017 02:49:00 PM +0000","03 - T-INTERSECTION","2 - INJURY",2,"01/23/2017 02:49:00 PM +0000","MON","M - MALE","4 - INCAPACITATING","43D51610-E1A9-4F89-B1DC-91EACCB27A39","1 - DAYLIGHT","175001140","1 - NOT COLLISION BETWEEN TWO MOTOR VEHICLES IN TRANSPORT","01 - DRY","1 - STRAIGHT LEVEL","2 - BLACKTOP, BITUMINOUS, ASPHALT","N/A","P - PEDESTRIAN","2 - CLOUDY","45230",4,0.141,0.0994480593044553,100017,39.0871545088897,-84.390162440081,"Mt. Washington",274624
"30XX BOUDINOT AV",39.139123,-84.605706,"UNDER 18","WESTWOOD","WESTWOOD","03/11/2017 02:30:00 PM +0000","01 - NOT AN INTERSECTION","2 - INJURY",2,"03/11/2017 02:35:00 PM +0000","SAT","M - MALE","3 - NON-INCAPACITATING","CED427B1-C23E-4BB6-AA71-091C160959EC","1 - DAYLIGHT","175003572","1 - NOT COLLISION BETWEEN TWO MOTOR VEHICLES IN TRANSPORT","01 - DRY","1 - STRAIGHT LEVEL","2 - BLACKTOP, BITUMINOUS, ASPHALT","WESTWOOD","P - PEDESTRIAN","1 - CLEAR","45211",3,0.304,0.207113407525461,1050040,39.1389832400511,-84.6047875479429,"Westwood",204284
"52XX HOLLAND DR",39.185612,-84.510479,"26-30","WINTON HILLS","WINTON HILLS","09/17/2016 10:32:00 AM +0000","01 - NOT AN INTERSECTION","2 - INJURY",2,"09/17/2016 10:32:00 AM +0000","SAT","M - MALE","2 - POSSIBLE","CA17FC5A-029D-4F09-B0A1-6AEC95748FC1","1 - DAYLIGHT","165015179","9 - UNKNOWN","01 - DRY","1 - STRAIGHT LEVEL","1 - CONCRETE","WINTON HILLS","P - PEDESTRIAN","1 - CLEAR","45232",2,1.103,0.0502194538467916,630061,39.1862470195009,-84.5099006045155,"Winton Hills",276110
"15XX BLUE ROCK ST",39.159429,-84.538191,"51-60","NORTHSIDE","NORTHSIDE","10/06/2017 08:36:00 PM +0000","01 - NOT AN INTERSECTION","2 - INJURY",2,"10/06/2017 08:37:00 PM +0000","FRI","M - MALE","4 - INCAPACITATING","36D2DC8C-7BCE-4FBE-8FE6-4854685FD7F1","4 - DARK - LIGHTED ROADWAY","175015149","1 - NOT COLLISION BETWEEN TWO MOTOR VEHICLES IN TRANSPORT","01 - DRY","1 - STRAIGHT LEVEL","2 - BLACKTOP, BITUMINOUS, ASPHALT","NORTHSIDE","P - PEDESTRIAN","1 - CLEAR","45223",4,0.141,0.151376409735632,760049,39.1592509650786,-84.5392703753254,"Northside",274791
"11XX ROSEMONT AV",39.113962,-84.582343,"UNDER 18","N/A","N/A","10/21/2017 09:52:00 AM +0000","03 - T-INTERSECTION","2 - INJURY",2,"10/21/2017 10:00:00 AM +0000","SAT","M - MALE","2 - POSSIBLE","651C2CBE-AF04-4F33-AE03-09FFC3C01851","1 - DAYLIGHT","175016049","1 - NOT COLLISION BETWEEN TWO MOTOR VEHICLES IN TRANSPORT","01 - DRY","2 - STRAIGHT GRADE","2 - BLACKTOP, BITUMINOUS, ASPHALT","N/A","P - PEDESTRIAN","1 - CLEAR","45205",2,1.103,0.123928951582745,950029,39.1142434676508,-84.5821954235466,"West Price HIll",275981
"23XX KEMPER LN",39.123619,-84.486771,"51-60","N/A","N/A","07/13/2016 10:35:00 PM +0000","03 - T-INTERSECTION","2 - INJURY",2,"07/13/2016 10:38:00 PM +0000","WED","M - MALE","4 - INCAPACITATING","30C76A37-C3EA-46B1-99AF-45D207ED173B","4 - DARK - LIGHTED ROADWAY","165011010","1 - NOT COLLISION BETWEEN TWO MOTOR VEHICLES IN TRANSPORT","02 - WET","1 - STRAIGHT LEVEL","2 - BLACKTOP, BITUMINOUS, ASPHALT","N/A","P - PEDESTRIAN","4 - RAIN","45206",4,0.141,0.152973158800144,530033,39.1232388966432,-84.4873084773648,"Walnut Hills",204112
"77XX READING RD",39.201507,-84.455983,"31-40","ROSELAWN","ROSELAWN","08/03/2015 09:05:00 AM +0000","01 - NOT AN INTERSECTION","2 - INJURY",2,"08/03/2015 09:05:00 AM +0000","MON","M - MALE","2 - POSSIBLE","A527D971-0F8D-428F-8263-6AD130085A9F","1 - DAYLIGHT","155010651","6 - ANGLE","01 - DRY","2 - STRAIGHT GRADE","1 - CONCRETE","ROSELAWN","P - PEDESTRIAN","1 - CLEAR","45237",2,1.103,0.157466855673239,390068,39.2019703304721,-84.4556795105242,"Roselawn",203265
"31XX MCHENRY",39.142797,-84.576529,"UNDER 18","WESTWOOD","WESTWOOD","01/09/2013 07:45:00 PM +0000","01 - NOT AN INTERSECTION","2 - INJURY",2,"01/09/2013 07:47:00 PM +0000","WED","F - FEMALE","4 - INCAPACITATING","DA80B2D8-E767-43AC-A187-A90E8DE4B834","4 - DARK - LIGHTED ROADWAY","135000312","1 - NOT COLLISION BETWEEN TWO MOTOR VEHICLES IN TRANSPORT","01 - DRY","1 - STRAIGHT LEVEL","1 - CONCRETE","WESTWOOD","P - PEDESTRIAN","1 - CLEAR","45211",4,0.141,0.173837529532072,920042,39.1434957170948,-84.5754177851395,"Westwood",204284
"34XX WARSAW AV",39.110603,-84.565273,"UNDER 18","EAST PRICE HILL","EAST PRICE HILL","10/24/2015 03:57:00 PM +0000","01 - NOT AN INTERSECTION","2 - INJURY",2,"10/24/2015 03:57:00 PM +0000","SAT","F - FEMALE","3 - NON-INCAPACITATING","2360D2C5-6321-4691-BC1B-495AC6168468","1 - DAYLIGHT","155015401","1 - NOT COLLISION BETWEEN TWO MOTOR VEHICLES IN TRANSPORT","02 - WET","1 - STRAIGHT LEVEL","2 - BLACKTOP, BITUMINOUS, ASPHALT","EAST PRICE HILL","P - PEDESTRIAN","2 - CLOUDY","45205",3,0.304,0.171914246711242,880027,39.1097480420887,-84.5663809332601,"East Price Hill",273561
"1XX E 5TH ST",39.101952,-84.510041,"41-50","N/A","N/A","07/04/2014 07:14:00 PM +0000","09 - CROSSOVER","2 - INJURY",2,"07/04/2014 07:15:00 PM +0000","FRI","F - FEMALE","3 - NON-INCAPACITATING","EEE1985F-F819-4C86-8D2C-0338D26BDD0D","1 - DAYLIGHT","145005651","1 - NOT COLLISION BETWEEN TWO MOTOR VEHICLES IN TRANSPORT","01 - DRY","1 - STRAIGHT LEVEL","1 - CONCRETE","N/A","P - PEDESTRIAN","1 - CLEAR","45202",3,0.304,0.176644516289697,630024,39.1029969460217,-84.5099006046949,"Central Business District",273189
"35XX WARSAW AV",39.111076,-84.570931,"31-40","EAST PRICE HILL","EAST PRICE HILL","06/12/2013 09:08:00 PM +0000","01 - NOT AN INTERSECTION","2 - INJURY",2,"06/12/2013 09:10:00 PM +0000","WED","F - FEMALE","3 - NON-INCAPACITATING","AB801857-4EC3-458C-9FBC-2AF084D70908","4 - DARK - LIGHTED ROADWAY","135007188","1 - NOT COLLISION BETWEEN TWO MOTOR VEHICLES IN TRANSPORT","01 - DRY","1 - STRAIGHT LEVEL","2 - BLACKTOP, BITUMINOUS, ASPHALT","EAST PRICE HILL","P - PEDESTRIAN","1 - CLEAR","45205",3,0.304,0.129188790483814,900028,39.1119969540103,-84.5708993592591,"East Price Hill",273561
"37XX DRAKEWOOD",39.143576,-84.434208,"31-40","N/A","N/A","01/21/2013 08:43:00 PM +0000","03 - T-INTERSECTION","3 - PROPERTY DAMAGE ONLY (PDO)",3,"01/21/2013 08:44:00 PM +0000","MON","M - MALE","1 - NO INJURY / NONE REPORTED","A1E4CB87-70B1-4436-A7A6-C676310CD6D3","4 - DARK - LIGHTED ROADWAY","135000790","1 - NOT COLLISION BETWEEN TWO MOTOR VEHICLES IN TRANSPORT","01 - DRY","1 - STRAIGHT LEVEL","2 - BLACKTOP, BITUMINOUS, ASPHALT","N/A","P - PEDESTRIAN","1 - CLEAR","45209",1,10.082,0.123105515368269,290042,39.1434517545231,-84.4330874039404,"Hyde Park",201414
"1XX ELDORADO AV",39.065133,-84.425861,"41-50","N/A","N/A","07/26/2017 01:12:00 PM +0000","01 - NOT AN INTERSECTION","2 - INJURY",2,"07/26/2017 01:12:00 PM +0000","WED","M - MALE","2 - POSSIBLE","1755FE18-F8A5-4789-B707-3104A15ACAD0","1 - DAYLIGHT","175011114","1 - NOT COLLISION BETWEEN TWO MOTOR VEHICLES IN TRANSPORT","01 - DRY","2 - STRAIGHT GRADE","2 - BLACKTOP, BITUMINOUS, ASPHALT","N/A","P - PEDESTRIAN","1 - CLEAR","45228",2,1.103,0.119669439412539,260007,39.0646953029611,-84.4263097746692,"California",199824
"7XX SYCAMORE ST",39.105235,-84.509471,"51-60","N/A","N/A","02/06/2017 11:39:23 AM +0000","02 - FOUR-WAY INTERSECTION","2 - INJURY",2,"02/06/2017 11:39:25 AM +0000","MON","F - FEMALE","3 - NON-INCAPACITATING","D924E7F9-1C14-4F58-A9B6-0FF18845FB50","1 - DAYLIGHT","175001811","1 - NOT COLLISION BETWEEN TWO MOTOR VEHICLES IN TRANSPORT","01 - DRY","1 - STRAIGHT LEVEL","2 - BLACKTOP, BITUMINOUS, ASPHALT","N/A","P - PEDESTRIAN","1 - CLEAR","45202",3,0.304,0.212349218642573,630025,39.1052469480212,-84.50990060469,"Central Business District",273189
"49XX WINNESTE AV",39.181922,-84.510649,"UNDER 18","WINTON HILLS","WINTON HILLS","08/22/2015 09:20:00 PM +0000","01 - NOT AN INTERSECTION","2 - INJURY",2,"08/22/2015 09:23:00 PM +0000","SAT","M - MALE","3 - NON-INCAPACITATING","49FD8E51-97CC-44BE-B7FF-3C91D2F18AA3","4 - DARK - LIGHTED ROADWAY","155011787","1 - NOT COLLISION BETWEEN TWO MOTOR VEHICLES IN TRANSPORT","01 - DRY","2 - STRAIGHT GRADE","2 - BLACKTOP, BITUMINOUS, ASPHALT","WINTON HILLS","P - PEDESTRIAN","1 - CLEAR","45232",3,0.304,0.170728827553847,630059,39.1817470155554,-84.5099006045252,"Winton Hills",276110
"56XX COLERAIN AV",39.196942,-84.577598,"UNDER 18","MOUNT AIRY","MOUNT AIRY","12/01/2015 07:50:00 AM +0000","03 - T-INTERSECTION","2 - INJURY",2,"12/01/2015 01:50:00 PM +0000","TUE","F - FEMALE","2 - POSSIBLE","1097166F-DE95-4A74-85E7-C476F0161CDF","1 - DAYLIGHT","155017556","1 - NOT COLLISION BETWEEN TWO MOTOR VEHICLES IN TRANSPORT","02 - WET","1 - STRAIGHT LEVEL","2 - BLACKTOP, BITUMINOUS, ASPHALT","MT. AIRY","P - PEDESTRIAN","4 - RAIN","45239",2,1.103,0.135882564759832,930066,39.1974950659665,-84.5776769980657,"Mt. Airy",274620
"20XX READING RD",39.119183,-84.501185,"31-40","MOUNT AUBURN","MOUNT  AUBURN","06/30/2015 08:55:00 PM +0000","01 - NOT AN INTERSECTION","2 - INJURY",2,"06/30/2015 09:06:00 PM +0000","TUE","M - MALE","4 - INCAPACITATING","2C169CD8-7817-4CF3-A134-212753A966FD","3 - DUSK","155008944","1 - NOT COLLISION BETWEEN TWO MOTOR VEHICLES IN TRANSPORT","02 - WET","4 - CURVE GRADE","2 - BLACKTOP, BITUMINOUS, ASPHALT","MT. AUBURN","P - PEDESTRIAN","2 - CLOUDY","45206",4,0.141,0.152879662703096,590031,39.1187442564393,-84.5008637531385,"Mt. Auburn",274621
"48XX OBERLIN",39.179044,-84.474504,"41-50","N/A","N/A","08/23/2014 05:25:37 PM +0000","01 - NOT AN INTERSECTION","2 - INJURY",2,"08/23/2014 05:32:39 PM +0000","SAT","M - MALE","3 - NON-INCAPACITATING","D1BCF80D-D0D2-4270-ACDA-DE94DCDAFA73","1 - DAYLIGHT","145007713","9 - UNKNOWN","02 - WET","1 - STRAIGHT LEVEL","2 - BLACKTOP, BITUMINOUS, ASPHALT","N/A","P - PEDESTRIAN","4 - RAIN","45237",3,0.304,0.204658778171263,470058,39.1794820065786,-84.4737532037699,"Bond Hill",199607
"35XX HARVEY AV",39.146147,-84.497308,"26-30","AVONDALE","AVONDALE","09/18/2014 08:46:00 PM +0000","02 - FOUR-WAY INTERSECTION","2 - INJURY",2,"09/18/2014 08:46:00 PM +0000","THU","F - FEMALE","2 - POSSIBLE","97A98380-334E-4E7A-9804-D15B2E37DCEF","4 - DARK - LIGHTED ROADWAY","145008840","1 - NOT COLLISION BETWEEN TWO MOTOR VEHICLES IN TRANSPORT","01 - DRY","1 - STRAIGHT LEVEL","2 - BLACKTOP, BITUMINOUS, ASPHALT","AVONDALE","P - PEDESTRIAN","1 - CLEAR","45229",2,1.103,0.176240684423611,570043,39.1457426660581,-84.4963453275854,"Avondale",199345
"30XX READING",39.129586,-84.498878,"51-60","AVONDALE","AVONDALE","06/16/2014 11:40:00 PM +0000","02 - FOUR-WAY INTERSECTION","2 - INJURY",2,"06/16/2014 11:45:00 PM +0000","MON","M - MALE","3 - NON-INCAPACITATING","7ED96B79-226B-4492-A14B-FC627BD00FF0","4 - DARK - LIGHTED ROADWAY","145004846","1 - NOT COLLISION BETWEEN TWO MOTOR VEHICLES IN TRANSPORT","01 - DRY","1 - STRAIGHT LEVEL","2 - BLACKTOP, BITUMINOUS, ASPHALT","AVONDALE","P - PEDESTRIAN","1 - CLEAR","45206",3,0.304,0.119451453192075,580036,39.1299934812124,-84.4986045403433,"Avondale",199345
"6XX DUTCH COLONY DR",39.189171,-84.513123,"UNDER 18","WINTON HILLS","WINTON HILLS","03/05/2017 07:38:00 PM +0000","01 - NOT AN INTERSECTION","2 - INJURY",2,"03/05/2017 07:38:00 PM +0000","SUN","F - FEMALE","3 - NON-INCAPACITATING","F327A097-97F0-4397-9E66-0663ECF875AC","4 - DARK - LIGHTED ROADWAY","175003232","1 - NOT COLLISION BETWEEN TWO MOTOR VEHICLES IN TRANSPORT","01 - DRY","1 - STRAIGHT LEVEL","2 - BLACKTOP, BITUMINOUS, ASPHALT","WINTON HILLS","P - PEDESTRIAN","1 - CLEAR","45232",3,0.304,0.105002859545786,640062,39.1884975886344,-84.5121598175,"Winton Hills",276110
"11XX ST GREGORY ST",39.108795,-84.498311,"18-25","MOUNT ADAMS","MOUNT  ADAMS","02/08/2013 02:25:07 AM +0000","01 - NOT AN INTERSECTION","2 - INJURY",2,"02/08/2013 02:25:55 AM +0000","FRI","F - FEMALE","4 - INCAPACITATING","26769359-837C-4005-B680-AFBF69B45922","4 - DARK - LIGHTED ROADWAY","135001971","1 - NOT COLLISION BETWEEN TWO MOTOR VEHICLES IN TRANSPORT","01 - DRY","2 - STRAIGHT GRADE","2 - BLACKTOP, BITUMINOUS, ASPHALT","MT. ADAMS","P - PEDESTRIAN","1 - CLEAR","45202",4,0.141,0.114111946332931,580027,39.109743463778,-84.4986045403971,"Mt. Adams",274619
"23XX HARRISON AV",39.137648,-84.576727,"51-60","N/A","N/A","08/03/2018 01:39:00 AM +0000","01 - NOT AN INTERSECTION","1 - FATAL INJURY",1,"08/03/2018 01:39:00 AM +0000","FRI","F - FEMALE","5 - FATAL","70926BC8-49A9-45EE-8BF5-F99055ED08A5","4 - DARK - LIGHTED ROADWAY","185010736","1 - NOT COLLISION BETWEEN TWO MOTOR VEHICLES IN TRANSPORT","01 - DRY","2 - STRAIGHT GRADE","2 - BLACKTOP, BITUMINOUS, ASPHALT","N/A","P - PEDESTRIAN","1 - CLEAR","45211",5,0.046,0.193022000493797,930039,39.1367450134091,-84.5776769979944,"Westwood",204284
"1XX W MITCHELL",39.162472,-84.507907,"31-40","N/A","N/A","11/05/2013 07:45:00 AM +0000","01 - NOT AN INTERSECTION","2 - INJURY",2,"11/05/2013 07:48:00 AM +0000","TUE","M - MALE","2 - POSSIBLE","4B31A056-E7E1-4AEF-A1FC-DB63108182D7","1 - DAYLIGHT","135011713","1 - NOT COLLISION BETWEEN TWO MOTOR VEHICLES IN TRANSPORT","02 - WET","3 - CURVE LEVEL","2 - BLACKTOP, BITUMINOUS, ASPHALT","N/A","P - PEDESTRIAN","1 - CLEAR","45232",2,1.103,0.10840495498977,620050,39.1614963870924,-84.5076413916202,"Clifton",200052
"13XX COVEDALE",39.120025,-84.605902,"UNDER 18","N/A","N/A","04/24/2014 02:20:00 PM +0000","01 - NOT AN INTERSECTION","2 - INJURY",2,"04/24/2014 02:25:00 PM +0000","THU","M - MALE","4 - INCAPACITATING","4543902B-F702-430C-8E54-5625A1AB2D81","1 - DAYLIGHT","145003098","1 - NOT COLLISION BETWEEN TWO MOTOR VEHICLES IN TRANSPORT","01 - DRY","2 - STRAIGHT GRADE","2 - BLACKTOP, BITUMINOUS, ASPHALT","N/A","P - PEDESTRIAN","1 - CLEAR","45238",4,0.141,0.114995887373355,1050032,39.1209832259183,-84.6047875479036,"West Price HIll",275981
"71XX DILLWARD AV",39.198505,-84.484401,"26-30","CARTHAGE","CARTHAGE","05/02/2015 04:58:00 AM +0000","01 - NOT AN INTERSECTION","2 - INJURY",2,"05/02/2015 05:00:00 AM +0000","SAT","F - FEMALE","4 - INCAPACITATING","763A267E-4245-42EA-9379-DEB6AA579DF9","4 - DARK - LIGHTED ROADWAY","155006028","1 - NOT COLLISION BETWEEN TWO MOTOR VEHICLES IN TRANSPORT","01 - DRY","1 - STRAIGHT LEVEL","2 - BLACKTOP, BITUMINOUS, ASPHALT","CARTHAGE","P - PEDESTRIAN","1 - CLEAR","45216",4,0.141,0.116272526509104,520066,39.197487910546,-84.4850492647153,"Carthage",199885
"4XX CLARK ST",39.107908,-84.521783,"UNDER 18","N/A","N/A","01/11/2016 05:11:00 PM +0000","01 - NOT AN INTERSECTION","2 - INJURY",2,"01/11/2016 05:11:00 PM +0000","MON","M - MALE","3 - NON-INCAPACITATING","BA323EE7-86B3-482B-99F8-213B08A69BC6","3 - DUSK","165000536","1 - NOT COLLISION BETWEEN TWO MOTOR VEHICLES IN TRANSPORT","01 - DRY","1 - STRAIGHT LEVEL","2 - BLACKTOP, BITUMINOUS, ASPHALT","N/A","P - PEDESTRIAN","2 - CLOUDY","45203",3,0.304,0.0978360797681212,680026,39.1074993481455,-84.5211966699107,"West End",276647
"58XX BLUESPRUCE LN",39.199107,-84.558746,"UNDER 18","N/A","N/A","04/14/2017 04:07:00 PM +0000","03 - T-INTERSECTION","2 - INJURY",2,"04/14/2017 04:08:00 PM +0000","FRI","M - MALE","3 - NON-INCAPACITATING","245A041E-EB93-46ED-98A9-EE34178AD811","1 - DAYLIGHT","175005440","1 - NOT COLLISION BETWEEN TWO MOTOR VEHICLES IN TRANSPORT","01 - DRY","1 - STRAIGHT LEVEL","2 - BLACKTOP, BITUMINOUS, ASPHALT","N/A","P - PEDESTRIAN","1 - CLEAR","45224",3,0.304,0.111483654622949,850067,39.1997494310407,-84.5596032940598,"College Hill",200100
"56XX COLERAIN",39.18646,-84.569496,"UNDER 18","N/A","N/A","04/25/2013 02:25:00 PM +0000","01 - NOT AN INTERSECTION","2 - INJURY",2,"04/25/2013 02:30:00 PM +0000","THU","F - FEMALE","4 - INCAPACITATING","748F5785-EA33-4C07-99E2-A951A27C60CD","1 - DAYLIGHT","135005001","1 - NOT COLLISION BETWEEN TWO MOTOR VEHICLES IN TRANSPORT","01 - DRY","2 - STRAIGHT GRADE","2 - BLACKTOP, BITUMINOUS, ASPHALT","N/A","P - PEDESTRIAN","1 - CLEAR","45239",4,0.141,0.135949655838585,890061,39.1862475866492,-84.5686401463344,"Mt. Airy",274620
"27XX EAST TOWER",39.130221,-84.589168,"UNDER 18","N/A","N/A","06/03/2014 10:10:00 AM +0000","10 - DRIVEWAY/ALLEY ACCESS","2 - INJURY",2,"06/03/2014 10:15:00 AM +0000","TUE","F - FEMALE","2 - POSSIBLE","F61D210D-1935-4E17-B9D9-5BA1A955EB4F","1 - DAYLIGHT","145004235","1 - NOT COLLISION BETWEEN TWO MOTOR VEHICLES IN TRANSPORT","01 - DRY","1 - STRAIGHT LEVEL","2 - BLACKTOP, BITUMINOUS, ASPHALT","N/A","P - PEDESTRIAN","1 - CLEAR","45238",2,1.103,0.191341406799499,980036,39.1299908646398,-84.5889730615455,"Westwood",204284
"21XX LOTH ST",39.120131,-84.514868,"51-60","MOUNT AUBURN","MOUNT  AUBURN","02/22/2016 02:40:00 PM +0000","01 - NOT AN INTERSECTION","2 - INJURY",2,"02/22/2016 02:45:00 PM +0000","MON","M - MALE","2 - POSSIBLE","6EC5C219-918E-421D-9E67-F89B996B3F3F","1 - DAYLIGHT","165002720","1 - NOT COLLISION BETWEEN TWO MOTOR VEHICLES IN TRANSPORT","01 - DRY","2 - STRAIGHT GRADE","2 - BLACKTOP, BITUMINOUS, ASPHALT","MT. AUBURN","P - PEDESTRIAN","1 - CLEAR","45202",2,1.103,0.114414986014964,650032,39.1209980521606,-84.5144190306556,"Mt. Auburn",274621