"address_x","lat","long","age","community_council_neighborhood","cpd_neighborhood","crashdate","crashlocation","crashseverity","crashseverityid","datecrashreported","dayofweek","gender","injuries","instanceid","lightconditionsprimary","localreportno","mannerofcrash","roadconditionsprimary","roadcontour","roadsurface","sna_neighborhood","typeofperson","weather","zip","injury_type_num","cost","dist","cell_id","lat_cell","long_cell","hood","hood_id"
"17XX HEWITT AV",39.137333,-84.471947,"UNDER 18","N/A","N/A","02/03/2017 06:30:00 PM +0000","01 - NOT AN INTERSECTION","2 - INJURY",2,"02/03/2017 06:35:00 PM +0000","FRI","F - FEMALE","3 - NON-INCAPACITATING","FD6769BD-8E45-488C-A5D0-CF64D7316943","4 - DARK - LIGHTED ROADWAY","175001704","1 - NOT COLLISION BETWEEN TWO MOTOR VEHICLES IN TRANSPORT","01 - DRY","1 - STRAIGHT LEVEL","2 - BLACKTOP, BITUMINOUS, ASPHALT","N/A","P - PEDESTRIAN","1 - CLEAR","45207",3,0.304,0.106922989242349,460039,39.1367306652159,-84.4714939919603,"Evanston",200632
"25XX AUBURN AV",39.127115,-84.507973,"18-25","MOUNT AUBURN","CORRYVILLE","09/29/2014 05:31:00 PM +0000","02 - FOUR-WAY INTERSECTION","2 - INJURY",2,"09/29/2014 05:32:00 PM +0000","MON","F - FEMALE","2 - POSSIBLE","FDEEA3BF-E247-46EB-BE86-962523731769","1 - DAYLIGHT","145009336","1 - NOT COLLISION BETWEEN TWO MOTOR VEHICLES IN TRANSPORT","01 - DRY","1 - STRAIGHT LEVEL","2 - BLACKTOP, BITUMINOUS, ASPHALT","CORRYVILLE","P - PEDESTRIAN","1 - CLEAR","45219",2,1.103,0.216213906420367,620035,39.1277463574527,-84.5076413916964,"Corryville",200172
"24XX WESTWOOD NORTHERN",39.146229,-84.574888,"26-30","WESTWOOD","EAST  WESTWOOD","10/29/2015 07:22:00 PM +0000","01 - NOT AN INTERSECTION","1 - FATAL INJURY",1,"10/29/2015 07:22:00 PM +0000","THU","M - MALE","5 - FATAL","A9279468-2855-4412-8274-03B240A2D523","4 - DARK - LIGHTED ROADWAY","155015828","1 - NOT COLLISION BETWEEN TWO MOTOR VEHICLES IN TRANSPORT","01 - DRY","2 - STRAIGHT GRADE","2 - BLACKTOP, BITUMINOUS, ASPHALT","EAST WESTWOOD","P - PEDESTRIAN","2 - CLOUDY","45211",5,0.046,0.194744241236756,920043,39.1457457190601,-84.5754177851419,"Westwood",204284
"1XX E LIBERTY ST",39.112163,-84.513603,"26-30","OTR","OVER-THE-RHINE","03/07/2014 12:36:00 AM +0000","02 - FOUR-WAY INTERSECTION","2 - INJURY",2,"03/07/2014 12:36:00 AM +0000","FRI","M - MALE","2 - POSSIBLE","9E157F7F-10AE-4804-8CF6-A474D63D5C9F","4 - DARK - LIGHTED ROADWAY","145001886","1 - NOT COLLISION BETWEEN TWO MOTOR VEHICLES IN TRANSPORT","01 - DRY","1 - STRAIGHT LEVEL","1 - CONCRETE","OVER-THE-RHINE","P - PEDESTRIAN","1 - CLEAR","45202",2,1.103,0.215255452044015,650028,39.1119980441079,-84.5144190306731,"Over-The-Rhine",202750
"48XX N OVERLOOK AV",39.119903,-84.600911,"51-60","N/A","N/A","03/24/2014 05:30:00 PM +0000","03 - T-INTERSECTION","2 - INJURY",2,"03/24/2014 05:31:00 PM +0000","MON","M - MALE","2 - POSSIBLE","F9E0596E-6238-4B0C-9570-9DD83B148398","1 - DAYLIGHT","145002316","1 - NOT COLLISION BETWEEN TWO MOTOR VEHICLES IN TRANSPORT","01 - DRY","1 - STRAIGHT LEVEL","2 - BLACKTOP, BITUMINOUS, ASPHALT","N/A","P - PEDESTRIAN","1 - CLEAR","45238",2,1.103,0.106955037889705,1030032,39.1209856242799,-84.6002691235822,"West Price HIll",275981
"3XX W LIBERTY ST",39.113208,-84.521025,"UNDER 18","WEST END","WEST  END","08/08/2014 12:28:00 PM +0000","02 - FOUR-WAY INTERSECTION","2 - INJURY",2,"08/08/2014 12:30:00 PM +0000","FRI","F - FEMALE","2 - POSSIBLE","F8CDF28E-463B-4CFD-8514-8E9877F9F23E","1 - DAYLIGHT","145007054","1 - NOT COLLISION BETWEEN TWO MOTOR VEHICLES IN TRANSPORT","01 - DRY","1 - STRAIGHT LEVEL","2 - BLACKTOP, BITUMINOUS, ASPHALT","WEST END","P - PEDESTRIAN","2 - CLOUDY","45214",2,1.103,0.105926392119189,680029,39.1142493542549,-84.5211966698999,"Over-The-Rhine",202750
"42XX COLERAIN AV",39.158912,-84.547762,"UNDER 18","N/A","N/A","09/02/2016 05:25:00 PM +0000","01 - NOT AN INTERSECTION","2 - INJURY",2,"09/02/2016 05:26:00 PM +0000","FRI","F - FEMALE","3 - NON-INCAPACITATING","B6B8C7EC-A9EE-4DB7-B1D7-561911A89B83","1 - DAYLIGHT","165014240","1 - NOT COLLISION BETWEEN TWO MOTOR VEHICLES IN TRANSPORT","01 - DRY","1 - STRAIGHT LEVEL","2 - BLACKTOP, BITUMINOUS, ASPHALT","N/A","P - PEDESTRIAN","1 - CLEAR","45223",3,0.304,0.16397354676281,800049,39.159250703366,-84.5483072281978,"Northside",274791
"1XX HUNTINGTON PL",39.118718,-84.51243,"UNDER 18","N/A","N/A","06/07/2014 05:04:00 PM +0000","03 - T-INTERSECTION","2 - INJURY",2,"06/07/2014 05:04:00 PM +0000","SAT","F - FEMALE","3 - NON-INCAPACITATING","3BF2C911-0EA7-41DC-8CD1-1394DEAC2143","1 - DAYLIGHT","145004450","1 - NOT COLLISION BETWEEN TWO MOTOR VEHICLES IN TRANSPORT","01 - DRY","1 - STRAIGHT LEVEL","2 - BLACKTOP, BITUMINOUS, ASPHALT","N/A","P - PEDESTRIAN","1 - CLEAR","45219",3,0.304,0.128863175288191,640031,39.1187475268783,-84.512159817643,"Mt. Auburn",274621
"26XX CLIFTON AV",39.128956,-84.520471,"18-25","N/A","N/A","12/01/2015 02:16:00 PM +0000","02 - FOUR-WAY INTERSECTION","2 - INJURY",2,"12/01/2015 02:16:00 PM +0000","TUE","F - FEMALE","3 - NON-INCAPACITATING","85405229-545D-4C02-AD84-59D447ACD92E","1 - DAYLIGHT","155017566","1 - NOT COLLISION BETWEEN TWO MOTOR VEHICLES IN TRANSPORT","02 - WET","1 - STRAIGHT LEVEL","1 - CONCRETE","N/A","P - PEDESTRIAN","2 - CLOUDY","45220",3,0.304,0.194041347980605,680036,39.1299993684835,-84.5211966698744,"CUF",273417
"XX W MITCHELL AV",39.160119,-84.504336,"OVER 70","N/A","N/A","10/02/2013 03:11:00 PM +0000","01 - NOT AN INTERSECTION","2 - INJURY",2,"10/02/2013 03:13:00 PM +0000","WED","M - MALE","4 - INCAPACITATING","C4B09B54-41DF-40E8-96FF-6CB3B857A3FB","1 - DAYLIGHT","135010725","1 - NOT COLLISION BETWEEN TWO MOTOR VEHICLES IN TRANSPORT","01 - DRY","1 - STRAIGHT LEVEL","2 - BLACKTOP, BITUMINOUS, ASPHALT","N/A","P - PEDESTRIAN","2 - CLOUDY","45217",4,0.141,0.180045276940354,610049,39.159245730842,-84.5053821787174,"Clifton",200052
"9XX HATCH ST",39.109616,-84.498043,"18-25","N/A","N/A","11/06/2013 11:05:00 PM +0000","01 - NOT AN INTERSECTION","2 - INJURY",2,"11/06/2013 11:49:45 PM +0000","WED","F - FEMALE","2 - POSSIBLE","F2015A23-AE5F-416C-AA6B-A7755A6D2499","4 - DARK - LIGHTED ROADWAY","135011787","1 - NOT COLLISION BETWEEN TWO MOTOR VEHICLES IN TRANSPORT","02 - WET","2 - STRAIGHT GRADE","2 - BLACKTOP, BITUMINOUS, ASPHALT","N/A","P - PEDESTRIAN","4 - RAIN","45202",2,1.103,0.114111946332931,580027,39.109743463778,-84.4986045403971,"Mt. Adams",274619
"34XX BEEKMAN ST",39.151946,-84.531945,"41-50","N/A","N/A","04/18/2013 04:41:00 PM +0000","01 - NOT AN INTERSECTION","3 - PROPERTY DAMAGE ONLY (PDO)",3,"04/18/2013 04:42:00 PM +0000","THU","M - MALE","1 - NO INJURY / NONE REPORTED","B1C5A209-FD35-4563-AC40-06432780A38C","1 - DAYLIGHT","135004714","1 - NOT COLLISION BETWEEN TWO MOTOR VEHICLES IN TRANSPORT","01 - DRY","1 - STRAIGHT LEVEL","2 - BLACKTOP, BITUMINOUS, ASPHALT","N/A","P - PEDESTRIAN","1 - CLEAR","45223",1,10.082,0.0977903634659589,730046,39.15250069724,-84.5324927356831,"Clifton",200052
"49XX WHETSEL AV",39.160384,-84.392761,"UNDER 18","MADISONVILLE","MADISONVILLE","03/16/2013 11:45:00 AM +0000","02 - FOUR-WAY INTERSECTION","2 - INJURY",2,"03/16/2013 11:46:00 AM +0000","SAT","F - FEMALE","3 - NON-INCAPACITATING","3F09342F-18A2-42CE-ACB4-5E0543840CB0","1 - DAYLIGHT","135003367","1 - NOT COLLISION BETWEEN TWO MOTOR VEHICLES IN TRANSPORT","01 - DRY","1 - STRAIGHT LEVEL","2 - BLACKTOP, BITUMINOUS, ASPHALT","MADISONVILLE","P - PEDESTRIAN","1 - CLEAR","45227",3,0.304,0.199776841858587,110050,39.1614074036764,-84.3924216470208,"Madisonville",201948
"19XX WESTWOOD AV",39.125714,-84.562554,"UNDER 18","N/A","N/A","03/14/2016 07:30:00 AM +0000","03 - T-INTERSECTION","2 - INJURY",2,"03/14/2016 07:30:00 AM +0000","MON","F - FEMALE","2 - POSSIBLE","F30DC31A-2092-48E6-90C6-676BF6401E8F","1 - DAYLIGHT","165003834","1 - NOT COLLISION BETWEEN TWO MOTOR VEHICLES IN TRANSPORT","01 - DRY","1 - STRAIGHT LEVEL","2 - BLACKTOP, BITUMINOUS, ASPHALT","N/A","P - PEDESTRIAN","2 - CLOUDY","45214",2,1.103,0.143256059594767,860034,39.1254989719467,-84.5618625071414,"South Fairmount",203599
"58XX HAMILTON AV",39.198297,-84.546739,"18-25","N/A","N/A","12/08/2014 09:30:00 AM +0000","02 - FOUR-WAY INTERSECTION","2 - INJURY",2,"12/08/2014 10:05:15 AM +0000","MON","F - FEMALE","3 - NON-INCAPACITATING","418BC16F-97AB-42C7-87BC-373D4FAEE855","1 - DAYLIGHT","145012635","1 - NOT COLLISION BETWEEN TWO MOTOR VEHICLES IN TRANSPORT","01 - DRY","1 - STRAIGHT LEVEL","2 - BLACKTOP, BITUMINOUS, ASPHALT","N/A","P - PEDESTRIAN","2 - CLOUDY","45224",3,0.304,0.191043181531487,790066,39.1975008688472,-84.5460480149738,"College Hill",200100
"XX E MCMILLAN ST",39.127786,-84.512345,"31-40","CUF - HEIGHTS","FAIRVIEW","05/26/2018 09:42:00 PM +0000","01 - NOT AN INTERSECTION","2 - INJURY",2,"05/26/2018 09:43:00 PM +0000","SAT","M - MALE","4 - INCAPACITATING","FBF9630E-2723-4B96-9481-02B4A4DA493B","4 - DARK - LIGHTED ROADWAY","185007429","1 - NOT COLLISION BETWEEN TWO MOTOR VEHICLES IN TRANSPORT","01 - DRY","1 - STRAIGHT LEVEL","2 - BLACKTOP, BITUMINOUS, ASPHALT","CUF","P - PEDESTRIAN","1 - CLEAR","45219",4,0.141,0.102353645738888,640035,39.1277475348877,-84.5121598176245,"CUF",273417
"39XX WARWICK AV",39.159601,-84.491311,"41-50","NORTH AVONDALE","NORTH AVONDALE","08/19/2016 02:56:00 PM +0000","01 - NOT AN INTERSECTION","2 - INJURY",2,"08/19/2016 04:55:55 PM +0000","FRI","M - MALE","3 - NON-INCAPACITATING","E6568781-64F0-4433-8FA0-D7233B9D5E0B","1 - DAYLIGHT","165013283","1 - NOT COLLISION BETWEEN TWO MOTOR VEHICLES IN TRANSPORT","01 - DRY","1 - STRAIGHT LEVEL","2 - BLACKTOP, BITUMINOUS, ASPHALT","NORTH AVONDALE - PADDOCK HILLS","P - PEDESTRIAN","1 - CLEAR","45229",3,0.304,0.0964149984113211,550049,39.1592408891722,-84.4918269022803,"North Avondale",274686
"23XX FERGUSON RD",39.127747,-84.597782,"51-60","N/A","N/A","04/14/2018 06:45:00 PM +0000","01 - NOT AN INTERSECTION","2 - INJURY",2,"04/14/2018 06:48:00 PM +0000","SAT","F - FEMALE","3 - NON-INCAPACITATING","462ED535-9A9B-41C5-A4DC-B8B6782B8910","1 - DAYLIGHT","185005191","1 - NOT COLLISION BETWEEN TWO MOTOR VEHICLES IN TRANSPORT","01 - DRY","1 - STRAIGHT LEVEL","2 - BLACKTOP, BITUMINOUS, ASPHALT","N/A","P - PEDESTRIAN","2 - CLOUDY","45238",3,0.304,0.0969254328495049,1020035,39.1277367635288,-84.5980099113223,"Westwood",204284
"9XX E MCMILLAN ST",39.126216,-84.489538,"26-30","WALNUT HILLS","WALNUT HILLS","08/15/2017 09:32:00 AM +0000","01 - NOT AN INTERSECTION","2 - INJURY",2,"08/15/2017 09:32:00 AM +0000","TUE","F - FEMALE","2 - POSSIBLE","EB741955-8735-4AAC-B09C-885F2F18891E","1 - DAYLIGHT","175012169","1 - NOT COLLISION BETWEEN TWO MOTOR VEHICLES IN TRANSPORT","01 - DRY","1 - STRAIGHT LEVEL","1 - CONCRETE","WALNUT HILLS","P - PEDESTRIAN","1 - CLEAR","45206",2,1.103,0.166046621996596,540034,39.1254899014879,-84.4895676898371,"Walnut Hills",204112
"82XX DALY RD",39.217213,-84.532115,"41-50","COLLEGE HILL","COLLEGE  HILL","11/25/2016 10:46:00 PM +0000","02 - FOUR-WAY INTERSECTION","2 - INJURY",2,"11/25/2016 10:46:00 PM +0000","FRI","M - MALE","3 - NON-INCAPACITATING","E6991225-1E5F-4A91-BB08-D3065432163A","4 - DARK - LIGHTED ROADWAY","165019625","1 - NOT COLLISION BETWEEN TWO MOTOR VEHICLES IN TRANSPORT","01 - DRY","2 - STRAIGHT GRADE","2 - BLACKTOP, BITUMINOUS, ASPHALT","COLLEGE HILL","P - PEDESTRIAN","1 - CLEAR","45231",3,0.304,0.141585402020321,730074,39.2155007541559,-84.5324927356171,"College Hill",200100
"33XX READING RD",39.138681,-84.494821,"31-40","AVONDALE","AVONDALE","08/15/2016 09:59:00 PM +0000","01 - NOT AN INTERSECTION","2 - INJURY",2,"08/15/2016 09:59:00 PM +0000","MON","M - MALE","2 - POSSIBLE","E1344E50-2D8A-4571-BA42-5AACE5D15933","4 - DARK - LIGHTED ROADWAY","165013034","1 - NOT COLLISION BETWEEN TWO MOTOR VEHICLES IN TRANSPORT","01 - DRY","1 - STRAIGHT LEVEL","2 - BLACKTOP, BITUMINOUS, ASPHALT","AVONDALE","P - PEDESTRIAN","1 - CLEAR","45229",2,1.103,0.205380520014206,560040,39.1389917880638,-84.4940861149431,"Avondale",199345
"8XX DELEHANTY CT",39.111076,-84.596537,"UNDER 18","WEST PRICE HILL","WEST PRICE HILL","09/03/2018 06:00:00 PM +0000","01 - NOT AN INTERSECTION","2 - INJURY",2,"09/04/2018 09:00:00 PM +0000","MON","M - MALE","3 - NON-INCAPACITATING","76BB5772-6DDD-44E2-B22D-F8D80671D1A9","1 - DAYLIGHT","185012417","1 - NOT COLLISION BETWEEN TWO MOTOR VEHICLES IN TRANSPORT","01 - DRY","1 - STRAIGHT LEVEL","2 - BLACKTOP, BITUMINOUS, ASPHALT","WEST PRICE HILL","P - PEDESTRIAN","1 - CLEAR","45238",3,0.304,0.151488574897222,1010028,39.1119878408304,-84.5957506989473,"West Price HIll",275981
"8XX MT HOPE AV",39.105285,-84.558308,"18-25","EAST PRICE HILL","EAST PRICE HILL","11/10/2017 10:12:00 PM +0000","01 - NOT AN INTERSECTION","3 - PROPERTY DAMAGE ONLY (PDO)",3,"11/10/2017 10:12:00 PM +0000","FRI","F - FEMALE","1 - NO INJURY / NONE REPORTED","4CCABFD1-4A40-49D4-9F9D-A815F75AA40C","5 - DARK – ROADWAY NOT LIGHTED","175017295","1 - NOT COLLISION BETWEEN TWO MOTOR VEHICLES IN TRANSPORT","01 - DRY","2 - STRAIGHT GRADE","1 - CONCRETE","EAST PRICE HILL","P - PEDESTRIAN","1 - CLEAR","45204",1,10.082,0.101077118769382,840025,39.1052496949173,-84.5573440809016,"East Price Hill",273561
"9XX MAIN ST",39.106674,-84.510199,"26-30","N/A","N/A","11/06/2015 01:40:00 AM +0000","02 - FOUR-WAY INTERSECTION","2 - INJURY",2,"11/06/2015 01:47:00 AM +0000","FRI","M - MALE","3 - NON-INCAPACITATING","9760D9E1-7983-48AF-BBE5-C6228B92577B","4 - DARK - LIGHTED ROADWAY","155016185","1 - NOT COLLISION BETWEEN TWO MOTOR VEHICLES IN TRANSPORT","02 - WET","1 - STRAIGHT LEVEL","2 - BLACKTOP, BITUMINOUS, ASPHALT","N/A","P - PEDESTRIAN","4 - RAIN","45202",3,0.304,0.125174399232344,630026,39.1074969500199,-84.5099006046852,"Over-The-Rhine",202750
"27XX MONTANA AV",39.150581,-84.58819,"UNDER 18","N/A","N/A","08/13/2015 06:36:00 PM +0000","01 - NOT AN INTERSECTION","2 - INJURY",2,"08/13/2015 06:37:00 PM +0000","THU","F - FEMALE","4 - INCAPACITATING","3CC480E1-46A9-42EE-BE5C-4E9743983530","1 - DAYLIGHT","155011295","1 - NOT COLLISION BETWEEN TWO MOTOR VEHICLES IN TRANSPORT","01 - DRY","1 - STRAIGHT LEVEL","1 - CONCRETE","N/A","P - PEDESTRIAN","1 - CLEAR","45211",4,0.141,0.108699771442421,980045,39.1502408816313,-84.5889730615788,"Westwood",204284
"16XX WESTWOOD AV",39.125882,-84.548681,"UNDER 18","N/A","N/A","11/10/2015 04:00:00 PM +0000","05 - TRAFFIC CIRCLE/ROUNDABOUT","2 - INJURY",2,"11/10/2015 04:15:00 PM +0000","TUE","F - FEMALE","3 - NON-INCAPACITATING","2388B465-1673-43A0-80AF-B33242827618","1 - DAYLIGHT","155016411","1 - NOT COLLISION BETWEEN TWO MOTOR VEHICLES IN TRANSPORT","01 - DRY","1 - STRAIGHT LEVEL","2 - BLACKTOP, BITUMINOUS, ASPHALT","N/A","P - PEDESTRIAN","1 - CLEAR","45214",3,0.304,0.187310190707058,800034,39.1255006726601,-84.5483072282059,"South Fairmount",203599
"60XX WINTON RIDGE LN",39.201171,-84.520895,"18-25","N/A","N/A","10/27/2015 07:20:00 AM +0000","01 - NOT AN INTERSECTION","2 - INJURY",2,"10/27/2015 07:22:00 AM +0000","TUE","F - FEMALE","2 - POSSIBLE","4BEC9F1A-AEB7-453B-A6F0-60F0E40D005F","2 - DAWN","155015527","1 - NOT COLLISION BETWEEN TWO MOTOR VEHICLES IN TRANSPORT","02 - WET","1 - STRAIGHT LEVEL","1 - CONCRETE","N/A","P - PEDESTRIAN","4 - RAIN","45232",2,1.103,0.132887544566594,680067,39.1997494310437,-84.5211966697619,"Winton Hills",276110
"12XX LINN ST",39.10784,-84.52768,"OVER 70","N/A","N/A","09/05/2014 04:39:00 PM +0000","01 - NOT AN INTERSECTION","2 - INJURY",2,"09/05/2014 04:39:00 PM +0000","FRI","F - FEMALE","3 - NON-INCAPACITATING","32861427-6D0D-4306-8B9E-1027AD09397E","1 - DAYLIGHT","145008290","1 - NOT COLLISION BETWEEN TWO MOTOR VEHICLES IN TRANSPORT","01 - DRY","1 - STRAIGHT LEVEL","1 - CONCRETE","N/A","P - PEDESTRIAN","1 - CLEAR","45203",3,0.304,0.117782205634713,710026,39.1075002637932,-84.5279743093535,"West End",276647
"34XX EDWARDS RD",39.139755,-84.442678,"OVER 70","N/A","N/A","01/27/2016 07:40:00 PM +0000","02 - FOUR-WAY INTERSECTION","1 - FATAL INJURY",1,"01/27/2016 07:42:00 PM +0000","WED","M - MALE","5 - FATAL","32FD0920-B42B-42E7-8005-4D4F0D27455C","4 - DARK - LIGHTED ROADWAY","165001379","1 - NOT COLLISION BETWEEN TWO MOTOR VEHICLES IN TRANSPORT","01 - DRY","1 - STRAIGHT LEVEL","2 - BLACKTOP, BITUMINOUS, ASPHALT","N/A","P - PEDESTRIAN","1 - CLEAR","45208",5,0.046,0.116506853172248,330040,39.1389596894487,-84.4421242452449,"Hyde Park",201414
"58XX RIDGE AV",39.178401,-84.426871,"41-50","N/A","N/A","01/18/2018 06:00:00 AM +0000","03 - T-INTERSECTION","2 - INJURY",2,"01/18/2018 06:02:00 AM +0000","THU","F - FEMALE","3 - NON-INCAPACITATING","CB972895-69D6-41C3-81F2-CE238E943659","4 - DARK - LIGHTED ROADWAY","185000948","1 - NOT COLLISION BETWEEN TWO MOTOR VEHICLES IN TRANSPORT","04 - ICE","2 - STRAIGHT GRADE","3 - BRICK/BLOCK","N/A","P - PEDESTRIAN","1 - CLEAR","45213",3,0.304,0.154820840771847,260058,39.1794453615885,-84.4263097742215,"Pleasant Ridge",202946
"42XX GLENWAY AV",39.113955,-84.585197,"UNDER 18","WEST PRICE HILL","WEST PRICE HILL","07/07/2017 09:45:00 PM +0000","02 - FOUR-WAY INTERSECTION","2 - INJURY",2,"07/07/2017 09:47:00 PM +0000","FRI","F - FEMALE","3 - NON-INCAPACITATING","12446CDF-319F-458E-80BE-F094400F8E9A","4 - DARK - LIGHTED ROADWAY","175010129","1 - NOT COLLISION BETWEEN TWO MOTOR VEHICLES IN TRANSPORT","02 - WET","1 - STRAIGHT LEVEL","2 - BLACKTOP, BITUMINOUS, ASPHALT","WEST PRICE HILL","P - PEDESTRIAN","4 - RAIN","45205",3,0.304,0.172205980786715,960029,39.1142426391663,-84.5844546362597,"West Price HIll",275981
"24XX MADISON RD",39.138664,-84.452609,"OVER 70","HYDE PARK","HYDE PARK","09/24/2017 12:04:00 PM +0000","01 - NOT AN INTERSECTION","1 - FATAL INJURY",1,"09/24/2017 12:04:00 PM +0000","SUN","F - FEMALE","5 - FATAL","22650799-EA5A-4ECD-9BF3-5C9A4F1F63A5","1 - DAYLIGHT","175014432","1 - NOT COLLISION BETWEEN TWO MOTOR VEHICLES IN TRANSPORT","01 - DRY","1 - STRAIGHT LEVEL","2 - BLACKTOP, BITUMINOUS, ASPHALT","HYDE PARK","P - PEDESTRIAN","1 - CLEAR","45208",5,0.046,0.164938199758898,380040,39.1389686299577,-84.4534202995715,"Hyde Park",201414
"2XX MCGREGOR AV",39.123691,-84.503072,"41-50","MOUNT AUBURN","MOUNT  AUBURN","01/13/2017 06:22:00 PM +0000","02 - FOUR-WAY INTERSECTION","2 - INJURY",2,"01/13/2017 06:26:00 PM +0000","FRI","M - MALE","2 - POSSIBLE","28997576-FA89-44A2-B165-6E020ECBA05D","4 - DARK - LIGHTED ROADWAY","175000682","1 - NOT COLLISION BETWEEN TWO MOTOR VEHICLES IN TRANSPORT","01 - DRY","2 - STRAIGHT GRADE","2 - BLACKTOP, BITUMINOUS, ASPHALT","MT. AUBURN","P - PEDESTRIAN","1 - CLEAR","45219",2,1.103,0.0997933372543249,600033,39.1232450016623,-84.5031229659416,"Mt. Auburn",274621
"1XX GLENWOOD",39.154044,-84.502119,"OVER 70","AVONDALE - NORTH AVONDALE","NORTH AVONDALE","11/10/2013 06:44:22 AM +0000","01 - NOT AN INTERSECTION","2 - INJURY",2,"11/10/2013 06:52:38 AM +0000","SUN","F - FEMALE","2 - POSSIBLE","21748DF6-01B9-445E-BFEB-287231E311E5","2 - DAWN","135011887","1 - NOT COLLISION BETWEEN TWO MOTOR VEHICLES IN TRANSPORT","01 - DRY","2 - STRAIGHT GRADE","1 - CONCRETE","AVONDALE","P - PEDESTRIAN","1 - CLEAR","45217",2,1.103,0.109125714191333,600047,39.1547450290438,-84.5031229658641,"Avondale",199345
"36XX VINE ST",39.151826,-84.510234,"26-30","N/A","N/A","07/16/2013 09:58:00 PM +0000","01 - NOT AN INTERSECTION","2 - INJURY",2,"07/16/2013 09:59:00 PM +0000","TUE","M - MALE","4 - INCAPACITATING","0E090B11-A7C9-45F0-9582-707E5F5C7383","4 - DARK - LIGHTED ROADWAY","135008609","1 - NOT COLLISION BETWEEN TWO MOTOR VEHICLES IN TRANSPORT","01 - DRY","2 - STRAIGHT GRADE","2 - BLACKTOP, BITUMINOUS, ASPHALT","N/A","P - PEDESTRIAN","2 - CLOUDY","45220",4,0.141,0.109431145288291,630046,39.1524969898362,-84.5099006045883,"Clifton",200052
"5XX VINE ST",39.102363,-84.513659,"31-40","N/A","N/A","10/15/2014 04:45:00 PM +0000","01 - NOT AN INTERSECTION","2 - INJURY",2,"10/15/2014 05:30:00 PM +0000","WED","M - MALE","3 - NON-INCAPACITATING","27D05E0E-9FE2-4758-8E53-6FD5091BAB87","1 - DAYLIGHT","145010218","1 - NOT COLLISION BETWEEN TWO MOTOR VEHICLES IN TRANSPORT","01 - DRY","4 - CURVE GRADE","1 - CONCRETE","N/A","P - PEDESTRIAN","2 - CLOUDY","45202",3,0.304,0.11974297910776,650024,39.1029980360431,-84.5144190306905,"Central Business District",273189
"36XX READING RD",39.150758,-84.488138,"41-50","N/A","N/A","10/13/2014 08:25:00 PM +0000","01 - NOT AN INTERSECTION","2 - INJURY",2,"10/13/2014 08:26:00 PM +0000","MON","F - FEMALE","3 - NON-INCAPACITATING","BA4B5715-7AA0-4C10-8DA2-87410D29BE1D","6 - DARK – UNKNOWN ROADWAY LIGHTING","145010086","1 - NOT COLLISION BETWEEN TWO MOTOR VEHICLES IN TRANSPORT","01 - DRY","1 - STRAIGHT LEVEL","2 - BLACKTOP, BITUMINOUS, ASPHALT","N/A","P - PEDESTRIAN","1 - CLEAR","45229",3,0.304,0.102477630064705,530045,39.1502389189275,-84.4873084772811,"North Avondale",274686
"81XX DALY RD",39.216071,-84.530708,"31-40","COLLEGE HILL","COLLEGE  HILL","12/09/2017 07:09:00 PM +0000","01 - NOT AN INTERSECTION","2 - INJURY",2,"12/09/2017 07:10:00 PM +0000","SAT","M - MALE","3 - NON-INCAPACITATING","9D75C101-F583-4DE4-88C2-6FC0C8C126F6","4 - DARK - LIGHTED ROADWAY","175018820","1 - NOT COLLISION BETWEEN TWO MOTOR VEHICLES IN TRANSPORT","03 - SNOW","2 - STRAIGHT GRADE","2 - BLACKTOP, BITUMINOUS, ASPHALT","COLLEGE HILL","P - PEDESTRIAN","6 - SNOW","45224",3,0.304,0.141585402020321,730074,39.2155007541559,-84.5324927356171,"College Hill",200100
"33XX GLENWAY AV",39.114138,-84.563611,"UNDER 18","EAST PRICE HILL","EAST PRICE HILL","10/03/2017 02:45:00 PM +0000","02 - FOUR-WAY INTERSECTION","2 - INJURY",2,"10/03/2017 02:48:00 PM +0000","TUE","F - FEMALE","3 - NON-INCAPACITATING","FCA3F040-EC9B-4AEF-926B-AB45B2BADFC4","1 - DAYLIGHT","175014953","1 - NOT COLLISION BETWEEN TWO MOTOR VEHICLES IN TRANSPORT","01 - DRY","1 - STRAIGHT LEVEL","2 - BLACKTOP, BITUMINOUS, ASPHALT","EAST PRICE HILL","P - PEDESTRIAN","1 - CLEAR","45205",3,0.304,0.212919980888083,870029,39.1142485257671,-84.5641217202144,"East Price Hill",273561
"5XX W KING DR",39.14022,-84.525228,"18-25","N/A","N/A","09/27/2014 12:28:00 PM +0000","01 - NOT AN INTERSECTION","2 - INJURY",2,"09/27/2014 12:28:00 PM +0000","SAT","M - MALE","4 - INCAPACITATING","5DCD6324-419C-4662-99D8-D09D48C23B81","1 - DAYLIGHT","145009265","1 - NOT COLLISION BETWEEN TWO MOTOR VEHICLES IN TRANSPORT","01 - DRY","2 - STRAIGHT GRADE","6 - OTHER","N/A","P - PEDESTRIAN","1 - CLEAR","45220",4,0.141,0.152289151983717,700041,39.1412500328182,-84.52571509614,"Clifton",200052