"address_x","lat","long","age","community_council_neighborhood","cpd_neighborhood","crashdate","crashlocation","crashseverity","crashseverityid","datecrashreported","dayofweek","gender","injuries","instanceid","lightconditionsprimary","localreportno","mannerofcrash","roadconditionsprimary","roadcontour","roadsurface","sna_neighborhood","typeofperson","weather","zip","injury_type_num","cost","dist","cell_id","lat_cell","long_cell","hood","hood_id"
"6XX OAK ST",39.130789,-84.497028,"26-30","AVONDALE","AVONDALE","01/20/2016 06:30:00 AM +0000","02 - FOUR-WAY INTERSECTION","2 - INJURY",2,"01/20/2016 07:56:00 AM +0000","WED","F - FEMALE","2 - POSSIBLE","E585F330-4E83-4AD3-A4F7-4BCCE6E0C749","2 - DAWN","165000947","1 - NOT COLLISION BETWEEN TWO MOTOR VEHICLES IN TRANSPORT","03 - SNOW","1 - STRAIGHT LEVEL","2 - BLACKTOP, BITUMINOUS, ASPHALT","AVONDALE","P - PEDESTRIAN","6 - SNOW","45206",2,1.103,0.122292152515521,570036,39.1299926526335,-84.4963453276287,"Avondale",199345
"30XX HARRISON AV",39.149123,-84.599818,"OVER 70","N/A","N/A","01/28/2015 10:42:00 AM +0000","01 - NOT AN INTERSECTION","2 - INJURY",2,"01/28/2015 10:43:00 AM +0000","WED","M - MALE","4 - INCAPACITATING","8B568ED5-94C7-43FC-85F9-31E7235F9CFB","1 - DAYLIGHT","155001203","1 - NOT COLLISION BETWEEN TWO MOTOR VEHICLES IN TRANSPORT","02 - WET","1 - STRAIGHT LEVEL","2 - BLACKTOP, BITUMINOUS, ASPHALT","N/A","P - PEDESTRIAN","1 - CLEAR","45211",4,0.141,0.0841544342540708,1030045,39.1502356477325,-84.6002691236421,"Westwood",204284
"6XX BROADWAY ST",39.103718,-84.507378,"UNDER 18","N/A","N/A","05/05/2015 08:15:00 AM +0000","01 - NOT AN INTERSECTION","2 - INJURY",2,"05/05/2015 08:17:00 AM +0000","TUE","F - FEMALE","3 - NON-INCAPACITATING","5344B1A6-4DFF-4DBB-A9BD-2C835F866753","1 - DAYLIGHT","155006164","1 - NOT COLLISION BETWEEN TWO MOTOR VEHICLES IN TRANSPORT","01 - DRY","1 - STRAIGHT LEVEL","2 - BLACKTOP, BITUMINOUS, ASPHALT","N/A","P - PEDESTRIAN","1 - CLEAR","45202",3,0.304,0.109217539113694,620024,39.1029963356098,-84.5076413917523,"Central Business District",273189
"10XX OVERLOOK AV",39.112675,-84.599672,"31-40","WEST PRICE HILL","WEST PRICE HILL","07/12/2018 02:40:00 PM +0000","03 - T-INTERSECTION","2 - INJURY",2,"07/12/2018 02:40:00 PM +0000","THU","F - FEMALE","3 - NON-INCAPACITATING","24E54ABC-2688-4794-84D6-12B68533773C","1 - DAYLIGHT","185009675","1 - NOT COLLISION BETWEEN TWO MOTOR VEHICLES IN TRANSPORT","01 - DRY","1 - STRAIGHT LEVEL","2 - BLACKTOP, BITUMINOUS, ASPHALT","WEST PRICE HILL","P - PEDESTRIAN","1 - CLEAR","45238",3,0.304,0.152103242170795,1030028,39.1119856170405,-84.6002691235638,"West Price HIll",275981
"11XX KOSSUTH CT",39.106786,-84.526804,"UNDER 18","WEST END","WEST  END","07/29/2014 09:45:00 PM +0000","10 - DRIVEWAY/ALLEY ACCESS","2 - INJURY",2,"07/29/2014 10:00:00 PM +0000","TUE","M - MALE","2 - POSSIBLE","17172581-2D20-40C4-B1D4-9D4F9AF0D2C4","4 - DARK - LIGHTED ROADWAY","145006677","1 - NOT COLLISION BETWEEN TWO MOTOR VEHICLES IN TRANSPORT","01 - DRY","1 - STRAIGHT LEVEL","1 - CONCRETE","WEST END","P - PEDESTRIAN","1 - CLEAR","45203",2,1.103,0.153524512343179,700026,39.1075000021796,-84.5257150961868,"West End",276647
"1XX ELDER ST",39.114834,-84.518746,"61-70","OTR","OVER-THE-RHINE","01/20/2014 10:00:00 AM +0000","03 - T-INTERSECTION","2 - INJURY",2,"01/20/2014 10:00:00 AM +0000","MON","M - MALE","2 - POSSIBLE","1446A354-095B-4F8B-A954-8DAEA56178EB","1 - DAYLIGHT","145000548","1 - NOT COLLISION BETWEEN TWO MOTOR VEHICLES IN TRANSPORT","01 - DRY","1 - STRAIGHT LEVEL","2 - BLACKTOP, BITUMINOUS, ASPHALT","OVER-THE-RHINE","P - PEDESTRIAN","1 - CLEAR","45202",2,1.103,0.194000461194668,670029,39.1142489618151,-84.5189374567953,"Over-The-Rhine",202750
"58XX GLENWAY AV",39.13657,-84.613528,"18-25","WESTWOOD","WESTWOOD","01/26/2015 03:13:00 PM +0000","02 - FOUR-WAY INTERSECTION","2 - INJURY",2,"01/26/2015 03:15:00 PM +0000","MON","M - MALE","3 - NON-INCAPACITATING","DB5B6096-DFC1-4202-9288-7D079363E3D8","1 - DAYLIGHT","155001094","1 - NOT COLLISION BETWEEN TWO MOTOR VEHICLES IN TRANSPORT","01 - DRY","2 - STRAIGHT GRADE","2 - BLACKTOP, BITUMINOUS, ASPHALT","WESTWOOD","P - PEDESTRIAN","1 - CLEAR","45238",3,0.304,0.150861097212659,1090039,39.1367279176773,-84.6138243956056,"Westwood",204284
"35XX READING RD",39.143601,-84.490081,"61-70","AVONDALE","AVONDALE","10/04/2017 10:40:43 AM +0000","02 - FOUR-WAY INTERSECTION","2 - INJURY",2,"10/04/2017 10:55:03 AM +0000","WED","F - FEMALE","3 - NON-INCAPACITATING","56AA09D0-E50C-444C-9417-56791CE98015","1 - DAYLIGHT","175014994","1 - NOT COLLISION BETWEEN TWO MOTOR VEHICLES IN TRANSPORT","01 - DRY","1 - STRAIGHT LEVEL","2 - BLACKTOP, BITUMINOUS, ASPHALT","AVONDALE","P - PEDESTRIAN","1 - CLEAR","45229",3,0.304,0.1191635052547,540042,39.1434899164806,-84.4895676897828,"Avondale",199345
"60XX MONTGOMERY RD",39.180881,-84.429059,"41-50","N/A","N/A","07/19/2018 09:30:00 AM +0000","02 - FOUR-WAY INTERSECTION","2 - INJURY",2,"07/19/2018 09:30:00 AM +0000","THU","F - FEMALE","2 - POSSIBLE","A1D2B27C-A185-424B-81B4-3D453EBC7DBB","1 - DAYLIGHT","185009998","1 - NOT COLLISION BETWEEN TWO MOTOR VEHICLES IN TRANSPORT","01 - DRY","1 - STRAIGHT LEVEL","2 - BLACKTOP, BITUMINOUS, ASPHALT","N/A","P - PEDESTRIAN","1 - CLEAR","45213",2,1.103,0.151468169875956,270059,39.1816975440107,-84.4285689839332,"Pleasant Ridge",202946
"25XX FERGUSON RD",39.134816,-84.599453,"31-40","N/A","N/A","06/24/2016 09:05:00 PM +0000","02 - FOUR-WAY INTERSECTION","2 - INJURY",2,"06/24/2016 09:06:00 PM +0000","FRI","F - FEMALE","3 - NON-INCAPACITATING","14ACBA05-695B-40F4-A579-01BA941C641D","4 - DARK - LIGHTED ROADWAY","165009889","1 - NOT COLLISION BETWEEN TWO MOTOR VEHICLES IN TRANSPORT","01 - DRY","1 - STRAIGHT LEVEL","1 - CONCRETE","N/A","P - PEDESTRIAN","1 - CLEAR","45238",3,0.304,0.157427206026643,1030038,39.1344856351185,-84.6002691236098,"Westwood",204284
"XX WILLIAM HOWARD TAFT RD",39.127552,-84.509815,"51-60","N/A","N/A","07/28/2014 01:54:00 PM +0000","03 - T-INTERSECTION","3 - PROPERTY DAMAGE ONLY (PDO)",3,"07/28/2014 01:56:00 PM +0000","MON","F - FEMALE","1 - NO INJURY / NONE REPORTED","335B341E-CCAF-41BD-BAAF-DD15FB988E36","1 - DAYLIGHT","145006642","1 - NOT COLLISION BETWEEN TWO MOTOR VEHICLES IN TRANSPORT","01 - DRY","1 - STRAIGHT LEVEL","1 - CONCRETE","N/A","P - PEDESTRIAN","1 - CLEAR","45219",1,10.082,0.13432532964,630035,39.1277469679745,-84.5099006046416,"Corryville",200172
"N I75 AT 2-4 MM",39.124594,-84.535515,"51-60","N/A","N/A","07/14/2016 10:53:00 AM +0000","07 - ON RAMP","1 - FATAL INJURY",1,"07/14/2016 10:53:00 AM +0000","THU","M - MALE","5 - FATAL","FA22B884-313E-4B1F-81F7-47D0DAB5A6B7","1 - DAYLIGHT","165011046","2 - REAR-END","01 - DRY","4 - CURVE GRADE","2 - BLACKTOP, BITUMINOUS, ASPHALT","N/A","P - PEDESTRIAN","1 - CLEAR","45214",5,0.046,0.194748763471638,740034,39.1255008034852,-84.5347519489179,"Camp Washington",199841
"X W CENTRAL PY",39.108027,-84.513779,"41-50","N/A","N/A","12/01/2015 01:30:00 PM +0000","02 - FOUR-WAY INTERSECTION","2 - INJURY",2,"12/01/2015 01:31:00 PM +0000","TUE","F - FEMALE","4 - INCAPACITATING","9AE6CAC4-4FAB-4040-8AD5-F8ECFD70E5BE","1 - DAYLIGHT","155017619","1 - NOT COLLISION BETWEEN TWO MOTOR VEHICLES IN TRANSPORT","02 - WET","1 - STRAIGHT LEVEL","2 - BLACKTOP, BITUMINOUS, ASPHALT","N/A","P - PEDESTRIAN","4 - RAIN","45202",4,0.141,0.213835869601452,650026,39.107498040077,-84.5144190306818,"Over-The-Rhine",202750
"37XX WARSAW",39.113164,-84.575811,"UNDER 18","WEST PRICE HILL","WEST PRICE HILL","12/02/2016 03:25:00 PM +0000","01 - NOT AN INTERSECTION","2 - INJURY",2,"12/02/2016 03:28:00 PM +0000","FRI","M - MALE","2 - POSSIBLE","6CCC3BDF-2EA8-43F1-B78D-CE0D3364C98C","1 - DAYLIGHT","165020067","1 - NOT COLLISION BETWEEN TWO MOTOR VEHICLES IN TRANSPORT","01 - DRY","1 - STRAIGHT LEVEL","2 - BLACKTOP, BITUMINOUS, ASPHALT","EAST PRICE HILL","P - PEDESTRIAN","1 - CLEAR","45205",2,1.103,0.102120491797152,920029,39.1142456914777,-84.5754177851081,"East Price Hill",273561
"18XX MEARS AV",39.087336,-84.386993,"UNDER 18","N/A","N/A","02/10/2016 02:22:00 PM +0000","01 - NOT AN INTERSECTION","2 - INJURY",2,"02/10/2016 02:22:00 PM +0000","WED","M - MALE","2 - POSSIBLE","47CF61CE-A426-4CC0-91B1-8357E51D1B16","1 - DAYLIGHT","165002051","1 - NOT COLLISION BETWEEN TWO MOTOR VEHICLES IN TRANSPORT","01 - DRY","2 - STRAIGHT GRADE","2 - BLACKTOP, BITUMINOUS, ASPHALT","N/A","P - PEDESTRIAN","2 - CLOUDY","45230",2,1.103,0.123357894894406,90017,39.0871515879733,-84.3879032331346,"Mt. Washington",274624
"25XX CLIFTON",39.12943,-84.52026,"18-25","N/A","N/A","03/31/2014 10:18:00 AM +0000","03 - T-INTERSECTION","2 - INJURY",2,"03/31/2014 10:19:00 AM +0000","MON","F - FEMALE","2 - POSSIBLE","CC5FEC4A-0A70-4456-80E5-626A6127D4EA","1 - DAYLIGHT","145002483","1 - NOT COLLISION BETWEEN TWO MOTOR VEHICLES IN TRANSPORT","01 - DRY","1 - STRAIGHT LEVEL","2 - BLACKTOP, BITUMINOUS, ASPHALT","N/A","P - PEDESTRIAN","1 - CLEAR","45221",2,1.103,0.194041347980605,680036,39.1299993684835,-84.5211966698744,"CUF",273417
"48XX WINTON RD",39.177883,-84.518998,"41-50","N/A","N/A","07/29/2017 03:56:00 PM +0000","01 - NOT AN INTERSECTION","2 - INJURY",2,"07/29/2017 03:58:00 PM +0000","SAT","M - MALE","3 - NON-INCAPACITATING","054F2756-49A0-434D-91F0-9F39C4AB03F2","1 - DAYLIGHT","175011301","1 - NOT COLLISION BETWEEN TWO MOTOR VEHICLES IN TRANSPORT","01 - DRY","1 - STRAIGHT LEVEL","2 - BLACKTOP, BITUMINOUS, ASPHALT","N/A","P - PEDESTRIAN","1 - CLEAR","45232",3,0.304,0.0980719385141311,670057,39.1772490183249,-84.5189374566867,"Winton Place",204406
"2XX CALHOUN ST",39.129063,-84.514133,"41-50","CORRYVILLE - HEIGHTS","CLIFTON/UNIVERSITY HEIGHTS","05/13/2014 03:37:00 PM +0000","01 - NOT AN INTERSECTION","2 - INJURY",2,"05/13/2014 03:37:00 PM +0000","TUE","F - FEMALE","2 - POSSIBLE","D2F7F2AD-3994-47C5-BE1B-12513CA6B642","1 - DAYLIGHT","145003662","1 - NOT COLLISION BETWEEN TWO MOTOR VEHICLES IN TRANSPORT","01 - DRY","1 - STRAIGHT LEVEL","1 - CONCRETE","CUF","P - PEDESTRIAN","1 - CLEAR","45221",2,1.103,0.0970575842639095,650036,39.1299980602011,-84.5144190306381,"CUF",273417
"29XX COLERAIN AV",39.136623,-84.536194,"18-25","N/A","N/A","02/13/2014 06:15:00 PM +0000","02 - FOUR-WAY INTERSECTION","2 - INJURY",2,"02/13/2014 06:16:00 PM +0000","THU","M - MALE","3 - NON-INCAPACITATING","40165604-2F21-48F7-99B1-D2983CAE619A","3 - DUSK","145001273","1 - NOT COLLISION BETWEEN TWO MOTOR VEHICLES IN TRANSPORT","02 - WET","1 - STRAIGHT LEVEL","2 - BLACKTOP, BITUMINOUS, ASPHALT","N/A","P - PEDESTRIAN","1 - CLEAR","45225",3,0.304,0.113401919099209,750039,39.1367509009735,-84.5370111621222,"Camp Washington",199841
"82XX WOODBINE AV",39.21309,-84.467438,"31-40","HARTWELL","HARTWELL","08/26/2014 05:45:00 AM +0000","10 - DRIVEWAY/ALLEY ACCESS","2 - INJURY",2,"08/26/2014 05:45:00 AM +0000","TUE","M - MALE","3 - NON-INCAPACITATING","D47F55C0-E965-437D-B56C-899A6CE27AB6","4 - DARK - LIGHTED ROADWAY","145007805","1 - NOT COLLISION BETWEEN TWO MOTOR VEHICLES IN TRANSPORT","01 - DRY","1 - STRAIGHT LEVEL","2 - BLACKTOP, BITUMINOUS, ASPHALT","HARTWELL","P - PEDESTRIAN","1 - CLEAR","45216",3,0.304,0.11160483111634,440073,39.2132279743688,-84.466975568013,"Hartwell",201193
"XX E MCMICKEN AV",39.114579,-84.514525,"UNDER 18","OTR","OVER-THE-RHINE","01/23/2017 06:11:03 PM +0000","01 - NOT AN INTERSECTION","2 - INJURY",2,"01/23/2017 06:11:04 PM +0000","MON","M - MALE","3 - NON-INCAPACITATING","30D2CBB7-0611-4BA1-9704-8518AD6D07E2","1 - DAYLIGHT","175001142","1 - NOT COLLISION BETWEEN TWO MOTOR VEHICLES IN TRANSPORT","02 - WET","1 - STRAIGHT LEVEL","2 - BLACKTOP, BITUMINOUS, ASPHALT","OVER-THE-RHINE","P - PEDESTRIAN","2 - CLOUDY","45202",3,0.304,0.0864149811913835,650029,39.1142480461222,-84.5144190306687,"Over-The-Rhine",202750
"1XX JOE NUXHALL",39.097553,-84.508985,"26-30","N/A","N/A","07/01/2014 06:30:00 PM +0000","10 - DRIVEWAY/ALLEY ACCESS","2 - INJURY",2,"07/01/2014 09:15:00 PM +0000","TUE","M - MALE","2 - POSSIBLE","5A695997-162B-43AB-97A5-237E2F3B5E0C","1 - DAYLIGHT","145005145","1 - NOT COLLISION BETWEEN TWO MOTOR VEHICLES IN TRANSPORT","01 - DRY","1 - STRAIGHT LEVEL","1 - CONCRETE","N/A","P - PEDESTRIAN","1 - CLEAR","45202",2,1.103,0.195556727239186,630022,39.0984969420206,-84.5099006047046,"Central Business District",273189
"16XX WESTMORELAND AV",39.165746,-84.541764,"31-40","NORTHSIDE","NORTHSIDE","01/15/2017 10:27:00 PM +0000","03 - T-INTERSECTION","2 - INJURY",2,"01/15/2017 10:27:00 PM +0000","SUN","M - MALE","2 - POSSIBLE","F51EBF1B-9AE7-40BA-93B7-BCE305D40134","4 - DARK - LIGHTED ROADWAY","175000782","1 - NOT COLLISION BETWEEN TWO MOTOR VEHICLES IN TRANSPORT","02 - WET","1 - STRAIGHT LEVEL","2 - BLACKTOP, BITUMINOUS, ASPHALT","NORTHSIDE","P - PEDESTRIAN","4 - RAIN","45223",2,1.103,0.0511620564141417,770052,39.1660009712114,-84.5415295885445,"Northside",274791
"1XX E MCMILLAN ST",39.127721,-84.518351,"18-25","N/A","N/A","04/21/2017 10:20:00 PM +0000","02 - FOUR-WAY INTERSECTION","2 - INJURY",2,"04/21/2017 10:20:00 PM +0000","FRI","M - MALE","3 - NON-INCAPACITATING","F5675EF0-1263-4826-8980-02B3B166A61A","4 - DARK - LIGHTED ROADWAY","175005814","1 - NOT COLLISION BETWEEN TWO MOTOR VEHICLES IN TRANSPORT","02 - WET","2 - STRAIGHT GRADE","2 - BLACKTOP, BITUMINOUS, ASPHALT","N/A","P - PEDESTRIAN","4 - RAIN","45219",3,0.304,0.201246014799999,670035,39.1277489739748,-84.518937456772,"CUF",273417
"46XX MARBURG AV",39.160479,-84.427722,"26-30","N/A","N/A","07/24/2016 01:00:00 PM +0000","01 - NOT AN INTERSECTION","2 - INJURY",2,"07/24/2016 01:32:00 PM +0000","SUN","M - MALE","2 - POSSIBLE","D7B82F73-1A62-425D-8BCB-86B9A8A19988","1 - DAYLIGHT","165011636","1 - NOT COLLISION BETWEEN TWO MOTOR VEHICLES IN TRANSPORT","01 - DRY","1 - STRAIGHT LEVEL","2 - BLACKTOP, BITUMINOUS, ASPHALT","N/A","P - PEDESTRIAN","1 - CLEAR","45209",2,1.103,0.129708527579939,270050,39.1614475334325,-84.4285689840129,"Oakley",202657
"N I75 AT 3-5 MM",39.133981,-84.532443,"51-60","N/A","N/A","08/03/2017 11:00:00 AM +0000","01 - NOT AN INTERSECTION","2 - INJURY",2,"08/03/2017 11:00:00 AM +0000","THU","M - MALE","4 - INCAPACITATING","C576672B-E575-42E7-8DDB-E0E1C51CF7C1","1 - DAYLIGHT","175011588","1 - NOT COLLISION BETWEEN TWO MOTOR VEHICLES IN TRANSPORT","01 - DRY","1 - STRAIGHT LEVEL","2 - BLACKTOP, BITUMINOUS, ASPHALT","N/A","P - PEDESTRIAN","1 - CLEAR","45211",4,0.141,0.12515730810916,730038,39.1345006808666,-84.532492735702,"Camp Washington",199841
"38XX PAXTON",39.145775,-84.430847,"UNDER 18","N/A","N/A","03/20/2014 01:00:00 PM +0000","01 - NOT AN INTERSECTION","2 - INJURY",2,"03/20/2014 01:00:00 PM +0000","THU","F - FEMALE","2 - POSSIBLE","1E7A3845-1659-4BEF-9F85-08298D64FC85","1 - DAYLIGHT","145002215","1 - NOT COLLISION BETWEEN TWO MOTOR VEHICLES IN TRANSPORT","01 - DRY","1 - STRAIGHT LEVEL","2 - BLACKTOP, BITUMINOUS, ASPHALT","N/A","P - PEDESTRIAN","1 - CLEAR","45209",2,1.103,0.14937024430312,280043,39.1456996622835,-84.4308281939353,"Oakley",202657
"10XX BROADWAY ST",39.107872,-84.506416,"61-70","DOWNTOWN - PENDLETON","C. B. D. / RIVERFRONT","11/24/2016 09:30:00 PM +0000","01 - NOT AN INTERSECTION","2 - INJURY",2,"11/24/2016 09:30:00 PM +0000","THU","M - MALE","3 - NON-INCAPACITATING","3243FF58-FCE1-4419-9663-064B8575BC78","8 - OTHER","165019590","1 - NOT COLLISION BETWEEN TWO MOTOR VEHICLES IN TRANSPORT","01 - DRY","1 - STRAIGHT LEVEL","1 - CONCRETE","PENDLETON","P - PEDESTRIAN","1 - CLEAR","45202",3,0.304,0.166707595298285,610026,39.1074956855537,-84.5053821788396,"Central Business District",273189
"11XX SUMMIT RD",39.195802,-84.470432,"18-25","ROSELAWN","ROSELAWN","10/29/2016 03:18:00 AM +0000","01 - NOT AN INTERSECTION","2 - INJURY",2,"10/29/2016 03:19:00 AM +0000","SAT","M - MALE","4 - INCAPACITATING","DA785532-2405-4A91-BF87-58963B0B487D","4 - DARK - LIGHTED ROADWAY","165018149","1 - NOT COLLISION BETWEEN TWO MOTOR VEHICLES IN TRANSPORT","01 - DRY","1 - STRAIGHT LEVEL","2 - BLACKTOP, BITUMINOUS, ASPHALT","ROSELAWN","P - PEDESTRIAN","1 - CLEAR","45237",4,0.141,0.121592510797223,460065,39.1952307097844,-84.4714939917496,"Roselawn",203265
"39XX GLENWAY AV",39.113278,-84.579771,"41-50","N/A","N/A","10/04/2013 04:43:00 PM +0000","03 - T-INTERSECTION","2 - INJURY",2,"10/04/2013 04:44:00 PM +0000","FRI","F - FEMALE","4 - INCAPACITATING","815F90C1-D56A-492A-BA93-C5EDFF3E5991","1 - DAYLIGHT","135010790","1 - NOT COLLISION BETWEEN TWO MOTOR VEHICLES IN TRANSPORT","01 - DRY","1 - STRAIGHT LEVEL","1 - CONCRETE","N/A","P - PEDESTRIAN","1 - CLEAR","45205",4,0.141,0.210247943549201,940029,39.1142442525308,-84.5799362107818,"West Price HIll",275981
"34XX GLENWAY",39.112687,-84.565441,"UNDER 18","EAST PRICE HILL","EAST PRICE HILL","08/08/2013 03:00:00 PM +0000","01 - NOT AN INTERSECTION","2 - INJURY",2,"08/08/2013 03:00:00 PM +0000","THU","M - MALE","3 - NON-INCAPACITATING","31B9709C-CB80-4A2A-93BA-0EA8124D385C","1 - DAYLIGHT","135009186","1 - NOT COLLISION BETWEEN TWO MOTOR VEHICLES IN TRANSPORT","01 - DRY","2 - STRAIGHT GRADE","1 - CONCRETE","EAST PRICE HILL","P - PEDESTRIAN","1 - CLEAR","45205",3,0.304,0.19164982368532,880028,39.1119980441038,-84.5663809332616,"East Price Hill",273561
"3XX E LIBERTY ST",39.113554,-84.510535,"UNDER 18","N/A","N/A","10/16/2015 10:31:00 PM +0000","01 - NOT AN INTERSECTION","2 - INJURY",2,"10/16/2015 10:31:00 PM +0000","FRI","M - MALE","3 - NON-INCAPACITATING","03D6AE19-E66A-452F-9F79-018E792E70CE","4 - DARK - LIGHTED ROADWAY","155015063","1 - NOT COLLISION BETWEEN TWO MOTOR VEHICLES IN TRANSPORT","01 - DRY","1 - STRAIGHT LEVEL","2 - BLACKTOP, BITUMINOUS, ASPHALT","N/A","P - PEDESTRIAN","1 - CLEAR","45202",3,0.304,0.122304592663687,630029,39.1142469560116,-84.5099006046706,"Mt. Auburn",274621
"45XX HAMILTON AV",39.170842,-84.543766,"31-40","NORTHSIDE","NORTHSIDE","11/25/2017 02:15:00 AM +0000","01 - NOT AN INTERSECTION","2 - INJURY",2,"11/25/2017 02:21:00 AM +0000","SAT","F - FEMALE","4 - INCAPACITATING","89F26B9C-AD83-488A-881B-906B6883E6A7","4 - DARK - LIGHTED ROADWAY","175018029","1 - NOT COLLISION BETWEEN TWO MOTOR VEHICLES IN TRANSPORT","01 - DRY","1 - STRAIGHT LEVEL","2 - BLACKTOP, BITUMINOUS, ASPHALT","NORTHSIDE","P - PEDESTRIAN","1 - CLEAR","45223",4,0.141,0.161979406182765,780054,39.1705009316738,-84.5437888017647,"Northside",274791
"29XX FERGUSON RD",39.135557,-84.599269,"18-25","WESTWOOD","WESTWOOD","07/07/2015 03:00:00 PM +0000","02 - FOUR-WAY INTERSECTION","2 - INJURY",2,"07/07/2015 07:30:00 PM +0000","TUE","F - FEMALE","2 - POSSIBLE","161E9F32-F6C1-4607-A313-4BCF3D15C903","1 - DAYLIGHT","155009297","1 - NOT COLLISION BETWEEN TWO MOTOR VEHICLES IN TRANSPORT","02 - WET","1 - STRAIGHT LEVEL","2 - BLACKTOP, BITUMINOUS, ASPHALT","WESTWOOD","P - PEDESTRIAN","2 - CLOUDY","45238",2,1.103,0.157427206026643,1030038,39.1344856351185,-84.6002691236098,"Westwood",204284
"4XX DORCHESTER AV",39.118047,-84.503205,"51-60","N/A","N/A","12/06/2015 08:54:00 AM +0000","01 - NOT AN INTERSECTION","1 - FATAL INJURY",1,"12/06/2015 08:55:00 AM +0000","SUN","F - FEMALE","5 - FATAL","992107AB-CD44-4B6E-B6EE-69B0BF874643","1 - DAYLIGHT","155017874","1 - NOT COLLISION BETWEEN TWO MOTOR VEHICLES IN TRANSPORT","01 - DRY","2 - STRAIGHT GRADE","2 - BLACKTOP, BITUMINOUS, ASPHALT","N/A","P - PEDESTRIAN","3 - FOG, SMOG, SMOKE","45219",5,0.046,0.110390774191481,600031,39.1187449977388,-84.5031229659527,"Mt. Auburn",274621
"29XX COLERAIN",39.154036,-84.541803,"UNDER 18","N/A","N/A","08/30/2013 02:52:00 PM +0000","01 - NOT AN INTERSECTION","2 - INJURY",2,"08/30/2013 02:52:00 PM +0000","FRI","M - MALE","3 - NON-INCAPACITATING","495F8A96-115D-4CF4-825A-E4C61B765DA1","1 - DAYLIGHT","135009774","1 - NOT COLLISION BETWEEN TWO MOTOR VEHICLES IN TRANSPORT","01 - DRY","1 - STRAIGHT LEVEL","2 - BLACKTOP, BITUMINOUS, ASPHALT","N/A","P - PEDESTRIAN","1 - CLEAR","45225",3,0.304,0.0911425982957806,770047,39.1547509609859,-84.5415295885511,"Northside",274791
"8XX OVERLOOK",39.111179,-84.599471,"51-60","N/A","N/A","01/12/2015 07:30:00 PM +0000","02 - FOUR-WAY INTERSECTION","2 - INJURY",2,"01/12/2015 07:30:00 PM +0000","MON","M - MALE","2 - POSSIBLE","E5E4E1F2-1666-4976-8ADC-098A57111B60","4 - DARK - LIGHTED ROADWAY","155000497","1 - NOT COLLISION BETWEEN TWO MOTOR VEHICLES IN TRANSPORT","04 - ICE","1 - STRAIGHT LEVEL","2 - BLACKTOP, BITUMINOUS, ASPHALT","N/A","P - PEDESTRIAN","1 - CLEAR","45238",2,1.103,0.152103242170795,1030028,39.1119856170405,-84.6002691235638,"West Price HIll",275981
"XX E LIBERTY ST",39.112478,-84.516161,"31-40","N/A","N/A","04/05/2017 06:55:20 AM +0000","01 - NOT AN INTERSECTION","2 - INJURY",2,"04/05/2017 07:05:23 AM +0000","WED","F - FEMALE","2 - POSSIBLE","4F7A94C9-41D2-43FC-9938-EB51E330A501","4 - DARK - LIGHTED ROADWAY","175004884","1 - NOT COLLISION BETWEEN TWO MOTOR VEHICLES IN TRANSPORT","01 - DRY","1 - STRAIGHT LEVEL","1 - CONCRETE","N/A","P - PEDESTRIAN","1 - CLEAR","45202",2,1.103,0.171496320726417,660028,39.1119985237487,-84.5166782437214,"Over-The-Rhine",202750
"37XX WESTMONT DR",39.125479,-84.568673,"51-60","WEST PRICE HILL","WEST PRICE HILL","02/19/2015 01:00:00 PM +0000","01 - NOT AN INTERSECTION","2 - INJURY",2,"02/19/2015 01:08:00 PM +0000","THU","F - FEMALE","2 - POSSIBLE","2A4EC2F9-7501-4F16-98FA-6CE2A1F30D11","1 - DAYLIGHT","155002274","1 - NOT COLLISION BETWEEN TWO MOTOR VEHICLES IN TRANSPORT","02 - WET","1 - STRAIGHT LEVEL","2 - BLACKTOP, BITUMINOUS, ASPHALT","EAST PRICE HILL","P - PEDESTRIAN","1 - CLEAR","45205",2,1.103,0.19913081299505,890034,39.125497532882,-84.5686401462881,"West Price HIll",275981
"23XX FERGUSON RD",39.12913,-84.60123,"26-30","N/A","N/A","08/17/2013 02:32:00 PM +0000","02 - FOUR-WAY INTERSECTION","2 - INJURY",2,"08/17/2013 02:32:00 PM +0000","SAT","M - MALE","3 - NON-INCAPACITATING","64C563B9-1303-46CA-9914-1732A4DB70C7","1 - DAYLIGHT","135009415","1 - NOT COLLISION BETWEEN TWO MOTOR VEHICLES IN TRANSPORT","01 - DRY","1 - STRAIGHT LEVEL","2 - BLACKTOP, BITUMINOUS, ASPHALT","N/A","P - PEDESTRIAN","1 - CLEAR","45238",3,0.304,0.113010559316881,1030036,39.1299856315084,-84.6002691236006,"Westwood",204284