"address_x","lat","long","age","community_council_neighborhood","cpd_neighborhood","crashdate","crashlocation","crashseverity","crashseverityid","datecrashreported","dayofweek","gender","injuries","instanceid","lightconditionsprimary","localreportno","mannerofcrash","roadconditionsprimary","roadcontour","roadsurface","sna_neighborhood","typeofperson","weather","zip","injury_type_num","cost","dist","cell_id","lat_cell","long_cell","hood","hood_id"
"21XX ST MICHAEL",39.101848,-84.551091,"UNDER 18","N/A","N/A","04/27/2013 12:55:00 PM +0000","01 - NOT AN INTERSECTION","2 - INJURY",2,"04/27/2013 01:00:00 PM +0000","SAT","F - FEMALE","2 - POSSIBLE","74716E2A-2B3E-4834-A116-FA07CDF20C36","1 - DAYLIGHT","135005082","1 - NOT COLLISION BETWEEN TWO MOTOR VEHICLES IN TRANSPORT","01 - DRY","1 - STRAIGHT LEVEL","2 - BLACKTOP, BITUMINOUS, ASPHALT","N/A","P - PEDESTRIAN","1 - CLEAR","45204",2,1.103,0.113448628886864,810023,39.1007504756308,-84.5505664414057,"Lower Price Hill",276431
"XX W MCMILLAN ST",39.126838,-84.515148,"31-40","N/A","N/A","04/03/2018 07:39:00 PM +0000","01 - NOT AN INTERSECTION","2 - INJURY",2,"04/03/2018 07:43:00 PM +0000","TUE","F - FEMALE","2 - POSSIBLE","AF98E0A1-9A13-449F-BBD5-3E1AB1382895","1 - DAYLIGHT","185004609","1 - NOT COLLISION BETWEEN TWO MOTOR VEHICLES IN TRANSPORT","02 - WET","1 - STRAIGHT LEVEL","1 - CONCRETE","N/A","P - PEDESTRIAN","4 - RAIN","45219",2,1.103,0.127656008258082,650035,39.1277480581921,-84.5144190306425,"CUF",273417
"13XX CLAY ST",39.109721,-84.512389,"41-50","OTR","OVER-THE-RHINE","05/25/2017 10:00:00 AM +0000","01 - NOT AN INTERSECTION","2 - INJURY",2,"05/25/2017 11:32:46 AM +0000","THU","M - MALE","2 - POSSIBLE","B2464C74-F7B1-404F-8A16-82E1394E962D","1 - DAYLIGHT","175007827","1 - NOT COLLISION BETWEEN TWO MOTOR VEHICLES IN TRANSPORT","02 - WET","1 - STRAIGHT LEVEL","2 - BLACKTOP, BITUMINOUS, ASPHALT","OVER-THE-RHINE","P - PEDESTRIAN","2 - CLOUDY","45202",2,1.103,0.100690357949897,640027,39.1097475188569,-84.5121598176614,"Over-The-Rhine",202750
"25XX W NORTH BEND RD",39.190657,-84.570517,"18-25","MOUNT AIRY","MOUNT AIRY","03/10/2015 08:22:00 AM +0000","02 - FOUR-WAY INTERSECTION","2 - INJURY",2,"03/10/2015 09:06:00 AM +0000","TUE","F - FEMALE","3 - NON-INCAPACITATING","001EEDC9-0516-497A-8569-3BA3BEA06B5C","2 - DAWN","155003377","1 - NOT COLLISION BETWEEN TWO MOTOR VEHICLES IN TRANSPORT","02 - WET","1 - STRAIGHT LEVEL","2 - BLACKTOP, BITUMINOUS, ASPHALT","MT. AIRY","P - PEDESTRIAN","4 - RAIN","45239",3,0.304,0.0971417995975353,900063,39.1907470234387,-84.5708993593275,"Mt. Airy",274620
"2XX W MCMILLAN ST",39.127468,-84.522143,"UNDER 18","N/A","N/A","09/17/2014 03:29:00 PM +0000","01 - NOT AN INTERSECTION","2 - INJURY",2,"09/17/2014 03:29:00 PM +0000","WED","F - FEMALE","2 - POSSIBLE","4813E097-B140-40F6-A63C-73ED727DC5A6","1 - DAYLIGHT","145008775","1 - NOT COLLISION BETWEEN TWO MOTOR VEHICLES IN TRANSPORT","01 - DRY","1 - STRAIGHT LEVEL","1 - CONCRETE","N/A","P - PEDESTRIAN","1 - CLEAR","45219",2,1.103,0.110321248608516,680035,39.1277493664531,-84.5211966698781,"CUF",273417
"48XX GLENWAY AV",39.117673,-84.597744,"18-25","N/A","N/A","11/04/2014 09:58:00 PM +0000","03 - T-INTERSECTION","2 - INJURY",2,"11/04/2014 10:00:00 PM +0000","TUE","M - MALE","3 - NON-INCAPACITATING","2E446068-7E0F-4EFF-9CD2-34D40072E6F0","4 - DARK - LIGHTED ROADWAY","145011208","1 - NOT COLLISION BETWEEN TWO MOTOR VEHICLES IN TRANSPORT","02 - WET","1 - STRAIGHT LEVEL","2 - BLACKTOP, BITUMINOUS, ASPHALT","N/A","P - PEDESTRIAN","4 - RAIN","45238",3,0.304,0.127427348934913,1020031,39.1187367562236,-84.5980099113045,"West Price HIll",275981
"14XX SEYMOUR AV",39.190881,-84.473406,"41-50","N/A","N/A","08/23/2017 02:07:00 PM +0000","02 - FOUR-WAY INTERSECTION","2 - INJURY",2,"08/23/2017 02:07:00 PM +0000","WED","M - MALE","2 - POSSIBLE","613281BF-F72B-45D9-9D82-08A99CC26D28","1 - DAYLIGHT","175012601","1 - NOT COLLISION BETWEEN TWO MOTOR VEHICLES IN TRANSPORT","01 - DRY","1 - STRAIGHT LEVEL","2 - BLACKTOP, BITUMINOUS, ASPHALT","N/A","P - PEDESTRIAN","1 - CLEAR","45216",2,1.103,0.126671160328177,470063,39.1907320152276,-84.4737532037301,"Bond Hill",199607
"7XX WALNUT ST",39.103354,-84.512732,"61-70","DOWNTOWN","C. B. D. / RIVERFRONT","03/24/2016 01:38:00 PM +0000","02 - FOUR-WAY INTERSECTION","2 - INJURY",2,"03/24/2016 01:38:00 PM +0000","THU","F - FEMALE","2 - POSSIBLE","E3556BBB-F8C7-4617-82E7-EFEB2E230815","1 - DAYLIGHT","165004370","1 - NOT COLLISION BETWEEN TWO MOTOR VEHICLES IN TRANSPORT","01 - DRY","1 - STRAIGHT LEVEL","2 - BLACKTOP, BITUMINOUS, ASPHALT","DOWNTOWN","P - PEDESTRIAN","2 - CLOUDY","45202",2,1.103,0.120445558999439,640024,39.1029975128329,-84.5121598176752,"Central Business District",273189
"30XX WERK RD",39.140681,-84.604411,"UNDER 18","N/A","N/A","12/09/2016 06:53:00 PM +0000","02 - FOUR-WAY INTERSECTION","2 - INJURY",2,"12/09/2016 06:53:00 PM +0000","FRI","M - MALE","3 - NON-INCAPACITATING","F1CE79E7-254C-4FFB-9F1B-B61DE5B08C06","4 - DARK - LIGHTED ROADWAY","165020534","1 - NOT COLLISION BETWEEN TWO MOTOR VEHICLES IN TRANSPORT","01 - DRY","1 - STRAIGHT LEVEL","2 - BLACKTOP, BITUMINOUS, ASPHALT","N/A","P - PEDESTRIAN","2 - CLOUDY","45211",3,0.304,0.111761282389637,1050041,39.1412332418147,-84.6047875479478,"Westwood",204284
"17XX BLEECKER LN",39.138506,-84.554962,"UNDER 18","N/A","N/A","03/21/2015 11:52:00 AM +0000","03 - T-INTERSECTION","2 - INJURY",2,"03/21/2015 11:52:00 AM +0000","SAT","M - MALE","4 - INCAPACITATING","83B8D631-2807-4406-89EB-9153754D683F","1 - DAYLIGHT","155003895","1 - NOT COLLISION BETWEEN TWO MOTOR VEHICLES IN TRANSPORT","01 - DRY","4 - CURVE GRADE","2 - BLACKTOP, BITUMINOUS, ASPHALT","N/A","P - PEDESTRIAN","1 - CLEAR","45225",4,0.141,0.124324026697478,830040,39.1390000307787,-84.5550848677568,"North Fairmount",274707
"2XX E KING DR",39.134707,-84.506201,"UNDER 18","CORRYVILLE","CORRYVILLE","04/12/2016 08:25:00 AM +0000","02 - FOUR-WAY INTERSECTION","2 - INJURY",2,"04/12/2016 08:26:00 AM +0000","TUE","F - FEMALE","2 - POSSIBLE","47A7E71F-D7EE-4B01-B8B8-B377C73B3336","1 - DAYLIGHT","165005479","1 - NOT COLLISION BETWEEN TWO MOTOR VEHICLES IN TRANSPORT","01 - DRY","2 - STRAIGHT GRADE","2 - BLACKTOP, BITUMINOUS, ASPHALT","CORRYVILLE","P - PEDESTRIAN","1 - CLEAR","45219",2,1.103,0.188271610583182,610038,39.1344957092315,-84.5053821787758,"Corryville",200172
"10XX ELM PARK DR",39.183481,-84.48189,"41-50","BOND HILL","BONDHILL","05/03/2015 03:06:00 AM +0000","01 - NOT AN INTERSECTION","2 - INJURY",2,"05/03/2015 03:06:00 AM +0000","SUN","M - MALE","3 - NON-INCAPACITATING","E560A429-51DE-42D9-9B11-76326262B651","5 - DARK – ROADWAY NOT LIGHTIED","155006063","1 - NOT COLLISION BETWEEN TWO MOTOR VEHICLES IN TRANSPORT","01 - DRY","1 - STRAIGHT LEVEL","2 - BLACKTOP, BITUMINOUS, ASPHALT","BOND HILL","P - PEDESTRIAN","1 - CLEAR","45216",3,0.304,0.195733268588364,510060,39.183986808946,-84.4827900524088,"Bond Hill",199607
"16XX SUMMIT RD",39.202781,-84.456231,"18-25","ROSELAWN","ROSELAWN","08/29/2017 12:50:00 PM +0000","02 - FOUR-WAY INTERSECTION","2 - INJURY",2,"08/29/2017 01:10:00 PM +0000","TUE","M - MALE","2 - POSSIBLE","472B2F05-CEF4-4C9F-A750-A9933F806DFF","1 - DAYLIGHT","175012914","1 - NOT COLLISION BETWEEN TWO MOTOR VEHICLES IN TRANSPORT","01 - DRY","2 - STRAIGHT GRADE","2 - BLACKTOP, BITUMINOUS, ASPHALT","ROSELAWN","P - PEDESTRIAN","2 - CLOUDY","45237",2,1.103,0.157466855673239,390068,39.2019703304721,-84.4556795105242,"Roselawn",203265
"11XX WING ST",39.112791,-84.557961,"61-70","EAST PRICE HILL","EAST PRICE HILL","11/16/2016 03:24:00 PM +0000","03 - T-INTERSECTION","2 - INJURY",2,"11/16/2016 03:24:00 PM +0000","WED","F - FEMALE","2 - POSSIBLE","9FE5D782-32B1-4539-B65A-24862A34992C","1 - DAYLIGHT","165019016","1 - NOT COLLISION BETWEEN TWO MOTOR VEHICLES IN TRANSPORT","01 - DRY","2 - STRAIGHT GRADE","2 - BLACKTOP, BITUMINOUS, ASPHALT","EAST PRICE HILL","P - PEDESTRIAN","1 - CLEAR","45204",2,1.103,0.125478511931903,840028,39.1119997010462,-84.5573440809031,"East Price Hill",273561
"24XX BOUDINOT AV",39.131895,-84.604816,"51-60","N/A","N/A","06/09/2017 01:20:00 PM +0000","02 - FOUR-WAY INTERSECTION","2 - INJURY",2,"06/10/2017 11:00:00 AM +0000","FRI","M - MALE","2 - POSSIBLE","59F57C37-A52C-4953-980E-6A5D7A3BB0CE","1 - DAYLIGHT","175008706","1 - NOT COLLISION BETWEEN TWO MOTOR VEHICLES IN TRANSPORT","01 - DRY","1 - STRAIGHT LEVEL","2 - BLACKTOP, BITUMINOUS, ASPHALT","N/A","P - PEDESTRIAN","1 - CLEAR","45238",2,1.103,0.1528058493864,1050037,39.1322332347563,-84.6047875479282,"Westwood",204284
"5XX BLAIR AV",39.141894,-84.494081,"26-30","N/A","N/A","08/25/2017 09:09:00 PM +0000","02 - FOUR-WAY INTERSECTION","2 - INJURY",2,"08/25/2017 10:01:27 PM +0000","FRI","F - FEMALE","4 - INCAPACITATING","F5676C59-0249-4B5E-99B4-859AAC7D6209","4 - DARK - LIGHTED ROADWAY","175012737","1 - NOT COLLISION BETWEEN TWO MOTOR VEHICLES IN TRANSPORT","01 - DRY","2 - STRAIGHT GRADE","2 - BLACKTOP, BITUMINOUS, ASPHALT","N/A","P - PEDESTRIAN","1 - CLEAR","45229",4,0.141,0.0979494054299797,560041,39.1412417899667,-84.4940861149367,"Avondale",199345
"32XX JEFFERSON AV",39.138331,-84.511411,"18-25","CORRYVILLE","CLIFTON","04/21/2017 12:20:46 PM +0000","01 - NOT AN INTERSECTION","2 - INJURY",2,"04/21/2017 12:22:09 PM +0000","FRI","F - FEMALE","3 - NON-INCAPACITATING","71B31EC9-BA77-4B00-90E3-BDD3E5F458F2","1 - DAYLIGHT","175005771","1 - NOT COLLISION BETWEEN TWO MOTOR VEHICLES IN TRANSPORT","01 - DRY","1 - STRAIGHT LEVEL","1 - CONCRETE","CUF","P - PEDESTRIAN","1 - CLEAR","45220",3,0.304,0.124537104414931,640040,39.1389975448823,-84.5121598176015,"Clifton",200052
"58XX COLERAIN AV",39.201378,-84.580185,"51-60","N/A","N/A","02/25/2017 09:05:44 AM +0000","02 - FOUR-WAY INTERSECTION","2 - INJURY",2,"02/25/2017 09:08:46 AM +0000","SAT","M - MALE","3 - NON-INCAPACITATING","B45090FA-1ED4-4760-84E8-D40E1F81C1C4","1 - DAYLIGHT","175002756","1 - NOT COLLISION BETWEEN TWO MOTOR VEHICLES IN TRANSPORT","01 - DRY","1 - STRAIGHT LEVEL","2 - BLACKTOP, BITUMINOUS, ASPHALT","N/A","P - PEDESTRIAN","1 - CLEAR","45239",3,0.304,0.123569263413037,940067,39.1997443261694,-84.5799362108905,"Mt. Airy",274620
"33XX CLIFTON AV",39.141407,-84.519869,"31-40","CLIFTON","CLIFTON","02/24/2016 07:15:00 PM +0000","03 - T-INTERSECTION","2 - INJURY",2,"02/24/2016 07:18:00 PM +0000","WED","M - MALE","3 - NON-INCAPACITATING","6636095B-AA8A-43F1-BB57-651F48F0AB5E","4 - DARK - LIGHTED ROADWAY","165002862","1 - NOT COLLISION BETWEEN TWO MOTOR VEHICLES IN TRANSPORT","02 - WET","1 - STRAIGHT LEVEL","2 - BLACKTOP, BITUMINOUS, ASPHALT","CLIFTON","P - PEDESTRIAN","4 - RAIN","45220",3,0.304,0.102859614912144,670041,39.141248986107,-84.5189374567488,"CUF",273417
"CLIFTON AV",39.128141,-84.518643,"18-25","N/A","N/A","05/23/2013 02:34:00 PM +0000","01 - NOT AN INTERSECTION","2 - INJURY",2,"05/23/2013 02:34:00 PM +0000","THU","M - MALE","4 - INCAPACITATING","FF0DB8CD-25E8-440A-8700-97A3C5EF6DFE","1 - DAYLIGHT","135006286","1 - NOT COLLISION BETWEEN TWO MOTOR VEHICLES IN TRANSPORT","01 - DRY","2 - STRAIGHT GRADE","2 - BLACKTOP, BITUMINOUS, ASPHALT","N/A","P - PEDESTRIAN","2 - CLOUDY","45220",4,0.141,0.201246014799999,670035,39.1277489739748,-84.518937456772,"CUF",273417
"24XX READING RD",39.125503,-84.501129,"51-60","N/A","N/A","12/12/2015 08:30:00 PM +0000","02 - FOUR-WAY INTERSECTION","2 - INJURY",2,"12/12/2015 08:32:00 PM +0000","SAT","F - FEMALE","2 - POSSIBLE","198A16FD-E4BE-4007-9A68-3336E1492E36","4 - DARK - LIGHTED ROADWAY","155018192","1 - NOT COLLISION BETWEEN TWO MOTOR VEHICLES IN TRANSPORT","01 - DRY","2 - STRAIGHT GRADE","2 - BLACKTOP, BITUMINOUS, ASPHALT","N/A","P - PEDESTRIAN","1 - CLEAR","45206",2,1.103,0.1072023652301,590034,39.125494262287,-84.5008637531212,"Walnut Hills",204112
"26XX JEFFERSON AV",39.129501,-84.510511,"26-30","N/A","N/A","02/02/2017 10:44:00 AM +0000","02 - FOUR-WAY INTERSECTION","2 - INJURY",2,"02/02/2017 10:44:00 AM +0000","THU","M - MALE","2 - POSSIBLE","97E5C863-62F7-496F-9871-8D1637F4221B","1 - DAYLIGHT","175001617","1 - NOT COLLISION BETWEEN TWO MOTOR VEHICLES IN TRANSPORT","01 - DRY","1 - STRAIGHT LEVEL","2 - BLACKTOP, BITUMINOUS, ASPHALT","N/A","P - PEDESTRIAN","1 - CLEAR","45221",2,1.103,0.105427657138623,630036,39.1299969699657,-84.5099006046367,"Corryville",200172
"20XX SEYMOUR AV",39.18564,-84.47386,"61-70","BOND HILL","BONDHILL","09/25/2014 01:00:00 PM +0000","02 - FOUR-WAY INTERSECTION","2 - INJURY",2,"09/25/2014 01:20:00 PM +0000","THU","F - FEMALE","2 - POSSIBLE","05004550-7B85-4F6C-9E11-21611B506D30","1 - DAYLIGHT","145009149","1 - NOT COLLISION BETWEEN TWO MOTOR VEHICLES IN TRANSPORT","01 - DRY","1 - STRAIGHT LEVEL","2 - BLACKTOP, BITUMINOUS, ASPHALT","ROSELAWN","P - PEDESTRIAN","1 - CLEAR","45237",2,1.103,0.115774505389809,470061,39.18623201177,-84.473753203746,"Bond Hill",199607
"34XX CLIFTON",39.144783,-84.519814,"18-25","CLIFTON","CLIFTON","05/03/2014 06:15:00 PM +0000","02 - FOUR-WAY INTERSECTION","2 - INJURY",2,"05/03/2014 06:15:00 PM +0000","SAT","F - FEMALE","3 - NON-INCAPACITATING","3379876E-4BC8-4D57-89D8-A1163839A8F4","1 - DAYLIGHT","145003358","1 - NOT COLLISION BETWEEN TWO MOTOR VEHICLES IN TRANSPORT","01 - DRY","2 - STRAIGHT GRADE","1 - CONCRETE","CLIFTON","P - PEDESTRIAN","1 - CLEAR","45220",3,0.304,0.131548250629445,670043,39.145748990145,-84.518937456741,"Clifton",200052
"8XX W CHEAPSIDE ST",39.105924,-84.507641,"41-50","DOWNTOWN","C. B. D. / RIVERFRONT","09/12/2017 09:04:00 AM +0000","01 - NOT AN INTERSECTION","2 - INJURY",2,"09/12/2017 09:05:00 AM +0000","TUE","M - MALE","3 - NON-INCAPACITATING","94011540-47CE-4AC8-929B-7FFEC6A67C81","1 - DAYLIGHT","175013721","9 - UNKNOWN","02 - WET","1 - STRAIGHT LEVEL","2 - BLACKTOP, BITUMINOUS, ASPHALT","DOWNTOWN","P - PEDESTRIAN","4 - RAIN","45202",3,0.304,0.131526262057346,620025,39.1052463375992,-84.5076413917472,"Central Business District",273189
"2XX CALHOUN ST",39.128521,-84.516221,"18-25","CUF - HEIGHTS","FAIRVIEW","01/13/2017 11:34:00 PM +0000","01 - NOT AN INTERSECTION","2 - INJURY",2,"01/13/2017 11:34:00 PM +0000","FRI","F - FEMALE","3 - NON-INCAPACITATING","821EEA79-7B13-424D-B6CE-B8D5E8A7B7AF","4 - DARK - LIGHTED ROADWAY","175000707","1 - NOT COLLISION BETWEEN TWO MOTOR VEHICLES IN TRANSPORT","02 - WET","1 - STRAIGHT LEVEL","2 - BLACKTOP, BITUMINOUS, ASPHALT","CUF","P - PEDESTRIAN","4 - RAIN","45221",3,0.304,0.183945045028763,660035,39.1277485378878,-84.5166782436926,"CUF",273417
"XX E 5TH ST",39.10157,-84.512537,"51-60","N/A","N/A","03/23/2015 05:38:52 PM +0000","01 - NOT AN INTERSECTION","2 - INJURY",2,"03/23/2015 05:43:53 PM +0000","MON","M - MALE","2 - POSSIBLE","22B26F2F-7DD3-48B6-B1F7-4EF740E957AB","1 - DAYLIGHT","155003992","1 - NOT COLLISION BETWEEN TWO MOTOR VEHICLES IN TRANSPORT","01 - DRY","1 - STRAIGHT LEVEL","2 - BLACKTOP, BITUMINOUS, ASPHALT","N/A","P - PEDESTRIAN","1 - CLEAR","45202",2,1.103,0.129375284706794,640023,39.1007475108233,-84.5121598176799,"Central Business District",273189
"25XX OHIO AV",39.128035,-84.514108,"31-40","CUF - HEIGHTS","FAIRVIEW","01/25/2017 09:50:40 AM +0000","01 - NOT AN INTERSECTION","2 - INJURY",2,"01/25/2017 09:56:42 AM +0000","WED","M - MALE","2 - POSSIBLE","AE92DEFF-D799-41D3-9049-516450B9452C","1 - DAYLIGHT","175001213","1 - NOT COLLISION BETWEEN TWO MOTOR VEHICLES IN TRANSPORT","01 - DRY","2 - STRAIGHT GRADE","2 - BLACKTOP, BITUMINOUS, ASPHALT","CUF","P - PEDESTRIAN","2 - CLOUDY","45221",2,1.103,0.127656008258082,650035,39.1277480581921,-84.5144190306425,"CUF",273417
"29XX MONTANA AV",39.148533,-84.598132,"18-25","N/A","N/A","09/29/2014 05:58:00 AM +0000","02 - FOUR-WAY INTERSECTION","2 - INJURY",2,"09/29/2014 05:58:00 AM +0000","MON","M - MALE","3 - NON-INCAPACITATING","DADE0BC9-1934-47C1-A6D2-5ED72075F687","4 - DARK - LIGHTED ROADWAY","145009303","1 - NOT COLLISION BETWEEN TWO MOTOR VEHICLES IN TRANSPORT","01 - DRY","1 - STRAIGHT LEVEL","1 - CONCRETE","N/A","P - PEDESTRIAN","1 - CLEAR","45211",3,0.304,0.154838064281399,1020044,39.1479867799255,-84.5980099113622,"Westwood",204284
"27XX BAKER AV",39.134988,-84.570521,"31-40","N/A","N/A","12/10/2015 07:41:00 PM +0000","03 - T-INTERSECTION","2 - INJURY",2,"12/10/2015 07:43:00 PM +0000","THU","F - FEMALE","3 - NON-INCAPACITATING","39420BA6-C55D-4674-973D-12ED7251D01F","4 - DARK - LIGHTED ROADWAY","155018064","1 - NOT COLLISION BETWEEN TWO MOTOR VEHICLES IN TRANSPORT","01 - DRY","2 - STRAIGHT GRADE","2 - BLACKTOP, BITUMINOUS, ASPHALT","N/A","P - PEDESTRIAN","1 - CLEAR","45211",3,0.304,0.0885435808409661,900038,39.134496973941,-84.5708993592786,"South Fairmount",203599
"40XX W 8TH ST",39.106113,-84.586164,"UNDER 18","WEST PRICE HILL","WEST PRICE HILL","01/25/2018 07:15:00 AM +0000","03 - T-INTERSECTION","2 - INJURY",2,"01/25/2018 07:21:00 AM +0000","THU","F - FEMALE","2 - POSSIBLE","C1E1F2E4-C14F-4B5B-9DB1-F01649570150","4 - DARK - LIGHTED ROADWAY","185001277","1 - NOT COLLISION BETWEEN TWO MOTOR VEHICLES IN TRANSPORT","01 - DRY","1 - STRAIGHT LEVEL","2 - BLACKTOP, BITUMINOUS, ASPHALT","WEST PRICE HILL","P - PEDESTRIAN","1 - CLEAR","45205",2,1.103,0.207203974530174,970025,39.105241759427,-84.5867138489044,"West Price HIll",275981
"S I75 AT 10-4 MM",39.203818,-84.466101,"26-30","N/A","N/A","06/11/2018 04:31:00 PM +0000","01 - NOT AN INTERSECTION","2 - INJURY",2,"06/11/2018 04:32:00 PM +0000","MON","F - FEMALE","4 - INCAPACITATING","A81477F7-EC66-43BB-90CA-67D87A176E5B","1 - DAYLIGHT","185008163","6 - ANGLE","01 - DRY","1 - STRAIGHT LEVEL","2 - BLACKTOP, BITUMINOUS, ASPHALT","N/A","P - PEDESTRIAN","2 - CLOUDY","45237",4,0.141,0.121061817769793,440069,39.2042279677387,-84.4669755680465,"Roselawn",203265
"32XX VINE ST",39.137554,-84.509441,"41-50","N/A","N/A","02/16/2016 07:22:00 AM +0000","02 - FOUR-WAY INTERSECTION","2 - INJURY",2,"02/16/2016 07:25:00 AM +0000","TUE","M - MALE","2 - POSSIBLE","3DC32789-923D-467F-8020-08BB32773AA9","1 - DAYLIGHT","165002353","1 - NOT COLLISION BETWEEN TWO MOTOR VEHICLES IN TRANSPORT","02 - WET","2 - STRAIGHT GRADE","1 - CONCRETE","N/A","P - PEDESTRIAN","2 - CLOUDY","45220",2,1.103,0.164198936603544,630039,39.1367469759348,-84.5099006046222,"Clifton",200052
"4XX CRESTLINE AV",39.099142,-84.568212,"26-30","EAST PRICE HILL","EAST PRICE HILL","05/26/2018 03:50:00 AM +0000","10 - DRIVEWAY/ALLEY ACCESS","2 - INJURY",2,"05/26/2018 03:56:00 AM +0000","SAT","F - FEMALE","3 - NON-INCAPACITATING","9500C805-085D-4191-BA54-C064526788EE","5 - DARK – ROADWAY NOT LIGHTED","185007390","1 - NOT COLLISION BETWEEN TWO MOTOR VEHICLES IN TRANSPORT","01 - DRY","1 - STRAIGHT LEVEL","1 - CONCRETE","EAST PRICE HILL","P - PEDESTRIAN","1 - CLEAR","45205",3,0.304,0.10256271084703,890022,39.0984975088086,-84.5686401462676,"East Price Hill",273561
"X W COURT ST",39.105944,-84.514986,"26-30","N/A","N/A","04/11/2015 12:00:00 PM +0000","02 - FOUR-WAY INTERSECTION","2 - INJURY",2,"06/10/2015 06:00:00 PM +0000","SAT","M - MALE","2 - POSSIBLE","764AF3F7-827F-4B57-B9C6-250EF30C5DF5","9 - UNKNOWN","155007928","1 - NOT COLLISION BETWEEN TWO MOTOR VEHICLES IN TRANSPORT","99 - UNKNOWN","1 - STRAIGHT LEVEL","2 - BLACKTOP, BITUMINOUS, ASPHALT","N/A","P - PEDESTRIAN","9 - OTHER/UNKNOWN","45202",2,1.103,0.153365071667684,650025,39.1052480380605,-84.5144190306861,"Central Business District",273189
"XX W 69TH ST",39.191843,-84.482765,"UNDER 18","N/A","N/A","07/23/2015 08:03:00 PM +0000","01 - NOT AN INTERSECTION","2 - INJURY",2,"07/23/2015 08:03:00 PM +0000","THU","M - MALE","2 - POSSIBLE","7600E96A-CE62-4F43-B3FB-163C504A7E38","1 - DAYLIGHT","155010077","1 - NOT COLLISION BETWEEN TWO MOTOR VEHICLES IN TRANSPORT","01 - DRY","1 - STRAIGHT LEVEL","2 - BLACKTOP, BITUMINOUS, ASPHALT","N/A","P - PEDESTRIAN","1 - CLEAR","45216",2,1.103,0.105909389722316,510063,39.190736814366,-84.4827900523868,"Carthage",199885
"44XX READING RD",39.166278,-84.471305,"18-25","PADDOCK HILLS","PADDOCK  HILLS","08/25/2018 01:04:00 AM +0000","01 - NOT AN INTERSECTION","2 - INJURY",2,"08/25/2018 01:05:00 AM +0000","SAT","F - FEMALE","4 - INCAPACITATING","34DF1D0C-5787-43C2-AC22-25BA23509B3F","4 - DARK - LIGHTED ROADWAY","185011954","1 - NOT COLLISION BETWEEN TWO MOTOR VEHICLES IN TRANSPORT","01 - DRY","1 - STRAIGHT LEVEL","2 - BLACKTOP, BITUMINOUS, ASPHALT","NORTH AVONDALE - PADDOCK HILLS","P - PEDESTRIAN","1 - CLEAR","45229",4,0.141,0.110953296786787,460052,39.1659806875553,-84.471493991855,"Paddock Hills",274942
"25XX MONTANA AV",39.155339,-84.580074,"UNDER 18","N/A","N/A","02/15/2018 06:37:00 AM +0000","01 - NOT AN INTERSECTION","2 - INJURY",2,"02/15/2018 06:37:00 AM +0000","THU","M - MALE","4 - INCAPACITATING","366CBC59-21C2-4930-93ED-0D44E3E4574D","4 - DARK - LIGHTED ROADWAY","185002283","1 - NOT COLLISION BETWEEN TWO MOTOR VEHICLES IN TRANSPORT","02 - WET","1 - STRAIGHT LEVEL","2 - BLACKTOP, BITUMINOUS, ASPHALT","N/A","P - PEDESTRIAN","4 - RAIN","45211",4,0.141,0.0873494472687188,940047,39.1547442875447,-84.5799362108333,"Westwood",204284
"29XX GLENWAY AV",39.113258,-84.560167,"41-50","N/A","N/A","09/25/2017 08:10:00 PM +0000","02 - FOUR-WAY INTERSECTION","3 - PROPERTY DAMAGE ONLY (PDO)",3,"09/25/2017 08:15:00 PM +0000","MON","M - MALE","1 - NO INJURY / NONE REPORTED","1361C21D-3DD7-49DF-BF86-89F55F386928","4 - DARK - LIGHTED ROADWAY","175014488","1 - NOT COLLISION BETWEEN TWO MOTOR VEHICLES IN TRANSPORT","01 - DRY","2 - STRAIGHT GRADE","2 - BLACKTOP, BITUMINOUS, ASPHALT","N/A","P - PEDESTRIAN","1 - CLEAR","45204",1,10.082,0.10720028219114,850029,39.1142493542519,-84.5596032940319,"East Price Hill",273561
"57XX MADISON RD",39.162109,-84.396519,"51-60","N/A","N/A","06/16/2018 11:45:00 AM +0000","01 - NOT AN INTERSECTION","2 - INJURY",2,"07/03/2018 11:19:00 AM +0000","SAT","F - FEMALE","4 - INCAPACITATING","FCAA4CB5-4E58-430D-902E-83E24E090142","1 - DAYLIGHT","185009263","1 - NOT COLLISION BETWEEN TWO MOTOR VEHICLES IN TRANSPORT","99 - UNKNOWN","1 - STRAIGHT LEVEL","2 - BLACKTOP, BITUMINOUS, ASPHALT","N/A","P - PEDESTRIAN","9 - OTHER/UNKNOWN","45227",4,0.141,0.190571531629185,130050,39.1614130305641,-84.396940061811,"Madisonville",201948