"address_x","lat","long","age","community_council_neighborhood","cpd_neighborhood","crashdate","crashlocation","crashseverity","crashseverityid","datecrashreported","dayofweek","gender","injuries","instanceid","lightconditionsprimary","localreportno","mannerofcrash","roadconditionsprimary","roadcontour","roadsurface","sna_neighborhood","typeofperson","weather","zip","injury_type_num","cost","dist","cell_id","lat_cell","long_cell","hood","hood_id"
"34XX VINE ST",39.143278,-84.510596,"26-30","CORRYVILLE","CLIFTON","11/26/2016 09:13:00 PM +0000","03 - T-INTERSECTION","1 - FATAL INJURY",1,"11/26/2016 09:30:00 PM +0000","SAT","F - FEMALE","4 - INCAPACITATING","65E84F82-B537-4C5E-9FC7-82C53E915907","4 - DARK - LIGHTED ROADWAY","165019675","1 - NOT COLLISION BETWEEN TWO MOTOR VEHICLES IN TRANSPORT","01 - DRY","3 - CURVE LEVEL","2 - BLACKTOP, BITUMINOUS, ASPHALT","CUF","P - PEDESTRIAN","2 - CLOUDY","45220",4,0.141,0.153646947918991,630042,39.1434969818971,-84.5099006046077,"Avondale",199345
"35XX READING RD",39.147783,-84.488483,"UNDER 18","N/A","N/A","02/10/2016 08:14:00 AM +0000","02 - FOUR-WAY INTERSECTION","2 - INJURY",2,"02/10/2016 08:14:00 AM +0000","WED","F - FEMALE","3 - NON-INCAPACITATING","BF1EEF39-C7A2-40F5-8874-D4E640AB8EC7","1 - DAYLIGHT","165002011","1 - NOT COLLISION BETWEEN TWO MOTOR VEHICLES IN TRANSPORT","02 - WET","1 - STRAIGHT LEVEL","2 - BLACKTOP, BITUMINOUS, ASPHALT","N/A","P - PEDESTRIAN","6 - SNOW","45229",3,0.304,0.189822815206632,540044,39.1479899202217,-84.4895676897692,"North Avondale",274686
"30XX VERDIN AV",39.153485,-84.601977,"18-25","N/A","N/A","08/09/2013 12:07:00 PM +0000","03 - T-INTERSECTION","2 - INJURY",2,"08/09/2013 12:08:00 PM +0000","FRI","F - FEMALE","3 - NON-INCAPACITATING","ACE39755-A457-44B3-AC0F-1CB28117B83B","1 - DAYLIGHT","135009212","1 - NOT COLLISION BETWEEN TWO MOTOR VEHICLES IN TRANSPORT","01 - DRY","1 - STRAIGHT LEVEL","1 - CONCRETE","N/A","P - PEDESTRIAN","2 - CLOUDY","45211",3,0.304,0.0990660323423018,1040046,39.1524844718855,-84.602528335848,"Westwood",204284
"20XX SUTTON AV",39.093204,-84.391398,"UNDER 18","N/A","N/A","09/20/2016 03:05:00 PM +0000","02 - FOUR-WAY INTERSECTION","2 - INJURY",2,"09/20/2016 03:10:00 PM +0000","TUE","F - FEMALE","2 - POSSIBLE","5DBA2503-F0CD-4A73-B68C-43D646FEA599","1 - DAYLIGHT","165015341","1 - NOT COLLISION BETWEEN TWO MOTOR VEHICLES IN TRANSPORT","01 - DRY","2 - STRAIGHT GRADE","2 - BLACKTOP, BITUMINOUS, ASPHALT","N/A","P - PEDESTRIAN","1 - CLEAR","45230",2,1.103,0.109424586696456,110020,39.0939073878072,-84.3924216471956,"Mt. Washington",274624
"51XX WINNESTE AV",39.183959,-84.514175,"UNDER 18","N/A","N/A","02/12/2016 12:28:00 PM +0000","01 - NOT AN INTERSECTION","2 - INJURY",2,"02/12/2016 01:00:00 PM +0000","FRI","F - FEMALE","3 - NON-INCAPACITATING","5A24B651-E045-409F-AF7D-4141BC50AFBD","1 - DAYLIGHT","165002140","1 - NOT COLLISION BETWEEN TWO MOTOR VEHICLES IN TRANSPORT","01 - DRY","1 - STRAIGHT LEVEL","2 - BLACKTOP, BITUMINOUS, ASPHALT","N/A","P - PEDESTRIAN","6 - SNOW","45232",3,0.304,0.160712566843342,650060,39.1839981081891,-84.5144190305332,"Winton Hills",276110
"18XX LARCH AV",39.193584,-84.549814,"UNDER 18","COLLEGE HILL","COLLEGE  HILL","08/14/2014 02:06:00 PM +0000","10 - DRIVEWAY/ALLEY ACCESS","2 - INJURY",2,"08/14/2014 02:06:00 PM +0000","THU","F - FEMALE","2 - POSSIBLE","5BF1F3AC-C3A6-4B09-BB6A-AE39965E7BE8","1 - DAYLIGHT","145007314","1 - NOT COLLISION BETWEEN TWO MOTOR VEHICLES IN TRANSPORT","01 - DRY","1 - STRAIGHT LEVEL","2 - BLACKTOP, BITUMINOUS, ASPHALT","COLLEGE HILL","P - PEDESTRIAN","1 - CLEAR","45224",2,1.103,0.192601039845648,810064,39.1930005593801,-84.5505664413941,"College Hill",200100
"23XX FERGUSON AV",39.127493,-84.600061,"18-25","N/A","N/A","07/26/2016 02:20:00 PM +0000","03 - T-INTERSECTION","2 - INJURY",2,"07/26/2016 02:42:00 PM +0000","TUE","F - FEMALE","2 - POSSIBLE","18A9C222-ABBF-45C0-BA51-14F011E9CEA5","1 - DAYLIGHT","165011758","1 - NOT COLLISION BETWEEN TWO MOTOR VEHICLES IN TRANSPORT","02 - WET","1 - STRAIGHT LEVEL","2 - BLACKTOP, BITUMINOUS, ASPHALT","N/A","P - PEDESTRIAN","2 - CLOUDY","45238",2,1.103,0.176019508893292,1030035,39.1277356297023,-84.600269123596,"Westwood",204284
"35XX COLUMBIA PY",39.117556,-84.438779,"61-70","N/A","N/A","12/21/2015 06:30:00 AM +0000","02 - FOUR-WAY INTERSECTION","2 - INJURY",2,"12/21/2015 06:33:00 AM +0000","MON","F - FEMALE","3 - NON-INCAPACITATING","1612FCE4-17DD-484E-B632-388502381344","4 - DARK - LIGHTED ROADWAY","165001989","1 - NOT COLLISION BETWEEN TWO MOTOR VEHICLES IN TRANSPORT","01 - DRY","2 - STRAIGHT GRADE","1 - CONCRETE","N/A","P - PEDESTRIAN","2 - CLOUDY","45226",3,0.304,0.154112335254888,320030,39.1164577569962,-84.4398650348241,"East End",273544
"28XX WINSLOW AV",39.130967,-84.496922,"51-60","AVONDALE","AVONDALE","09/27/2013 07:47:00 AM +0000","01 - NOT AN INTERSECTION","2 - INJURY",2,"09/27/2013 08:06:00 AM +0000","FRI","F - FEMALE","3 - NON-INCAPACITATING","21005490-32F5-4107-A63C-804491B7A26F","1 - DAYLIGHT","135010548","1 - NOT COLLISION BETWEEN TWO MOTOR VEHICLES IN TRANSPORT","01 - DRY","2 - STRAIGHT GRADE","1 - CONCRETE","AVONDALE","P - PEDESTRIAN","1 - CLEAR","45206",3,0.304,0.122292152515521,570036,39.1299926526335,-84.4963453276287,"Avondale",199345
"23XX READING RD",39.121858,-84.500918,"18-25","N/A","N/A","02/20/2014 12:00:00 AM +0000","02 - FOUR-WAY INTERSECTION","2 - INJURY",2,"02/20/2014 06:26:00 AM +0000","THU","F - FEMALE","2 - POSSIBLE","C1BE969F-DAA7-4DA8-9F27-F9D772799828","4 - DARK - LIGHTED ROADWAY","145001495","1 - NOT COLLISION BETWEEN TWO MOTOR VEHICLES IN TRANSPORT","02 - WET","2 - STRAIGHT GRADE","2 - BLACKTOP, BITUMINOUS, ASPHALT","N/A","P - PEDESTRIAN","2 - CLOUDY","45206",2,1.103,0.122533346117444,590032,39.1209942583893,-84.5008637531327,"Mt. Auburn",274621
"57XX MONTGOMERY",39.178971,-84.439092,"UNDER 18","N/A","N/A","12/29/2012 11:20:23 AM +0000","01 - NOT AN INTERSECTION","2 - INJURY",2,"12/29/2012 11:25:00 PM +0000","SAT","M - MALE","4 - INCAPACITATING","8023B2F1-CF4D-4A8F-A6C1-8679F4326F80","4 - DARK - LIGHTED ROADWAY","125000981","1 - NOT COLLISION BETWEEN TWO MOTOR VEHICLES IN TRANSPORT","01 - DRY","1 - STRAIGHT LEVEL","2 - BLACKTOP, BITUMINOUS, ASPHALT","N/A","P - PEDESTRIAN","1 - CLEAR","45212",4,0.141,0.0994677816551605,320058,39.1794577947071,-84.4398650345706,"Pleasant Ridge",202946
"26XX BURNET AV",39.129338,-84.501191,"26-30","MOUNT AUBURN","WALNUT HILLS","07/07/2017 10:57:00 AM +0000","02 - FOUR-WAY INTERSECTION","2 - INJURY",2,"07/07/2017 11:12:00 AM +0000","FRI","M - MALE","2 - POSSIBLE","7AA94235-36D6-4A94-B2D5-3648B575D132","1 - DAYLIGHT","175010087","1 - NOT COLLISION BETWEEN TWO MOTOR VEHICLES IN TRANSPORT","01 - DRY","2 - STRAIGHT GRADE","1 - CONCRETE","AVONDALE","P - PEDESTRIAN","1 - CLEAR","45219",2,1.103,0.122628933634827,590036,39.1299942661819,-84.5008637531097,"Avondale",199345
"25XX QUEEN CITY",39.131161,-84.587749,"18-25","N/A","N/A","03/15/2016 11:05:00 AM +0000","03 - T-INTERSECTION","2 - INJURY",2,"03/15/2016 11:15:00 AM +0000","TUE","M - MALE","2 - POSSIBLE","5AB984CB-E791-48CB-9F4A-016EB45842C6","1 - DAYLIGHT","165003877","1 - NOT COLLISION BETWEEN TWO MOTOR VEHICLES IN TRANSPORT","01 - DRY","1 - STRAIGHT LEVEL","2 - BLACKTOP, BITUMINOUS, ASPHALT","N/A","P - PEDESTRIAN","1 - CLEAR","45238",2,1.103,0.120059193046161,970037,39.1322417823436,-84.5867138489463,"Westwood",204284
"22XX BEECHMONT AV",39.094569,-84.388401,"18-25","MOUNT WASHINGTON","MT.  WASHINGTON","02/03/2018 01:20:00 PM +0000","01 - NOT AN INTERSECTION","2 - INJURY",2,"02/03/2018 01:21:00 PM +0000","SAT","F - FEMALE","3 - NON-INCAPACITATING","0EA8006A-CC57-46CA-853A-7E98467CCAEE","1 - DAYLIGHT","185001730","1 - NOT COLLISION BETWEEN TWO MOTOR VEHICLES IN TRANSPORT","02 - WET","1 - STRAIGHT LEVEL","1 - CONCRETE","MT. WASHINGTON","P - PEDESTRIAN","4 - RAIN","45230",3,0.304,0.12738423571022,90020,39.0939015892843,-84.3879032331191,"Mt. Washington",274624
"42XX VIRGINIA AV",39.165045,-84.550735,"31-40","N/A","N/A","06/29/2014 10:21:00 AM +0000","03 - T-INTERSECTION","2 - INJURY",2,"06/29/2014 10:23:00 AM +0000","SUN","F - FEMALE","3 - NON-INCAPACITATING","D0EF7667-AA8E-428A-9004-1CA19BC57BE4","1 - DAYLIGHT","145005392","6 - ANGLE","01 - DRY","1 - STRAIGHT LEVEL","2 - BLACKTOP, BITUMINOUS, ASPHALT","N/A","P - PEDESTRIAN","2 - CLOUDY","45223",3,0.304,0.0628876308326086,810052,39.1660005350029,-84.5505664413975,"Northside",274791
"21XX FERGUSON RD",39.124551,-84.602271,"UNDER 18","WEST PRICE HILL","WEST PRICE HILL","05/10/2016 02:35:00 PM +0000","01 - NOT AN INTERSECTION","2 - INJURY",2,"05/10/2016 02:40:00 PM +0000","TUE","F - FEMALE","2 - POSSIBLE","6BBE9237-238D-40D7-AB4E-D6B6EBDD69A8","1 - DAYLIGHT","165007258","1 - NOT COLLISION BETWEEN TWO MOTOR VEHICLES IN TRANSPORT","01 - DRY","1 - STRAIGHT LEVEL","2 - BLACKTOP, BITUMINOUS, ASPHALT","WEST PRICE HILL","P - PEDESTRIAN","2 - CLOUDY","45238",2,1.103,0.169618547444283,1040034,39.1254844504795,-84.6025283357909,"West Price HIll",275981
"31XX DURRELL AV",39.135434,-84.477568,"18-25","N/A","N/A","12/17/2015 09:59:00 AM +0000","01 - NOT AN INTERSECTION","2 - INJURY",2,"12/17/2015 10:05:00 AM +0000","THU","M - MALE","2 - POSSIBLE","6A794D71-40AC-4700-91BD-7CB583AF40EE","1 - DAYLIGHT","155018416","1 - NOT COLLISION BETWEEN TWO MOTOR VEHICLES IN TRANSPORT","01 - DRY","1 - STRAIGHT LEVEL","2 - BLACKTOP, BITUMINOUS, ASPHALT","N/A","P - PEDESTRIAN","1 - CLEAR","45207",2,1.103,0.164683540225131,490038,39.1344844576354,-84.4782716280958,"Evanston",200632
"29XX GILBERT AV",39.133613,-84.486625,"UNDER 18","N/A","N/A","02/25/2015 03:53:00 PM +0000","02 - FOUR-WAY INTERSECTION","2 - INJURY",2,"02/25/2015 03:54:00 PM +0000","WED","F - FEMALE","1 - NO INJURY / NONE REPORTED","2CB5EC9B-FD1B-405E-93E6-935211A2B15E","1 - DAYLIGHT","155002621","1 - NOT COLLISION BETWEEN TWO MOTOR VEHICLES IN TRANSPORT","01 - DRY","1 - STRAIGHT LEVEL","1 - CONCRETE","N/A","P - PEDESTRIAN","2 - CLOUDY","45206",1,10.082,0.153418283868973,530038,39.1344889059406,-84.48730847733,"Walnut Hills",204112
"2XX E CENTRAL PY",39.106864,-84.511362,"26-30","N/A","N/A","10/20/2017 07:57:34 AM +0000","02 - FOUR-WAY INTERSECTION","2 - INJURY",2,"10/20/2017 07:57:51 AM +0000","FRI","M - MALE","3 - NON-INCAPACITATING","C84ED4A8-BF25-40F4-BA29-80FCC0DF11F9","2 - DAWN","175015940","1 - NOT COLLISION BETWEEN TWO MOTOR VEHICLES IN TRANSPORT","01 - DRY","1 - STRAIGHT LEVEL","2 - BLACKTOP, BITUMINOUS, ASPHALT","N/A","P - PEDESTRIAN","1 - CLEAR","45202",3,0.304,0.12834321608616,640026,39.1074975168496,-84.512159817666,"Over-The-Rhine",202750
"2XX WILLIAM HOWARD TAFT RD",39.129336,-84.5057,"18-25","CORRYVILLE","CORRYVILLE","12/16/2017 04:21:00 PM +0000","03 - T-INTERSECTION","2 - INJURY",2,"12/16/2017 04:23:00 PM +0000","SAT","M - MALE","2 - POSSIBLE","456DB324-3F68-4CA4-92A2-126B6A51E81D","1 - DAYLIGHT","175019178","1 - NOT COLLISION BETWEEN TWO MOTOR VEHICLES IN TRANSPORT","01 - DRY","1 - STRAIGHT LEVEL","2 - BLACKTOP, BITUMINOUS, ASPHALT","CORRYVILLE","P - PEDESTRIAN","1 - CLEAR","45219",2,1.103,0.176289835615198,610036,39.1299957052926,-84.5053821787865,"Corryville",200172
"2XX E COURT ST",39.106352,-84.511056,"61-70","N/A","N/A","12/05/2016 08:40:00 AM +0000","01 - NOT AN INTERSECTION","2 - INJURY",2,"12/05/2016 08:41:00 AM +0000","MON","M - MALE","3 - NON-INCAPACITATING","E706F51F-313E-48F6-B871-3DEEB1943106","1 - DAYLIGHT","165020209","1 - NOT COLLISION BETWEEN TWO MOTOR VEHICLES IN TRANSPORT","01 - DRY","1 - STRAIGHT LEVEL","1 - CONCRETE","N/A","P - PEDESTRIAN","1 - CLEAR","45202",3,0.304,0.149580060022916,640025,39.1052475148416,-84.5121598176706,"Central Business District",273189
"7XX PLUM ST",39.104619,-84.519067,"OVER 70","N/A","N/A","11/27/2016 02:56:00 PM +0000","02 - FOUR-WAY INTERSECTION","2 - INJURY",2,"11/27/2016 04:57:29 PM +0000","SUN","F - FEMALE","3 - NON-INCAPACITATING","E3B183F9-6F79-4A4D-A5C2-C822568222D1","1 - DAYLIGHT","165019701","1 - NOT COLLISION BETWEEN TWO MOTOR VEHICLES IN TRANSPORT","01 - DRY","1 - STRAIGHT LEVEL","2 - BLACKTOP, BITUMINOUS, ASPHALT","N/A","P - PEDESTRIAN","1 - CLEAR","45202",3,0.304,0.107440925247685,670025,39.1052489536934,-84.5189374568108,"West End",276647
"28XX MASSACHUSETTS",39.133233,-84.534014,"UNDER 18","CAMP WASHINGTON","CAMP  WASHINGTON","09/06/2013 04:38:00 PM +0000","01 - NOT AN INTERSECTION","2 - INJURY",2,"09/06/2013 04:41:00 PM +0000","FRI","M - MALE","3 - NON-INCAPACITATING","6EE30A86-6337-44FA-AE76-82FD40F4C0D5","1 - DAYLIGHT","135009954","1 - NOT COLLISION BETWEEN TWO MOTOR VEHICLES IN TRANSPORT","01 - DRY","1 - STRAIGHT LEVEL","2 - BLACKTOP, BITUMINOUS, ASPHALT","CAMP WASHINGTON","P - PEDESTRIAN","1 - CLEAR","45225",3,0.304,0.208239995261287,740037,39.1322508096467,-84.5347519489116,"Camp Washington",199841
"5XX MAIN ST",39.101706,-84.509321,"51-60","N/A","N/A","10/12/2017 06:35:00 PM +0000","02 - FOUR-WAY INTERSECTION","2 - INJURY",2,"10/12/2017 06:36:00 PM +0000","THU","F - FEMALE","4 - INCAPACITATING","31EAE090-68C6-471B-9CF9-6517C7E3C752","3 - DUSK","175015506","1 - NOT COLLISION BETWEEN TWO MOTOR VEHICLES IN TRANSPORT","01 - DRY","1 - STRAIGHT LEVEL","2 - BLACKTOP, BITUMINOUS, ASPHALT","N/A","P - PEDESTRIAN","2 - CLOUDY","45202",4,0.141,0.218666160415596,630023,39.1007469440215,-84.5099006046997,"Central Business District",273189
"33XX QUEEN CITY AV",39.139265,-84.611036,"UNDER 18","WESTWOOD","WESTWOOD","12/06/2016 02:16:00 PM +0000","01 - NOT AN INTERSECTION","2 - INJURY",2,"12/06/2016 02:18:00 PM +0000","TUE","M - MALE","3 - NON-INCAPACITATING","558A0D9F-D402-429E-A457-AA2D48A55BB9","1 - DAYLIGHT","165020325","1 - NOT COLLISION BETWEEN TWO MOTOR VEHICLES IN TRANSPORT","02 - WET","2 - STRAIGHT GRADE","2 - BLACKTOP, BITUMINOUS, ASPHALT","WESTWOOD","P - PEDESTRIAN","2 - CLOUDY","45238",3,0.304,0.114120963510041,1080040,39.1389793149472,-84.6115651838235,"Westwood",204284
"3XX CALHOUN ST",39.128658,-84.518021,"UNDER 18","N/A","N/A","04/06/2017 03:31:00 PM +0000","03 - T-INTERSECTION","2 - INJURY",2,"04/06/2017 03:31:00 PM +0000","THU","F - FEMALE","3 - NON-INCAPACITATING","1A11C894-FA40-41D7-AD96-1A591F024463","1 - DAYLIGHT","175005001","1 - NOT COLLISION BETWEEN TWO MOTOR VEHICLES IN TRANSPORT","02 - WET","1 - STRAIGHT LEVEL","1 - CONCRETE","N/A","P - PEDESTRIAN","2 - CLOUDY","45221",3,0.304,0.201246014799999,670035,39.1277489739748,-84.518937456772,"CUF",273417
"3XX BROADWAY ST",39.100841,-84.505331,"31-40","N/A","N/A","06/20/2018 04:15:00 PM +0000","02 - FOUR-WAY INTERSECTION","2 - INJURY",2,"06/20/2018 04:17:00 PM +0000","WED","F - FEMALE","3 - NON-INCAPACITATING","03C76DDB-0CC3-4BB6-AEB9-8FDD06F6587F","1 - DAYLIGHT","185008584","1 - NOT COLLISION BETWEEN TWO MOTOR VEHICLES IN TRANSPORT","01 - DRY","1 - STRAIGHT LEVEL","2 - BLACKTOP, BITUMINOUS, ASPHALT","N/A","P - PEDESTRIAN","1 - CLEAR","45202",3,0.304,0.101899627084652,610023,39.1007456796175,-84.5053821788555,"Central Business District",273189
"XX W MCMILLAN ST",39.127551,-84.515441,"18-25","CUF - HEIGHTS","FAIRVIEW","11/05/2016 09:53:00 PM +0000","02 - FOUR-WAY INTERSECTION","2 - INJURY",2,"11/05/2016 09:55:00 PM +0000","SAT","M - MALE","3 - NON-INCAPACITATING","29B7875B-B14A-4CC9-8C22-07F1C13A0ACB","4 - DARK - LIGHTED ROADWAY","165018343","1 - NOT COLLISION BETWEEN TWO MOTOR VEHICLES IN TRANSPORT","01 - DRY","1 - STRAIGHT LEVEL","2 - BLACKTOP, BITUMINOUS, ASPHALT","CUF","P - PEDESTRIAN","1 - CLEAR","45219",3,0.304,0.127656008258082,650035,39.1277480581921,-84.5144190306425,"CUF",273417
"X W CORRY ST",39.128171,-84.508758,"31-40","CORRYVILLE","CORRYVILLE","07/01/2017 06:00:00 PM +0000","01 - NOT AN INTERSECTION","2 - INJURY",2,"07/01/2017 06:48:00 PM +0000","SAT","M - MALE","2 - POSSIBLE","9DF8718B-02F1-4CD9-A483-694A193196BC","1 - DAYLIGHT","175009808","1 - NOT COLLISION BETWEEN TWO MOTOR VEHICLES IN TRANSPORT","01 - DRY","1 - STRAIGHT LEVEL","2 - BLACKTOP, BITUMINOUS, ASPHALT","CORRYVILLE","P - PEDESTRIAN","1 - CLEAR","45219",2,1.103,0.216213906420367,620035,39.1277463574527,-84.5076413916964,"Corryville",200172
"2XX W MCMILLAN ST",39.126955,-84.519553,"UNDER 18","N/A","N/A","01/27/2017 04:04:37 PM +0000","01 - NOT AN INTERSECTION","2 - INJURY",2,"01/27/2017 04:06:48 PM +0000","FRI","M - MALE","2 - POSSIBLE","EF448375-3481-43D6-965B-320333857C17","1 - DAYLIGHT","175001347","1 - NOT COLLISION BETWEEN TWO MOTOR VEHICLES IN TRANSPORT","01 - DRY","1 - STRAIGHT LEVEL","2 - BLACKTOP, BITUMINOUS, ASPHALT","N/A","P - PEDESTRIAN","1 - CLEAR","45219",2,1.103,0.201246014799999,670035,39.1277489739748,-84.518937456772,"CUF",273417
"36XX VINE ST",39.148645,-84.511503,"31-40","N/A","N/A","09/05/2015 10:00:00 PM +0000","02 - FOUR-WAY INTERSECTION","2 - INJURY",2,"09/05/2015 10:00:00 PM +0000","SAT","M - MALE","3 - NON-INCAPACITATING","F8B5D749-DBB7-479D-96AE-CD8F5CF27499","4 - DARK - LIGHTED ROADWAY","155012645","1 - NOT COLLISION BETWEEN TWO MOTOR VEHICLES IN TRANSPORT","01 - DRY","1 - STRAIGHT LEVEL","2 - BLACKTOP, BITUMINOUS, ASPHALT","N/A","P - PEDESTRIAN","1 - CLEAR","45220",3,0.304,0.141567848679411,640044,39.1479975528645,-84.512159817583,"Clifton",200052
"1XX MALVERN",39.118161,-84.512526,"UNDER 18","N/A","N/A","04/10/2013 07:55:00 PM +0000","03 - T-INTERSECTION","2 - INJURY",2,"04/10/2013 07:56:00 PM +0000","WED","M - MALE","3 - NON-INCAPACITATING","9AC4D8C6-1E60-478E-AD91-31BC6D025F8D","1 - DAYLIGHT","135004373","1 - NOT COLLISION BETWEEN TWO MOTOR VEHICLES IN TRANSPORT","01 - DRY","2 - STRAIGHT GRADE","2 - BLACKTOP, BITUMINOUS, ASPHALT","N/A","P - PEDESTRIAN","1 - CLEAR","45219",3,0.304,0.128863175288191,640031,39.1187475268783,-84.512159817643,"Mt. Auburn",274621
"34XX MADISON RD",39.158679,-84.421811,"OVER 70","N/A","N/A","12/21/2016 02:49:00 PM +0000","03 - T-INTERSECTION","1 - FATAL INJURY",1,"12/21/2016 02:49:00 PM +0000","WED","M - MALE","5 - FATAL","BA1338F2-03B7-4881-801F-F29B6571FD0C","1 - DAYLIGHT","165021345","1 - NOT COLLISION BETWEEN TWO MOTOR VEHICLES IN TRANSPORT","01 - DRY","1 - STRAIGHT LEVEL","2 - BLACKTOP, BITUMINOUS, ASPHALT","N/A","P - PEDESTRIAN","1 - CLEAR","45209",5,0.046,0.149805006928005,240049,39.1591908586081,-84.4217913552852,"Oakley",202657
"7XX STATE AV",39.104218,-84.552953,"41-50","N/A","N/A","08/31/2018 05:31:00 PM +0000","02 - FOUR-WAY INTERSECTION","2 - INJURY",2,"08/31/2018 05:31:00 PM +0000","FRI","M - MALE","3 - NON-INCAPACITATING","421DF7C9-C6F6-408E-A735-151DBF24E0C7","1 - DAYLIGHT","185012210","1 - NOT COLLISION BETWEEN TWO MOTOR VEHICLES IN TRANSPORT","01 - DRY","1 - STRAIGHT LEVEL","2 - BLACKTOP, BITUMINOUS, ASPHALT","N/A","P - PEDESTRIAN","1 - CLEAR","45204",3,0.304,0.171523040282416,820025,39.1052502617382,-84.5528256545869,"Lower Price Hill",276431
"32XX EDEN AV",39.139262,-84.505408,"18-25","N/A","N/A","03/07/2017 11:15:00 AM +0000","01 - NOT AN INTERSECTION","3 - PROPERTY DAMAGE ONLY (PDO)",3,"03/07/2017 11:15:00 AM +0000","TUE","F - FEMALE","1 - NO INJURY / NONE REPORTED","A1E61068-64A5-45CD-A2B2-0A1C9EFE9A13","1 - DAYLIGHT","175003337","1 - NOT COLLISION BETWEEN TWO MOTOR VEHICLES IN TRANSPORT","02 - WET","1 - STRAIGHT LEVEL","2 - BLACKTOP, BITUMINOUS, ASPHALT","N/A","P - PEDESTRIAN","2 - CLOUDY","45219",1,10.082,0.125335173059027,610040,39.1389957131674,-84.5053821787652,"Corryville",200172
"60XX GLENWAY AV",39.143936,-84.618156,"OVER 70","WESTWOOD","WESTWOOD","08/25/2017 12:13:00 PM +0000","01 - NOT AN INTERSECTION","2 - INJURY",2,"08/25/2017 12:13:00 PM +0000","FRI","F - FEMALE","3 - NON-INCAPACITATING","97AB72A6-AC77-42A3-A4E8-53F9A192133F","1 - DAYLIGHT","175012693","1 - NOT COLLISION BETWEEN TWO MOTOR VEHICLES IN TRANSPORT","01 - DRY","1 - STRAIGHT LEVEL","1 - CONCRETE","WESTWOOD","P - PEDESTRIAN","1 - CLEAR","45211",3,0.304,0.0991678868291892,1110042,39.1434750005913,-84.6183428189219,"Westwood",204284
"2XX GLENMARY AV",39.14629,-84.51886,"OVER 70","N/A","N/A","01/24/2015 10:59:00 AM +0000","03 - T-INTERSECTION","2 - INJURY",2,"01/24/2015 11:00:00 AM +0000","SAT","M - MALE","3 - NON-INCAPACITATING","6CF94B78-C6D4-4A37-9E5A-9A4F5B009A68","1 - DAYLIGHT","155000960","1 - NOT COLLISION BETWEEN TWO MOTOR VEHICLES IN TRANSPORT","01 - DRY","2 - STRAIGHT GRADE","2 - BLACKTOP, BITUMINOUS, ASPHALT","N/A","P - PEDESTRIAN","1 - CLEAR","45220",3,0.304,0.131548250629445,670043,39.145748990145,-84.518937456741,"Clifton",200052
"4XX E 12TH ST",39.110222,-84.506951,"UNDER 18","N/A","N/A","04/29/2016 09:05:00 AM +0000","03 - T-INTERSECTION","2 - INJURY",2,"04/29/2016 09:06:00 AM +0000","FRI","M - MALE","2 - POSSIBLE","FF30C0F7-F7F7-4383-904F-4775C17C32BE","1 - DAYLIGHT","165006494","1 - NOT COLLISION BETWEEN TWO MOTOR VEHICLES IN TRANSPORT","01 - DRY","2 - STRAIGHT GRADE","2 - BLACKTOP, BITUMINOUS, ASPHALT","N/A","P - PEDESTRIAN","1 - CLEAR","45202",2,1.103,0.121920109424641,620027,39.1097463415759,-84.507641391737,"Pendleton",202841
"45XX PADDOCK",39.167938,-84.47824,"UNDER 18","N/A","N/A","02/26/2013 09:04:00 AM +0000","02 - FOUR-WAY INTERSECTION","2 - INJURY",2,"02/26/2013 09:04:00 AM +0000","TUE","F - FEMALE","3 - NON-INCAPACITATING","D8DDE49B-4EF2-4484-8728-DC5A265FDFD7","8 - OTHER","135002469","1 - NOT COLLISION BETWEEN TWO MOTOR VEHICLES IN TRANSPORT","02 - WET","1 - STRAIGHT LEVEL","2 - BLACKTOP, BITUMINOUS, ASPHALT","N/A","P - PEDESTRIAN","4 - RAIN","45229",3,0.304,0.123667308556651,490053,39.1682344843371,-84.4782716279808,"Paddock Hills",274942
"47XX GUERLEY",39.117464,-84.594235,"41-50","N/A","N/A","08/30/2013 09:26:00 AM +0000","01 - NOT AN INTERSECTION","2 - INJURY",2,"08/30/2013 09:31:00 AM +0000","FRI","F - FEMALE","2 - POSSIBLE","5AB596B8-A182-47F4-AF8D-366F9F9F1FA7","1 - DAYLIGHT","135009765","1 - NOT COLLISION BETWEEN TWO MOTOR VEHICLES IN TRANSPORT","01 - DRY","2 - STRAIGHT GRADE","2 - BLACKTOP, BITUMINOUS, ASPHALT","N/A","P - PEDESTRIAN","1 - CLEAR","45238",2,1.103,0.112491806548438,1000030,39.116488891048,-84.5934914865431,"West Price HIll",275981
"31XX QUEEN CITY AV",39.136056,-84.605298,"51-60","N/A","N/A","04/26/2017 05:06:00 PM +0000","01 - NOT AN INTERSECTION","2 - INJURY",2,"04/26/2017 05:06:00 PM +0000","WED","F - FEMALE","3 - NON-INCAPACITATING","F11A4CAA-15EB-4029-8C44-8520DB3E7ABF","1 - DAYLIGHT","175006063","2 - REAR-END","01 - DRY","1 - STRAIGHT LEVEL","2 - BLACKTOP, BITUMINOUS, ASPHALT","N/A","P - PEDESTRIAN","1 - CLEAR","45238",3,0.304,0.157284382936953,1050039,39.1367332382869,-84.604787547938,"Westwood",204284