"address_x","lat","long","age","community_council_neighborhood","cpd_neighborhood","crashdate","crashlocation","crashseverity","crashseverityid","datecrashreported","dayofweek","gender","injuries","instanceid","lightconditionsprimary","localreportno","mannerofcrash","roadconditionsprimary","roadcontour","roadsurface","sna_neighborhood","typeofperson","weather","zip","injury_type_num","cost","dist","cell_id","lat_cell","long_cell","hood","hood_id"
"13XX VINE ST",39.110149,-84.516422,"18-25","N/A","N/A","08/05/2018 02:25:00 AM +0000","01 - NOT AN INTERSECTION","2 - INJURY",2,"08/05/2018 03:43:01 AM +0000","SUN","F - FEMALE","3 - NON-INCAPACITATING","91F6CD67-BDDC-49DA-BAB0-DC179CFC61AB","4 - DARK - LIGHTED ROADWAY","185010846","1 - NOT COLLISION BETWEEN TWO MOTOR VEHICLES IN TRANSPORT","01 - DRY","1 - STRAIGHT LEVEL","1 - CONCRETE","N/A","P - PEDESTRIAN","1 - CLEAR","45202",3,0.304,0.0948555443639749,660027,39.1097485217258,-84.5166782437256,"Over-The-Rhine",202750
"12XX RACE ST",39.106888,-84.515486,"51-60","N/A","N/A","07/17/2016 08:52:00 PM +0000","02 - FOUR-WAY INTERSECTION","2 - INJURY",2,"07/17/2016 09:00:00 PM +0000","SUN","M - MALE","3 - NON-INCAPACITATING","E2613BDF-F214-49D6-BF34-5C1C4F0799FA","1 - DAYLIGHT","165011243","1 - NOT COLLISION BETWEEN TWO MOTOR VEHICLES IN TRANSPORT","01 - DRY","1 - STRAIGHT LEVEL","2 - BLACKTOP, BITUMINOUS, ASPHALT","N/A","P - PEDESTRIAN","1 - CLEAR","45202",3,0.304,0.213835869601452,650026,39.107498040077,-84.5144190306818,"Over-The-Rhine",202750
"12XX VINE ST",39.108182,-84.515848,"18-25","OTR","OVER-THE-RHINE","10/10/2014 05:45:00 PM +0000","01 - NOT AN INTERSECTION","2 - INJURY",2,"10/10/2014 05:45:00 PM +0000","FRI","F - FEMALE","2 - POSSIBLE","B64549DA-29E5-4015-B057-A12F90D3CD4F","1 - DAYLIGHT","145009941","1 - NOT COLLISION BETWEEN TWO MOTOR VEHICLES IN TRANSPORT","02 - WET","1 - STRAIGHT LEVEL","1 - CONCRETE","OVER-THE-RHINE","P - PEDESTRIAN","4 - RAIN","45202",2,1.103,0.1271592134791,660026,39.1074985197021,-84.5166782437297,"Over-The-Rhine",202750
"X E MCMILLAN ST",39.126935,-84.510782,"51-60","MOUNT AUBURN","CORRYVILLE","12/04/2017 02:10:00 PM +0000","02 - FOUR-WAY INTERSECTION","2 - INJURY",2,"12/04/2017 02:13:00 PM +0000","MON","M - MALE","2 - POSSIBLE","BB7B5E96-DB39-4B65-A3FB-DD26CB7857F9","1 - DAYLIGHT","175018501","1 - NOT COLLISION BETWEEN TWO MOTOR VEHICLES IN TRANSPORT","01 - DRY","1 - STRAIGHT LEVEL","2 - BLACKTOP, BITUMINOUS, ASPHALT","CORRYVILLE","P - PEDESTRIAN","1 - CLEAR","45219",2,1.103,0.13432532964,630035,39.1277469679745,-84.5099006046416,"Corryville",200172
"17XX RACE ST",39.115349,-84.518991,"41-50","N/A","N/A","11/21/2017 05:17:46 PM +0000","03 - T-INTERSECTION","2 - INJURY",2,"11/21/2017 05:18:03 PM +0000","TUE","F - FEMALE","3 - NON-INCAPACITATING","6487A74A-9A9F-4318-9446-1D915CC639F6","1 - DAYLIGHT","175017872","1 - NOT COLLISION BETWEEN TWO MOTOR VEHICLES IN TRANSPORT","01 - DRY","1 - STRAIGHT LEVEL","2 - BLACKTOP, BITUMINOUS, ASPHALT","N/A","P - PEDESTRIAN","1 - CLEAR","45202",3,0.304,0.194000461194668,670029,39.1142489618151,-84.5189374567953,"Over-The-Rhine",202750
"60XX HEIS",39.080761,-84.39249,"26-30","MOUNT WASHINGTON","MT.  WASHINGTON","03/05/2013 11:30:00 PM +0000","01 - NOT AN INTERSECTION","2 - INJURY",2,"03/05/2013 11:50:00 PM +0000","TUE","F - FEMALE","2 - POSSIBLE","DF1165C8-EE6D-4D0E-810A-C892FF17F1E1","4 - DARK - LIGHTED ROADWAY","135002827","1 - NOT COLLISION BETWEEN TWO MOTOR VEHICLES IN TRANSPORT","03 - SNOW","1 - STRAIGHT LEVEL","2 - BLACKTOP, BITUMINOUS, ASPHALT","MT. WASHINGTON","P - PEDESTRIAN","6 - SNOW","45230",2,1.103,0.10832126046049,110014,39.0804073846118,-84.3924216472305,"Mt. Washington",274624
"30XX READING RD",39.133771,-84.497381,"51-60","N/A","N/A","01/15/2017 10:00:00 PM +0000","02 - FOUR-WAY INTERSECTION","2 - INJURY",2,"01/15/2017 10:20:00 PM +0000","SUN","F - FEMALE","2 - POSSIBLE","0C0703F2-8832-4652-9C64-647ECF1476F7","4 - DARK - LIGHTED ROADWAY","175000781","1 - NOT COLLISION BETWEEN TWO MOTOR VEHICLES IN TRANSPORT","02 - WET","1 - STRAIGHT LEVEL","2 - BLACKTOP, BITUMINOUS, ASPHALT","N/A","P - PEDESTRIAN","4 - RAIN","45206",2,1.103,0.155582463186011,570038,39.1344926564727,-84.4963453276164,"Avondale",199345
"15XX LINGO ST",39.162326,-84.539341,"41-50","NORTHSIDE","NORTHSIDE","05/04/2013 10:21:00 AM +0000","01 - NOT AN INTERSECTION","2 - INJURY",2,"05/04/2013 10:22:00 AM +0000","SAT","M - MALE","3 - NON-INCAPACITATING","6ADED03F-E3CD-4961-A020-9F720A5DE5A1","1 - DAYLIGHT","135005400","1 - NOT COLLISION BETWEEN TWO MOTOR VEHICLES IN TRANSPORT","01 - DRY","1 - STRAIGHT LEVEL","2 - BLACKTOP, BITUMINOUS, ASPHALT","NORTHSIDE","P - PEDESTRIAN","2 - CLOUDY","45223",3,0.304,0.13574173154969,760050,39.1615009671237,-84.5392703753239,"Northside",274791
"9XX MAIN ST",39.105716,-84.510585,"31-40","N/A","N/A","09/25/2016 11:18:31 PM +0000","02 - FOUR-WAY INTERSECTION","2 - INJURY",2,"09/25/2016 11:19:32 PM +0000","SUN","F - FEMALE","3 - NON-INCAPACITATING","2B2F9627-62C0-4DB7-AE6A-D63BB035811C","4 - DARK - LIGHTED ROADWAY","165015680","1 - NOT COLLISION BETWEEN TWO MOTOR VEHICLES IN TRANSPORT","01 - DRY","1 - STRAIGHT LEVEL","1 - CONCRETE","N/A","P - PEDESTRIAN","1 - CLEAR","45202",3,0.304,0.212349218642573,630025,39.1052469480212,-84.50990060469,"Central Business District",273189
"11XX MAIN ST",39.108587,-84.512052,"18-25","N/A","N/A","01/02/2015 11:30:00 PM +0000","03 - T-INTERSECTION","2 - INJURY",2,"01/05/2015 06:00:00 PM +0000","FRI","M - MALE","3 - NON-INCAPACITATING","7879315C-9541-4C56-A296-D05D37B025AF","6 - DARK – UNKNOWN ROADWAY LIGHTING","155000162","1 - NOT COLLISION BETWEEN TWO MOTOR VEHICLES IN TRANSPORT","01 - DRY","1 - STRAIGHT LEVEL","2 - BLACKTOP, BITUMINOUS, ASPHALT","N/A","P - PEDESTRIAN","1 - CLEAR","45202",3,0.304,0.12834321608616,640026,39.1074975168496,-84.512159817666,"Over-The-Rhine",202750
"23XX SYMMES ST",39.126653,-84.498703,"41-50","WALNUT HILLS","WALNUT HILLS","11/17/2016 06:20:00 PM +0000","03 - T-INTERSECTION","2 - INJURY",2,"11/17/2016 06:23:00 PM +0000","THU","F - FEMALE","2 - POSSIBLE","011B7FE8-BD6C-4632-9C2F-31B913A77C23","4 - DARK - LIGHTED ROADWAY","165019093","1 - NOT COLLISION BETWEEN TWO MOTOR VEHICLES IN TRANSPORT","01 - DRY","2 - STRAIGHT GRADE","2 - BLACKTOP, BITUMINOUS, ASPHALT","WALNUT HILLS","P - PEDESTRIAN","1 - CLEAR","45206",2,1.103,0.111451688835775,580035,39.1277434792782,-84.4986045403493,"Walnut Hills",204112
"2XX CALHOUN ST",39.127817,-84.515411,"18-25","CORRYVILLE - HEIGHTS","CLIFTON/UNIVERSITY HEIGHTS","12/16/2014 09:40:00 PM +0000","01 - NOT AN INTERSECTION","2 - INJURY",2,"12/16/2014 09:40:00 PM +0000","TUE","M - MALE","4 - INCAPACITATING","E62E8E3A-2BBB-4A82-BF77-CB6DB9CFE3F0","4 - DARK - LIGHTED ROADWAY","145013283","1 - NOT COLLISION BETWEEN TWO MOTOR VEHICLES IN TRANSPORT","01 - DRY","1 - STRAIGHT LEVEL","2 - BLACKTOP, BITUMINOUS, ASPHALT","CUF","P - PEDESTRIAN","2 - CLOUDY","45221",4,0.141,0.127656008258082,650035,39.1277480581921,-84.5144190306425,"CUF",273417
"24XX BOUDINOT AV",39.134965,-84.603,"UNDER 18","N/A","N/A","12/28/2013 07:20:28 PM +0000","02 - FOUR-WAY INTERSECTION","2 - INJURY",2,"12/28/2013 07:21:46 PM +0000","SAT","F - FEMALE","3 - NON-INCAPACITATING","6DB532F2-C6AD-4455-BAFC-C070FF1C2751","4 - DARK - LIGHTED ROADWAY","135013169","1 - NOT COLLISION BETWEEN TWO MOTOR VEHICLES IN TRANSPORT","01 - DRY","1 - STRAIGHT LEVEL","2 - BLACKTOP, BITUMINOUS, ASPHALT","N/A","P - PEDESTRIAN","1 - CLEAR","45238",3,0.304,0.126222288946133,1040038,39.1344844576256,-84.6025283358099,"Westwood",204284
"58XX COLERAIN",39.200618,-84.579355,"UNDER 18","N/A","N/A","01/10/2013 08:00:00 PM +0000","02 - FOUR-WAY INTERSECTION","2 - INJURY",2,"01/10/2013 08:35:36 PM +0000","THU","M - MALE","3 - NON-INCAPACITATING","40CF8546-FE17-43EA-86A2-61428B89553D","4 - DARK - LIGHTED ROADWAY","135000368","1 - NOT COLLISION BETWEEN TWO MOTOR VEHICLES IN TRANSPORT","02 - WET","1 - STRAIGHT LEVEL","2 - BLACKTOP, BITUMINOUS, ASPHALT","N/A","P - PEDESTRIAN","2 - CLOUDY","45239",3,0.304,0.123569263413037,940067,39.1997443261694,-84.5799362108905,"Mt. Airy",274620
"42XX READING RD",39.160219,-84.473257,"26-30","PADDOCK HILLS","PADDOCK  HILLS","10/23/2015 07:55:00 PM +0000","03 - T-INTERSECTION","2 - INJURY",2,"10/23/2015 07:56:00 PM +0000","FRI","F - FEMALE","2 - POSSIBLE","54B55EC4-0560-49CC-9335-61FCAC765932","4 - DARK - LIGHTED ROADWAY","155015361","1 - NOT COLLISION BETWEEN TWO MOTOR VEHICLES IN TRANSPORT","01 - DRY","2 - STRAIGHT GRADE","2 - BLACKTOP, BITUMINOUS, ASPHALT","NORTH AVONDALE - PADDOCK HILLS","P - PEDESTRIAN","1 - CLEAR","45229",2,1.103,0.160159268485661,470049,39.159231990969,-84.4737532038416,"Paddock Hills",274942
"41XX HAMILTON AV",39.161301,-84.540053,"51-60","NORTHSIDE","NORTHSIDE","09/16/2016 05:53:00 PM +0000","03 - T-INTERSECTION","2 - INJURY",2,"09/16/2016 05:54:00 PM +0000","FRI","F - FEMALE","4 - INCAPACITATING","2FB270FF-37BC-46D9-B759-07FA76E2491A","1 - DAYLIGHT","165015128","1 - NOT COLLISION BETWEEN TWO MOTOR VEHICLES IN TRANSPORT","01 - DRY","1 - STRAIGHT LEVEL","2 - BLACKTOP, BITUMINOUS, ASPHALT","NORTHSIDE","P - PEDESTRIAN","2 - CLOUDY","45223",4,0.141,0.13574173154969,760050,39.1615009671237,-84.5392703753239,"Northside",274791
"7XX VINE ST",39.104182,-84.513952,"31-40","N/A","N/A","05/24/2015 02:30:00 AM +0000","02 - FOUR-WAY INTERSECTION","2 - INJURY",2,"05/24/2015 02:35:00 AM +0000","SUN","M - MALE","3 - NON-INCAPACITATING","2F667BA7-DAB2-4179-8771-1FBF7DB6D7C1","4 - DARK - LIGHTED ROADWAY","155007207","1 - NOT COLLISION BETWEEN TWO MOTOR VEHICLES IN TRANSPORT","01 - DRY","1 - STRAIGHT LEVEL","2 - BLACKTOP, BITUMINOUS, ASPHALT","N/A","P - PEDESTRIAN","1 - CLEAR","45202",3,0.304,0.153365071667684,650025,39.1052480380605,-84.5144190306861,"Central Business District",273189
"42XX WATTERSON ST",39.151127,-84.392233,"18-25","N/A","N/A","12/18/2017 08:26:00 PM +0000","03 - T-INTERSECTION","2 - INJURY",2,"12/18/2017 08:27:00 PM +0000","MON","F - FEMALE","3 - NON-INCAPACITATING","F602EEAE-C836-47AB-9B0F-B5F80AF1728B","4 - DARK - LIGHTED ROADWAY","175019288","1 - NOT COLLISION BETWEEN TWO MOTOR VEHICLES IN TRANSPORT","02 - WET","1 - STRAIGHT LEVEL","2 - BLACKTOP, BITUMINOUS, ASPHALT","N/A","P - PEDESTRIAN","2 - CLOUDY","45227",3,0.304,0.0948449736656934,110045,39.150157401044,-84.3924216470499,"Madisonville",201948
"38XX PAXTON",39.145695,-84.430817,"31-40","N/A","N/A","03/20/2014 01:00:00 PM +0000","01 - NOT AN INTERSECTION","2 - INJURY",2,"03/20/2014 01:00:00 PM +0000","THU","F - FEMALE","2 - POSSIBLE","1E7A3845-1659-4BEF-9F85-08298D64FC85","1 - DAYLIGHT","145002215","1 - NOT COLLISION BETWEEN TWO MOTOR VEHICLES IN TRANSPORT","01 - DRY","1 - STRAIGHT LEVEL","2 - BLACKTOP, BITUMINOUS, ASPHALT","N/A","P - PEDESTRIAN","1 - CLEAR","45209",2,1.103,0.14937024430312,280043,39.1456996622835,-84.4308281939353,"Oakley",202657
"5XX FOREST AV",39.14518,-84.497238,"18-25","N/A","N/A","09/19/2014 11:14:11 AM +0000","01 - NOT AN INTERSECTION","2 - INJURY",2,"09/19/2014 11:20:38 AM +0000","FRI","M - MALE","3 - NON-INCAPACITATING","6B75024D-8F1A-464E-B821-73C73140C902","1 - DAYLIGHT","145008876","1 - NOT COLLISION BETWEEN TWO MOTOR VEHICLES IN TRANSPORT","01 - DRY","1 - STRAIGHT LEVEL","1 - CONCRETE","N/A","P - PEDESTRIAN","1 - CLEAR","45229",3,0.304,0.176240684423611,570043,39.1457426660581,-84.4963453275854,"Avondale",199345
"9XX HAWTHORNE AV",39.108604,-84.561242,"41-50","EAST PRICE HILL","EAST PRICE HILL","01/16/2017 07:00:00 PM +0000","01 - NOT AN INTERSECTION","2 - INJURY",2,"01/16/2017 07:30:00 PM +0000","MON","F - FEMALE","3 - NON-INCAPACITATING","CB62B903-8A2F-4103-A7C3-A0594E404C58","4 - DARK - LIGHTED ROADWAY","175000820","1 - NOT COLLISION BETWEEN TWO MOTOR VEHICLES IN TRANSPORT","02 - WET","1 - STRAIGHT LEVEL","2 - BLACKTOP, BITUMINOUS, ASPHALT","EAST PRICE HILL","P - PEDESTRIAN","2 - CLOUDY","45205",3,0.304,0.233965423642873,860026,39.1074989557216,-84.5618625071335,"East Price Hill",273561
"1XX W LIBERTY ST",39.113648,-84.518381,"41-50","N/A","N/A","02/07/2017 04:15:42 PM +0000","02 - FOUR-WAY INTERSECTION","2 - INJURY",2,"02/07/2017 04:18:57 PM +0000","TUE","M - MALE","2 - POSSIBLE","3D94C724-8A52-450B-8349-F2BA6BC0FF61","1 - DAYLIGHT","175001878","1 - NOT COLLISION BETWEEN TWO MOTOR VEHICLES IN TRANSPORT","02 - WET","1 - STRAIGHT LEVEL","2 - BLACKTOP, BITUMINOUS, ASPHALT","N/A","P - PEDESTRIAN","2 - CLOUDY","45202",2,1.103,0.194000461194668,670029,39.1142489618151,-84.5189374567953,"Over-The-Rhine",202750
"29XX GLENDORA AV",39.133061,-84.509971,"18-25","N/A","N/A","10/23/2017 11:30:00 AM +0000","03 - T-INTERSECTION","2 - INJURY",2,"10/23/2017 11:32:00 AM +0000","MON","M - MALE","2 - POSSIBLE","1F31064E-6A08-4589-B9FD-5651D6E77F7A","1 - DAYLIGHT","175016134","1 - NOT COLLISION BETWEEN TWO MOTOR VEHICLES IN TRANSPORT","02 - WET","1 - STRAIGHT LEVEL","2 - BLACKTOP, BITUMINOUS, ASPHALT","N/A","P - PEDESTRIAN","2 - CLOUDY","45219",2,1.103,0.172033063209401,630037,39.1322469719562,-84.5099006046319,"Corryville",200172
"43XX VIRGINIA AV",39.168451,-84.549266,"51-60","NORTHSIDE","NORTHSIDE","02/16/2014 05:50:35 PM +0000","01 - NOT AN INTERSECTION","2 - INJURY",2,"02/16/2014 05:52:55 PM +0000","SUN","F - FEMALE","4 - INCAPACITATING","1D011BAC-D842-4E54-930D-7C48A057EBB2","1 - DAYLIGHT","145001385","1 - NOT COLLISION BETWEEN TWO MOTOR VEHICLES IN TRANSPORT","02 - WET","1 - STRAIGHT LEVEL","2 - BLACKTOP, BITUMINOUS, ASPHALT","NORTHSIDE","P - PEDESTRIAN","2 - CLOUDY","45223",4,0.141,0.140970948648492,800053,39.1682507115247,-84.5483072281956,"Northside",274791
"18XX WINCHELL AV",39.119183,-84.534579,"26-30","N/A","N/A","06/18/2018 12:29:00 PM +0000","02 - FOUR-WAY INTERSECTION","3 - PROPERTY DAMAGE ONLY (PDO)",3,"06/18/2018 12:29:00 PM +0000","MON","F - FEMALE","1 - NO INJURY / NONE REPORTED","2EA330FA-DAE7-4078-86C0-EE8B72D3A73B","1 - DAYLIGHT","185008487","1 - NOT COLLISION BETWEEN TWO MOTOR VEHICLES IN TRANSPORT","01 - DRY","1 - STRAIGHT LEVEL","2 - BLACKTOP, BITUMINOUS, ASPHALT","N/A","P - PEDESTRIAN","1 - CLEAR","45214",1,10.082,0.157325703044885,740031,39.1187507973167,-84.5347519489242,"West End",276647
"XX W CORRY ST",39.129621,-84.511516,"OVER 70","CORRYVILLE","CORRYVILLE","05/13/2015 02:25:00 PM +0000","01 - NOT AN INTERSECTION","2 - INJURY",2,"05/13/2015 02:27:00 PM +0000","WED","M - MALE","2 - POSSIBLE","100CAC34-5775-408A-9B8B-147B8C28BC30","1 - DAYLIGHT","155006571","1 - NOT COLLISION BETWEEN TWO MOTOR VEHICLES IN TRANSPORT","01 - DRY","1 - STRAIGHT LEVEL","1 - CONCRETE","CORRYVILLE","P - PEDESTRIAN","1 - CLEAR","45219",2,1.103,0.109672164668597,640036,39.1299975368881,-84.5121598176199,"CUF",273417
"38XX W 8TH ST",39.105686,-84.579114,"41-50","N/A","N/A","10/31/2016 02:41:00 PM +0000","03 - T-INTERSECTION","2 - INJURY",2,"10/31/2016 02:41:00 PM +0000","MON","M - MALE","3 - NON-INCAPACITATING","108CE8ED-94C7-4D52-BB72-7CB2337F2959","1 - DAYLIGHT","165017988","1 - NOT COLLISION BETWEEN TWO MOTOR VEHICLES IN TRANSPORT","01 - DRY","1 - STRAIGHT LEVEL","2 - BLACKTOP, BITUMINOUS, ASPHALT","N/A","P - PEDESTRIAN","1 - CLEAR","45205",3,0.304,0.175342093598817,940025,39.1052442447176,-84.5799362107703,"East Price Hill",273561
"36XX EDWARDS RD",39.145242,-84.443233,"51-60","N/A","N/A","11/14/2017 01:03:00 PM +0000","01 - NOT AN INTERSECTION","2 - INJURY",2,"11/14/2017 01:31:05 PM +0000","TUE","F - FEMALE","2 - POSSIBLE","FB37C066-FA61-4FFD-856F-F342FCB676F9","1 - DAYLIGHT","175017457","1 - NOT COLLISION BETWEEN TWO MOTOR VEHICLES IN TRANSPORT","01 - DRY","2 - STRAIGHT GRADE","2 - BLACKTOP, BITUMINOUS, ASPHALT","N/A","P - PEDESTRIAN","1 - CLEAR","45208",2,1.103,0.11594930681222,330043,39.1457096935867,-84.4421242452177,"Oakley",202657
"X 9TH ST",39.10414,-84.515665,"41-50","DOWNTOWN","C. B. D. / RIVERFRONT","01/18/2018 12:35:00 PM +0000","03 - T-INTERSECTION","2 - INJURY",2,"01/18/2018 12:50:00 PM +0000","THU","F - FEMALE","2 - POSSIBLE","B5E98A0E-F49C-4F43-AC70-576A1917D75C","1 - DAYLIGHT","185000989","1 - NOT COLLISION BETWEEN TWO MOTOR VEHICLES IN TRANSPORT","01 - DRY","1 - STRAIGHT LEVEL","2 - BLACKTOP, BITUMINOUS, ASPHALT","DOWNTOWN","P - PEDESTRIAN","1 - CLEAR","45202",2,1.103,0.0641728565424756,660025,39.1052485176777,-84.5166782437338,"Central Business District",273189
"28XX READING RD",39.153151,-84.482965,"61-70","N/A","N/A","09/29/2016 04:23:00 PM +0000","02 - FOUR-WAY INTERSECTION","2 - INJURY",2,"09/29/2016 05:29:52 PM +0000","THU","F - FEMALE","3 - NON-INCAPACITATING","521D961B-4B33-40C0-BBC5-90D594FE26F5","1 - DAYLIGHT","165015925","1 - NOT COLLISION BETWEEN TWO MOTOR VEHICLES IN TRANSPORT","02 - WET","2 - STRAIGHT GRADE","2 - BLACKTOP, BITUMINOUS, ASPHALT","N/A","P - PEDESTRIAN","2 - CLOUDY","45206",3,0.304,0.106202845049426,510046,39.1524867835706,-84.4827900525115,"North Avondale",274686
"26XX JEFFERSON AV",39.130031,-84.511571,"51-60","N/A","N/A","01/04/2018 12:01:00 AM +0000","01 - NOT AN INTERSECTION","2 - INJURY",2,"01/04/2018 12:17:00 AM +0000","THU","M - MALE","2 - POSSIBLE","56575FD6-C113-478F-B643-7AD0954008C2","4 - DARK - LIGHTED ROADWAY","185000151","9 - UNKNOWN","01 - DRY","1 - STRAIGHT LEVEL","2 - BLACKTOP, BITUMINOUS, ASPHALT","N/A","P - PEDESTRIAN","1 - CLEAR","45221",2,1.103,0.109672164668597,640036,39.1299975368881,-84.5121598176199,"CUF",273417
"31XX WWN BV",39.159448,-84.600831,"18-25","N/A","N/A","11/01/2015 12:18:00 AM +0000","01 - NOT AN INTERSECTION","2 - INJURY",2,"11/01/2015 12:18:00 AM +0000","SUN","M - MALE","4 - INCAPACITATING","936321DD-F547-454A-A093-168F275ED47F","4 - DARK - LIGHTED ROADWAY","155015936","1 - NOT COLLISION BETWEEN TWO MOTOR VEHICLES IN TRANSPORT","02 - WET","4 - CURVE GRADE","2 - BLACKTOP, BITUMINOUS, ASPHALT","N/A","P - PEDESTRIAN","4 - RAIN","45211",4,0.141,0.130596646098575,1030049,39.1592356549255,-84.6002691236605,"Westwood",204284
"XX W CENTRAL PY",39.107502,-84.515534,"41-50","OTR","OVER-THE-RHINE","08/17/2015 04:53:00 AM +0000","01 - NOT AN INTERSECTION","2 - INJURY",2,"08/17/2015 04:53:00 AM +0000","MON","M - MALE","3 - NON-INCAPACITATING","7C195ABF-1FCE-4091-BEAD-ECCB122E647A","4 - DARK - LIGHTED ROADWAY","155011466","1 - NOT COLLISION BETWEEN TWO MOTOR VEHICLES IN TRANSPORT","01 - DRY","2 - STRAIGHT GRADE","2 - BLACKTOP, BITUMINOUS, ASPHALT","OVER-THE-RHINE","P - PEDESTRIAN","1 - CLEAR","45202",3,0.304,0.213835869601452,650026,39.107498040077,-84.5144190306818,"Over-The-Rhine",202750
"2XX E MEHRING WY",39.091103,-84.507461,"26-30","N/A","N/A","07/15/2017 05:36:00 PM +0000","02 - FOUR-WAY INTERSECTION","2 - INJURY",2,"07/15/2017 05:36:00 PM +0000","SAT","M - MALE","3 - NON-INCAPACITATING","76D37450-2621-4E63-A787-D62492879D21","1 - DAYLIGHT","175010544","1 - NOT COLLISION BETWEEN TWO MOTOR VEHICLES IN TRANSPORT","01 - DRY","1 - STRAIGHT LEVEL","2 - BLACKTOP, BITUMINOUS, ASPHALT","N/A","P - PEDESTRIAN","1 - CLEAR","45202",3,0.304,0.0893660282652094,630020,39.0939969380164,-84.5099006047143,"Central Business District",273189
"11XX E MCMILLAN ST",39.126197,-84.485831,"18-25","N/A","N/A","04/13/2018 06:09:00 PM +0000","10 - DRIVEWAY/ALLEY ACCESS","2 - INJURY",2,"04/13/2018 06:09:00 PM +0000","FRI","F - FEMALE","2 - POSSIBLE","3DFDDE9C-9393-4E46-A7A6-42F170386393","1 - DAYLIGHT","185005132","1 - NOT COLLISION BETWEEN TWO MOTOR VEHICLES IN TRANSPORT","01 - DRY","1 - STRAIGHT LEVEL","2 - BLACKTOP, BITUMINOUS, ASPHALT","N/A","P - PEDESTRIAN","1 - CLEAR","45206",2,1.103,0.119355331731805,520034,39.1254878519124,-84.4850492649444,"Walnut Hills",204112
"47XX HAMILTON AV",39.178718,-84.545438,"UNDER 18","N/A","N/A","11/30/2017 07:56:00 PM +0000","04 - Y-INTERSECTION","2 - INJURY",2,"11/30/2017 07:57:00 PM +0000","THU","F - FEMALE","4 - INCAPACITATING","EF54017E-C04F-4C0C-BC86-1E446FE8956C","4 - DARK - LIGHTED ROADWAY","175018315","1 - NOT COLLISION BETWEEN TWO MOTOR VEHICLES IN TRANSPORT","01 - DRY","2 - STRAIGHT GRADE","2 - BLACKTOP, BITUMINOUS, ASPHALT","N/A","P - PEDESTRIAN","2 - CLOUDY","45223",4,0.141,0.163473147832561,790058,39.179500852581,-84.5460480149802,"College Hill",200100
"5XX LUDLOW AV",39.144678,-84.528876,"51-60","N/A","N/A","10/14/2014 07:50:00 AM +0000","03 - T-INTERSECTION","2 - INJURY",2,"10/14/2014 07:51:00 AM +0000","TUE","F - FEMALE","3 - NON-INCAPACITATING","DA9F8F40-736E-4E46-AF43-4210F4C22F65","2 - DAWN","145010100","1 - NOT COLLISION BETWEEN TWO MOTOR VEHICLES IN TRANSPORT","02 - WET","2 - STRAIGHT GRADE","2 - BLACKTOP, BITUMINOUS, ASPHALT","N/A","P - PEDESTRIAN","4 - RAIN","45220",3,0.304,0.168057463107477,710043,39.1457502985765,-84.5279743093047,"Clifton",200052
"11XX GILSEY AV",39.112466,-84.58148,"UNDER 18","N/A","N/A","05/09/2014 03:00:00 PM +0000","03 - T-INTERSECTION","2 - INJURY",2,"05/09/2014 03:04:00 PM +0000","FRI","M - MALE","2 - POSSIBLE","F42C636D-1F62-40F3-A8FB-9DEDD0F58C98","1 - DAYLIGHT","145003535","1 - NOT COLLISION BETWEEN TWO MOTOR VEHICLES IN TRANSPORT","01 - DRY","2 - STRAIGHT GRADE","2 - BLACKTOP, BITUMINOUS, ASPHALT","N/A","P - PEDESTRIAN","2 - CLOUDY","45205",2,1.103,0.102748456433583,950028,39.1119934657114,-84.5821954235436,"West Price HIll",275981
"14XX WALNUT ST",39.111288,-84.513528,"31-40","OTR","OVER-THE-RHINE","05/15/2018 08:27:00 AM +0000","02 - FOUR-WAY INTERSECTION","2 - INJURY",2,"05/15/2018 08:27:00 AM +0000","TUE","F - FEMALE","4 - INCAPACITATING","7C7C0B1F-3089-4AC1-A1EB-B839FEFA1712","1 - DAYLIGHT","185006752","1 - NOT COLLISION BETWEEN TWO MOTOR VEHICLES IN TRANSPORT","01 - DRY","1 - STRAIGHT LEVEL","2 - BLACKTOP, BITUMINOUS, ASPHALT","OVER-THE-RHINE","P - PEDESTRIAN","1 - CLEAR","45202",4,0.141,0.215255452044015,650028,39.1119980441079,-84.5144190306731,"Over-The-Rhine",202750
"N I75 AT 1-0 MM",39.102748,-84.523434,"26-30","N/A","N/A","01/17/2013 09:45:00 AM +0000","01 - NOT AN INTERSECTION","2 - INJURY",2,"01/17/2013 09:50:00 AM +0000","THU","M - MALE","4 - INCAPACITATING","84519FA5-3588-4891-9111-5EA7E48F2C9C","1 - DAYLIGHT","135000633","7 - SIDESWIPE, SAME DIRECTION","01 - DRY","3 - CURVE LEVEL","2 - BLACKTOP, BITUMINOUS, ASPHALT","N/A","P - PEDESTRIAN","1 - CLEAR","",4,0.141,0.110460837221598,690024,39.1029996928754,-84.5234558830451,"West End",276647