"address_x","lat","long","age","community_council_neighborhood","cpd_neighborhood","crashdate","crashlocation","crashseverity","crashseverityid","datecrashreported","dayofweek","gender","injuries","instanceid","lightconditionsprimary","localreportno","mannerofcrash","roadconditionsprimary","roadcontour","roadsurface","sna_neighborhood","typeofperson","weather","zip","injury_type_num","cost","dist","cell_id","lat_cell","long_cell","hood","hood_id"
"3XX E 5TH ST",39.101162,-84.508664,"26-30","N/A","N/A","04/18/2017 06:13:00 PM +0000","02 - FOUR-WAY INTERSECTION","2 - INJURY",2,"04/18/2017 07:45:48 PM +0000","TUE","F - FEMALE","3 - NON-INCAPACITATING","83C332B0-FEFF-4CAE-BD1E-AE5F6150483E","1 - DAYLIGHT","175005633","1 - NOT COLLISION BETWEEN TWO MOTOR VEHICLES IN TRANSPORT","01 - DRY","1 - STRAIGHT LEVEL","1 - CONCRETE","N/A","P - PEDESTRIAN","1 - CLEAR","45202",3,0.304,0.152684516198472,620023,39.1007463336196,-84.5076413917573,"Central Business District",273189
"8XX W LIBERTY ST",39.114298,-84.528586,"UNDER 18","N/A","N/A","01/30/2015 08:00:00 PM +0000","01 - NOT AN INTERSECTION","2 - INJURY",2,"01/30/2015 08:03:00 PM +0000","FRI","M - MALE","4 - INCAPACITATING","AE5C3F01-8B65-4496-8282-4AF808C76ECC","4 - DARK - LIGHTED ROADWAY","155001338","1 - NOT COLLISION BETWEEN TWO MOTOR VEHICLES IN TRANSPORT","01 - DRY","1 - STRAIGHT LEVEL","2 - BLACKTOP, BITUMINOUS, ASPHALT","N/A","P - PEDESTRIAN","1 - CLEAR","45214",4,0.141,0.122985652588636,710029,39.1142502699477,-84.5279743093449,"West End",276647
"43XX DUCK CREEK RD",39.164642,-84.416411,"41-50","N/A","N/A","04/13/2015 09:38:00 PM +0000","01 - NOT AN INTERSECTION","2 - INJURY",2,"04/13/2015 09:43:00 PM +0000","MON","M - MALE","4 - INCAPACITATING","D6F143EF-2283-4D7A-9554-CF4179B99778","4 - DARK - LIGHTED ROADWAY","155005091","1 - NOT COLLISION BETWEEN TWO MOTOR VEHICLES IN TRANSPORT","01 - DRY","1 - STRAIGHT LEVEL","2 - BLACKTOP, BITUMINOUS, ASPHALT","N/A","P - PEDESTRIAN","2 - CLOUDY","45227",4,0.141,0.108852242476036,220051,39.1636861934042,-84.4172729368415,"Madisonville",201948
"28XX MONTANA AV",39.150142,-84.593672,"18-25","N/A","N/A","12/01/2014 04:50:00 PM +0000","03 - T-INTERSECTION","2 - INJURY",2,"12/16/2014 12:00:00 AM +0000","MON","M - MALE","3 - NON-INCAPACITATING","10DAADFC-E811-4141-BD70-52602D395849","1 - DAYLIGHT","155004818","1 - NOT COLLISION BETWEEN TWO MOTOR VEHICLES IN TRANSPORT","01 - DRY","2 - STRAIGHT GRADE","2 - BLACKTOP, BITUMINOUS, ASPHALT","N/A","P - PEDESTRIAN","2 - CLOUDY","45211",3,0.304,0.120295069977987,1000045,39.1502389189192,-84.5934914866043,"Westwood",204284
"34XX WERK RD",39.140741,-84.617618,"18-25","N/A","N/A","10/14/2015 09:25:00 PM +0000","02 - FOUR-WAY INTERSECTION","2 - INJURY",2,"10/14/2015 09:26:00 PM +0000","WED","F - FEMALE","3 - NON-INCAPACITATING","E3C40430-81A7-4FA5-A49B-F7BC56AD37AF","4 - DARK - LIGHTED ROADWAY","155014946","1 - NOT COLLISION BETWEEN TWO MOTOR VEHICLES IN TRANSPORT","01 - DRY","1 - STRAIGHT LEVEL","2 - BLACKTOP, BITUMINOUS, ASPHALT","N/A","P - PEDESTRIAN","1 - CLEAR","45211",3,0.304,0.140543574912476,1110041,39.1412249989627,-84.6183428189162,"Westwood",204284
"4XX E KING DR",39.135436,-84.50004,"51-60","N/A","N/A","03/26/2015 06:45:00 AM +0000","01 - NOT AN INTERSECTION","2 - INJURY",2,"03/26/2015 06:48:00 AM +0000","THU","M - MALE","3 - NON-INCAPACITATING","6E5FC006-FFAE-42CE-AF24-7538E08EF81F","5 - DARK – ROADWAY NOT LIGHTIED","155004120","1 - NOT COLLISION BETWEEN TWO MOTOR VEHICLES IN TRANSPORT","02 - WET","2 - STRAIGHT GRADE","2 - BLACKTOP, BITUMINOUS, ASPHALT","N/A","P - PEDESTRIAN","4 - RAIN","45229",3,0.304,0.0990311442875128,590038,39.1344942700738,-84.5008637530982,"Avondale",199345
"29XX GILBERT AV",39.134252,-84.488865,"41-50","WALNUT HILLS","WALNUT HILLS","12/07/2012 10:03:00 AM +0000","02 - FOUR-WAY INTERSECTION","2 - INJURY",2,"12/07/2012 10:04:00 AM +0000","FRI","F - FEMALE","4 - INCAPACITATING","3C5802D8-3400-4F22-9A1E-90C3AC4F1AB2","1 - DAYLIGHT","125000306","1 - NOT COLLISION BETWEEN TWO MOTOR VEHICLES IN TRANSPORT","02 - WET","1 - STRAIGHT LEVEL","2 - BLACKTOP, BITUMINOUS, ASPHALT","WALNUT HILLS","P - PEDESTRIAN","4 - RAIN","45206",4,0.141,0.0987643194313295,540038,39.1344899089899,-84.4895676898099,"Walnut Hills",204112
"36XX MARBURG AV",39.140642,-84.421438,"18-25","N/A","N/A","11/07/2016 05:00:00 PM +0000","03 - T-INTERSECTION","2 - INJURY",2,"11/07/2016 09:45:00 PM +0000","MON","F - FEMALE","3 - NON-INCAPACITATING","AF541FB3-DDC4-4DBA-A699-DA5AF2BDE0E6","1 - DAYLIGHT","165018468","1 - NOT COLLISION BETWEEN TWO MOTOR VEHICLES IN TRANSPORT","01 - DRY","1 - STRAIGHT LEVEL","2 - BLACKTOP, BITUMINOUS, ASPHALT","N/A","P - PEDESTRIAN","1 - CLEAR","45208",3,0.304,0.158915555483824,240041,39.1411908500395,-84.4217913553539,"Hyde Park",201414
"42XX VIRGINIA AV",39.165903,-84.551873,"41-50","NORTHSIDE","NORTHSIDE","05/08/2015 12:54:00 AM +0000","02 - FOUR-WAY INTERSECTION","2 - INJURY",2,"05/08/2015 12:57:00 AM +0000","FRI","M - MALE","4 - INCAPACITATING","7D02308F-9C49-4333-B99D-9966D5F7650A","5 - DARK – ROADWAY NOT LIGHTIED","155006291","1 - NOT COLLISION BETWEEN TWO MOTOR VEHICLES IN TRANSPORT","01 - DRY","1 - STRAIGHT LEVEL","1 - CONCRETE","NORTHSIDE","P - PEDESTRIAN","1 - CLEAR","45223",4,0.141,0.0630100271976683,820052,39.1660003168988,-84.5528256545863,"Northside",274791
"26XX GILBERT",39.12887,-84.48861,"31-40","N/A","N/A","06/11/2013 01:35:00 PM +0000","10 - DRIVEWAY/ALLEY ACCESS","2 - INJURY",2,"06/11/2013 01:35:00 PM +0000","TUE","F - FEMALE","2 - POSSIBLE","5F848DF2-9738-497E-A446-6355D4122EBE","1 - DAYLIGHT","135007121","1 - NOT COLLISION BETWEEN TWO MOTOR VEHICLES IN TRANSPORT","01 - DRY","2 - STRAIGHT GRADE","2 - BLACKTOP, BITUMINOUS, ASPHALT","N/A","P - PEDESTRIAN","1 - CLEAR","45206",2,1.103,0.112255949685099,540036,39.1299899052403,-84.4895676898235,"Walnut Hills",204112
"12XX VINE ST",39.107571,-84.514506,"18-25","N/A","N/A","10/20/2015 11:52:00 PM +0000","02 - FOUR-WAY INTERSECTION","2 - INJURY",2,"10/20/2015 11:54:00 PM +0000","TUE","M - MALE","2 - POSSIBLE","BECFE310-F5EE-47E2-A090-03343F4D729D","4 - DARK - LIGHTED ROADWAY","155015221","1 - NOT COLLISION BETWEEN TWO MOTOR VEHICLES IN TRANSPORT","01 - DRY","1 - STRAIGHT LEVEL","2 - BLACKTOP, BITUMINOUS, ASPHALT","N/A","P - PEDESTRIAN","1 - CLEAR","45202",2,1.103,0.213835869601452,650026,39.107498040077,-84.5144190306818,"Over-The-Rhine",202750
"26XX BURNET AV",39.128678,-84.501251,"26-30","MOUNT AUBURN","WALNUT HILLS","07/07/2017 10:57:00 AM +0000","02 - FOUR-WAY INTERSECTION","2 - INJURY",2,"07/07/2017 11:12:00 AM +0000","FRI","M - MALE","2 - POSSIBLE","82E5BC6C-DD65-47F9-AB67-E5DA78369973","1 - DAYLIGHT","175010087","1 - NOT COLLISION BETWEEN TWO MOTOR VEHICLES IN TRANSPORT","01 - DRY","2 - STRAIGHT GRADE","1 - CONCRETE","AVONDALE","P - PEDESTRIAN","1 - CLEAR","45219",2,1.103,0.105238193937857,590035,39.1277442642348,-84.5008637531154,"Walnut Hills",204112
"12XX VINE",39.107622,-84.514616,"41-50","N/A","N/A","06/12/2013 04:25:00 PM +0000","02 - FOUR-WAY INTERSECTION","2 - INJURY",2,"06/12/2013 04:26:00 PM +0000","WED","F - FEMALE","4 - INCAPACITATING","1C965D48-934D-471B-AD0E-DCE32EAED5B0","1 - DAYLIGHT","135007181","1 - NOT COLLISION BETWEEN TWO MOTOR VEHICLES IN TRANSPORT","01 - DRY","1 - STRAIGHT LEVEL","1 - CONCRETE","N/A","P - PEDESTRIAN","2 - CLOUDY","45202",4,0.141,0.213835869601452,650026,39.107498040077,-84.5144190306818,"Over-The-Rhine",202750
"30XX CINNAMON ST",39.133231,-84.462274,"26-30","N/A","N/A","09/16/2015 09:33:00 AM +0000","10 - DRIVEWAY/ALLEY ACCESS","2 - INJURY",2,"09/16/2015 09:36:00 AM +0000","WED","F - FEMALE","4 - INCAPACITATING","A02CDD7B-D5C7-42C3-99A8-439897C81EBF","1 - DAYLIGHT","155013237","1 - NOT COLLISION BETWEEN TWO MOTOR VEHICLES IN TRANSPORT","01 - DRY","1 - STRAIGHT LEVEL","2 - BLACKTOP, BITUMINOUS, ASPHALT","N/A","P - PEDESTRIAN","1 - CLEAR","45208",4,0.141,0.152243490755282,420037,39.1322249924541,-84.4624571450151,"Evanston",200632
"40XX GLENWAY AV",39.12665,-84.55007,"UNDER 18","N/A","N/A","02/04/2014 07:45:00 AM +0000","03 - T-INTERSECTION","2 - INJURY",2,"02/04/2014 09:10:11 AM +0000","TUE","M - MALE","4 - INCAPACITATING","92581771-74ED-4D43-80F1-A46C7E5565A1","1 - DAYLIGHT","145001001","1 - NOT COLLISION BETWEEN TWO MOTOR VEHICLES IN TRANSPORT","01 - DRY","1 - STRAIGHT LEVEL","2 - BLACKTOP, BITUMINOUS, ASPHALT","N/A","P - PEDESTRIAN","1 - CLEAR","45205",4,0.141,0.21560943366288,810035,39.1277505002775,-84.5505664414023,"South Fairmount",203599
"4XX W 9TH ST",39.105005,-84.521544,"18-25","N/A","N/A","12/20/2016 10:58:00 PM +0000","10 - DRIVEWAY/ALLEY ACCESS","2 - INJURY",2,"12/20/2016 10:58:00 PM +0000","TUE","M - MALE","3 - NON-INCAPACITATING","59EAA06E-5F1A-428C-AE4A-D52700C71F6B","4 - DARK - LIGHTED ROADWAY","165021292","1 - NOT COLLISION BETWEEN TWO MOTOR VEHICLES IN TRANSPORT","01 - DRY","1 - STRAIGHT LEVEL","1 - CONCRETE","N/A","P - PEDESTRIAN","1 - CLEAR","45202",3,0.304,0.149483011646625,680025,39.1052493461075,-84.5211966699144,"West End",276647
"24XX MUSTANG DR",39.157003,-84.578218,"31-40","WESTWOOD","WESTWOOD","02/12/2013 06:50:00 AM +0000","01 - NOT AN INTERSECTION","2 - INJURY",2,"02/12/2013 07:00:00 AM +0000","TUE","F - FEMALE","2 - POSSIBLE","E93A0A73-3F05-45E2-BD88-B50336DC29D8","2 - DAWN","135001875","1 - NOT COLLISION BETWEEN TWO MOTOR VEHICLES IN TRANSPORT","01 - DRY","2 - STRAIGHT GRADE","2 - BLACKTOP, BITUMINOUS, ASPHALT","WESTWOOD","P - PEDESTRIAN","1 - CLEAR","45211",2,1.103,0.148626160003081,930048,39.1569950309882,-84.5776769980182,"Westwood",204284
"4XX BROADWAY ST",39.101567,-84.506156,"18-25","N/A","N/A","12/12/2016 07:10:00 AM +0000","02 - FOUR-WAY INTERSECTION","2 - INJURY",2,"12/12/2016 07:14:00 AM +0000","MON","M - MALE","3 - NON-INCAPACITATING","6906E095-020E-414B-BC93-25C3A1C72FEC","4 - DARK - LIGHTED ROADWAY","165020673","1 - NOT COLLISION BETWEEN TWO MOTOR VEHICLES IN TRANSPORT","02 - WET","1 - STRAIGHT LEVEL","2 - BLACKTOP, BITUMINOUS, ASPHALT","N/A","P - PEDESTRIAN","4 - RAIN","45202",3,0.304,0.101899627084652,610023,39.1007456796175,-84.5053821788555,"Central Business District",273189
"28XX READING RD",39.131696,-84.498046,"18-25","AVONDALE","AVONDALE","07/11/2017 04:19:00 PM +0000","02 - FOUR-WAY INTERSECTION","2 - INJURY",2,"07/11/2017 04:19:00 PM +0000","TUE","F - FEMALE","3 - NON-INCAPACITATING","18295A7B-F8C3-4BCB-96DA-6F56CB4E60AA","1 - DAYLIGHT","175010305","1 - NOT COLLISION BETWEEN TWO MOTOR VEHICLES IN TRANSPORT","02 - WET","1 - STRAIGHT LEVEL","2 - BLACKTOP, BITUMINOUS, ASPHALT","AVONDALE","P - PEDESTRIAN","4 - RAIN","45206",3,0.304,0.153883733668582,580037,39.1322434831459,-84.4986045403374,"Avondale",199345
"71XX VINE ST",39.19586,-84.480335,"26-30","CARTHAGE","CARTHAGE","06/13/2015 02:00:00 AM +0000","10 - DRIVEWAY/ALLEY ACCESS","2 - INJURY",2,"06/13/2015 03:33:39 AM +0000","SAT","F - FEMALE","3 - NON-INCAPACITATING","3E2083B0-708F-48D4-A233-7A08025E870B","4 - DARK - LIGHTED ROADWAY","155008078","1 - NOT COLLISION BETWEEN TWO MOTOR VEHICLES IN TRANSPORT","02 - WET","1 - STRAIGHT LEVEL","4 - SLAG, GRAVEL, STONE","CARTHAGE","P - PEDESTRIAN","2 - CLOUDY","45216",3,0.304,0.184611660613781,500065,39.1952356835974,-84.4805308400933,"Carthage",199885
"5XX SYCAMORE ST",39.102161,-84.509022,"41-50","DOWNTOWN","C. B. D. / RIVERFRONT","01/20/2014 07:35:00 AM +0000","02 - FOUR-WAY INTERSECTION","2 - INJURY",2,"01/20/2014 07:38:00 AM +0000","MON","F - FEMALE","3 - NON-INCAPACITATING","302D077E-9F40-4B8C-AF79-D7FC96C8EB2F","4 - DARK - LIGHTED ROADWAY","145000546","1 - NOT COLLISION BETWEEN TWO MOTOR VEHICLES IN TRANSPORT","01 - DRY","1 - STRAIGHT LEVEL","2 - BLACKTOP, BITUMINOUS, ASPHALT","DOWNTOWN","P - PEDESTRIAN","1 - CLEAR","45202",3,0.304,0.176644516289697,630024,39.1029969460217,-84.5099006046949,"Central Business District",273189
"71XX VINE ST",39.195204,-84.479897,"41-50","N/A","N/A","03/08/2013 05:37:00 AM +0000","01 - NOT AN INTERSECTION","2 - INJURY",2,"03/08/2013 05:37:00 AM +0000","FRI","F - FEMALE","3 - NON-INCAPACITATING","D5D1B8C9-5BDB-421C-88C4-5B8509C734DB","4 - DARK - LIGHTED ROADWAY","135002980","1 - NOT COLLISION BETWEEN TWO MOTOR VEHICLES IN TRANSPORT","01 - DRY","1 - STRAIGHT LEVEL","2 - BLACKTOP, BITUMINOUS, ASPHALT","N/A","P - PEDESTRIAN","1 - CLEAR","45216",3,0.304,0.184611660613781,500065,39.1952356835974,-84.4805308400933,"Carthage",199885
"3XX KINSEY AV",39.124975,-84.501208,"41-50","MOUNT AUBURN","MOUNT  AUBURN","11/10/2015 02:09:00 PM +0000","02 - FOUR-WAY INTERSECTION","2 - INJURY",2,"11/10/2015 02:10:00 PM +0000","TUE","F - FEMALE","2 - POSSIBLE","E0F045B1-6991-42EE-AE0B-3689F4244D5F","1 - DAYLIGHT","155016400","1 - NOT COLLISION BETWEEN TWO MOTOR VEHICLES IN TRANSPORT","01 - DRY","2 - STRAIGHT GRADE","2 - BLACKTOP, BITUMINOUS, ASPHALT","MT. AUBURN","P - PEDESTRIAN","2 - CLOUDY","45219",2,1.103,0.1072023652301,590034,39.125494262287,-84.5008637531212,"Walnut Hills",204112
"35XX PAXTON AV",39.141735,-84.433036,"61-70","N/A","N/A","02/19/2014 01:15:00 PM +0000","01 - NOT AN INTERSECTION","2 - INJURY",2,"02/19/2014 01:35:00 PM +0000","WED","M - MALE","3 - NON-INCAPACITATING","487B1AF3-1F75-46CD-80D2-C7710B9C6A11","1 - DAYLIGHT","145001471","1 - NOT COLLISION BETWEEN TWO MOTOR VEHICLES IN TRANSPORT","02 - WET","1 - STRAIGHT LEVEL","2 - BLACKTOP, BITUMINOUS, ASPHALT","N/A","P - PEDESTRIAN","1 - CLEAR","45208",3,0.304,0.120941915999142,290041,39.141201753273,-84.4330874039493,"Hyde Park",201414
"21XX WINCHELL AV",39.11997,-84.533603,"26-30","N/A","N/A","11/20/2013 11:49:00 AM +0000","01 - NOT AN INTERSECTION","2 - INJURY",2,"11/20/2013 01:30:00 PM +0000","WED","M - MALE","4 - INCAPACITATING","C2C28C1F-2B42-481F-9092-F1A8AD543A2D","1 - DAYLIGHT","135012153","1 - NOT COLLISION BETWEEN TWO MOTOR VEHICLES IN TRANSPORT","01 - DRY","1 - STRAIGHT LEVEL","2 - BLACKTOP, BITUMINOUS, ASPHALT","N/A","P - PEDESTRIAN","1 - CLEAR","45214",4,0.141,0.0956416897690493,730032,39.1210006685541,-84.5324927357161,"West End",276647
"48XX READING RD",39.175661,-84.466443,"51-60","N/A","N/A","06/17/2018 12:08:00 PM +0000","03 - T-INTERSECTION","2 - INJURY",2,"06/17/2018 12:15:00 PM +0000","SUN","M - MALE","2 - POSSIBLE","2FA4DB12-A415-4788-A500-9FC9F2A93E0C","1 - DAYLIGHT","185008443","1 - NOT COLLISION BETWEEN TWO MOTOR VEHICLES IN TRANSPORT","01 - DRY","1 - STRAIGHT LEVEL","2 - BLACKTOP, BITUMINOUS, ASPHALT","N/A","P - PEDESTRIAN","1 - CLEAR","45237",2,1.103,0.211524356113764,440056,39.1749779461206,-84.4669755681551,"Bond Hill",199607
"55XX COLERAIN AV",39.19385,-84.572476,"UNDER 18","N/A","N/A","06/14/2013 06:24:05 PM +0000","10 - DRIVEWAY/ALLEY ACCESS","2 - INJURY",2,"06/14/2013 06:28:38 PM +0000","FRI","M - MALE","3 - NON-INCAPACITATING","70131D30-F1F6-490E-A856-5F5A035C08F3","1 - DAYLIGHT","135007340","1 - NOT COLLISION BETWEEN TWO MOTOR VEHICLES IN TRANSPORT","01 - DRY","1 - STRAIGHT LEVEL","1 - CONCRETE","N/A","P - PEDESTRIAN","1 - CLEAR","45239",3,0.304,0.166776728653308,910064,39.1929964145991,-84.5731585722813,"Mt. Airy",274620
"65XX MONTGOMERY RD",39.187862,-84.413921,"18-25","N/A","N/A","11/22/2015 09:04:00 PM +0000","03 - T-INTERSECTION","2 - INJURY",2,"11/22/2015 09:09:00 PM +0000","SUN","M - MALE","2 - POSSIBLE","92F2124C-3716-406E-8757-923F4C72DA72","4 - DARK - LIGHTED ROADWAY","155017075","1 - NOT COLLISION BETWEEN TWO MOTOR VEHICLES IN TRANSPORT","01 - DRY","1 - STRAIGHT LEVEL","2 - BLACKTOP, BITUMINOUS, ASPHALT","N/A","P - PEDESTRIAN","1 - CLEAR","45213",2,1.103,0.200350548150988,210062,39.1884338047751,-84.4150137277658,"Kennedy Heights",201559
"42XX GLENWAY AV",39.113519,-84.584558,"UNDER 18","WEST PRICE HILL","WEST PRICE HILL","04/02/2013 05:52:00 PM +0000","03 - T-INTERSECTION","2 - INJURY",2,"04/02/2013 06:35:00 PM +0000","TUE","M - MALE","4 - INCAPACITATING","63BF961B-D1CD-4297-B4F9-2B3AF3A0838D","1 - DAYLIGHT","135004033","1 - NOT COLLISION BETWEEN TWO MOTOR VEHICLES IN TRANSPORT","01 - DRY","2 - STRAIGHT GRADE","2 - BLACKTOP, BITUMINOUS, ASPHALT","WEST PRICE HILL","P - PEDESTRIAN","1 - CLEAR","45205",4,0.141,0.172205980786715,960029,39.1142426391663,-84.5844546362597,"West Price HIll",275981
"7XX CENTRAL AV",39.103321,-84.520856,"31-40","WEST END","WEST  END","04/04/2018 07:50:00 AM +0000","02 - FOUR-WAY INTERSECTION","2 - INJURY",2,"04/04/2018 08:00:00 AM +0000","WED","F - FEMALE","3 - NON-INCAPACITATING","F3E6B5DE-DA85-4AA5-8365-D67ACCE0E262","1 - DAYLIGHT","185004630","1 - NOT COLLISION BETWEEN TWO MOTOR VEHICLES IN TRANSPORT","01 - DRY","1 - STRAIGHT LEVEL","2 - BLACKTOP, BITUMINOUS, ASPHALT","WEST END","P - PEDESTRIAN","2 - CLOUDY","45203",3,0.304,0.101817465626466,680024,39.1029993440687,-84.521196669918,"West End",276647
"17XX GILBERT AV",39.112435,-84.499693,"18-25","N/A","N/A","12/03/2015 02:40:00 PM +0000","02 - FOUR-WAY INTERSECTION","2 - INJURY",2,"12/03/2015 07:00:00 PM +0000","THU","M - MALE","3 - NON-INCAPACITATING","4B624F51-4AE1-43DB-8387-207FF31239A7","1 - DAYLIGHT","155017825","1 - NOT COLLISION BETWEEN TWO MOTOR VEHICLES IN TRANSPORT","01 - DRY","2 - STRAIGHT GRADE","2 - BLACKTOP, BITUMINOUS, ASPHALT","N/A","P - PEDESTRIAN","1 - CLEAR","45202",3,0.304,0.104410151438232,580028,39.111993465718,-84.4986045403911,"Mt. Adams",274619
"38XX PAXTON AV",39.146814,-84.428542,"26-30","N/A","N/A","09/20/2013 10:30:00 AM +0000","10 - DRIVEWAY/ALLEY ACCESS","2 - INJURY",2,"09/20/2013 02:30:00 PM +0000","FRI","F - FEMALE","2 - POSSIBLE","72006430-8C1E-4100-9F11-6C08A6803F6C","1 - DAYLIGHT","135010370","1 - NOT COLLISION BETWEEN TWO MOTOR VEHICLES IN TRANSPORT","01 - DRY","1 - STRAIGHT LEVEL","2 - BLACKTOP, BITUMINOUS, ASPHALT","N/A","P - PEDESTRIAN","1 - CLEAR","45209",2,1.103,0.10224511679668,270043,39.14569752518,-84.428568984075,"Oakley",202657
"58XX GLENWAY AV",39.137865,-84.615074,"51-60","WESTWOOD","WESTWOOD","03/18/2015 12:10:00 PM +0000","01 - NOT AN INTERSECTION","2 - INJURY",2,"03/18/2015 12:10:00 PM +0000","WED","M - MALE","4 - INCAPACITATING","2D4FA04F-6FCA-4547-BE76-DF8A74B515AD","1 - DAYLIGHT","155003764","1 - NOT COLLISION BETWEEN TWO MOTOR VEHICLES IN TRANSPORT","01 - DRY","1 - STRAIGHT LEVEL","2 - BLACKTOP, BITUMINOUS, ASPHALT","WESTWOOD","P - PEDESTRIAN","1 - CLEAR","45238",4,0.141,0.10145533973379,1100040,39.1389764801502,-84.6160836073077,"Westwood",204284
"17XX ELMORE ST",39.155201,-84.547801,"61-70","N/A","N/A","10/15/2016 01:08:00 AM +0000","01 - NOT AN INTERSECTION","2 - INJURY",2,"10/15/2016 01:08:00 AM +0000","SAT","F - FEMALE","3 - NON-INCAPACITATING","963E981D-E152-4320-A3BC-F55A5118321E","4 - DARK - LIGHTED ROADWAY","165016975","1 - NOT COLLISION BETWEEN TWO MOTOR VEHICLES IN TRANSPORT","01 - DRY","1 - STRAIGHT LEVEL","2 - BLACKTOP, BITUMINOUS, ASPHALT","N/A","P - PEDESTRIAN","1 - CLEAR","45223",3,0.304,0.126387670758103,800047,39.1547506992819,-84.5483072281989,"South Cumminsville",275423
"7XX E PETE ROSE WY",39.101307,-84.499384,"18-25","DOWNTOWN","C. B. D. / RIVERFRONT","09/20/2013 03:20:00 PM +0000","01 - NOT AN INTERSECTION","2 - INJURY",2,"09/20/2013 03:21:00 PM +0000","FRI","F - FEMALE","3 - NON-INCAPACITATING","21BA9BF1-F106-45CD-B523-9B28869BBE08","1 - DAYLIGHT","135010333","1 - NOT COLLISION BETWEEN TWO MOTOR VEHICLES IN TRANSPORT","01 - DRY","1 - STRAIGHT LEVEL","1 - CONCRETE","DOWNTOWN","P - PEDESTRIAN","2 - CLOUDY","45202",3,0.304,0.109311634496993,580023,39.1007434560103,-84.4986045404209,"Central Business District",273189
"5XX GEST ST",39.100257,-84.526224,"26-30","N/A","N/A","01/28/2016 07:40:00 AM +0000","03 - T-INTERSECTION","3 - PROPERTY DAMAGE ONLY (PDO)",3,"01/28/2016 08:20:00 AM +0000","THU","M - MALE","1 - NO INJURY / NONE REPORTED","370DE8E4-DA31-4AE2-B04E-A8734F794A61","1 - DAYLIGHT","165001391","1 - NOT COLLISION BETWEEN TWO MOTOR VEHICLES IN TRANSPORT","01 - DRY","2 - STRAIGHT GRADE","1 - CONCRETE","N/A","P - PEDESTRIAN","1 - CLEAR","45203",1,10.082,0.180589856925395,700023,39.1007499960311,-84.5257150961962,"Central Business District",273189
"56XX MONTGOMERY RD",39.175912,-84.440115,"UNDER 18","N/A","N/A","11/15/2017 05:13:00 PM +0000","01 - NOT AN INTERSECTION","2 - INJURY",2,"11/15/2017 05:16:00 PM +0000","WED","F - FEMALE","3 - NON-INCAPACITATING","551B5300-2E8A-445F-9EE7-1013589D9D4A","3 - DUSK","175017548","1 - NOT COLLISION BETWEEN TWO MOTOR VEHICLES IN TRANSPORT","02 - WET","1 - STRAIGHT LEVEL","2 - BLACKTOP, BITUMINOUS, ASPHALT","N/A","P - PEDESTRIAN","4 - RAIN","45212",3,0.304,0.116239446928471,320056,39.1749577920268,-84.4398650345888,"Pleasant Ridge",202946
"16XX QUEEN CITY AV",39.109557,-84.547012,"61-70","N/A","N/A","06/29/2016 01:05:00 PM +0000","02 - FOUR-WAY INTERSECTION","1 - FATAL INJURY",1,"06/29/2016 01:05:00 PM +0000","WED","M - MALE","3 - NON-INCAPACITATING","488060CD-9FC6-4C7E-9783-06F63966BAF1","1 - DAYLIGHT","165010107","6 - ANGLE","01 - DRY","1 - STRAIGHT LEVEL","2 - BLACKTOP, BITUMINOUS, ASPHALT","N/A","P - PEDESTRIAN","1 - CLEAR","45214",3,0.304,0.166447235727521,790027,39.1097507890803,-84.546048015005,"Lower Price Hill",276431
"8XX BLAIR AV",39.140741,-84.492361,"41-50","AVONDALE","AVONDALE","01/05/2014 08:30:00 PM +0000","02 - FOUR-WAY INTERSECTION","2 - INJURY",2,"01/05/2014 08:34:00 PM +0000","SUN","F - FEMALE","2 - POSSIBLE","BE701E91-23BB-43D1-B800-F28CBC7937BF","4 - DARK - LIGHTED ROADWAY","145000117","1 - NOT COLLISION BETWEEN TWO MOTOR VEHICLES IN TRANSPORT","02 - WET","1 - STRAIGHT LEVEL","2 - BLACKTOP, BITUMINOUS, ASPHALT","AVONDALE","P - PEDESTRIAN","4 - RAIN","45229",2,1.103,0.131106900688031,550041,39.1412408740943,-84.491826902333,"Avondale",199345
"33XX CLIFTON AV",39.14131,-84.51883,"18-25","N/A","N/A","01/12/2017 09:58:00 AM +0000","01 - NOT AN INTERSECTION","2 - INJURY",2,"01/12/2017 09:58:00 AM +0000","THU","M - MALE","3 - NON-INCAPACITATING","E912C291-8861-4D10-8374-3683ADCFEB0C","1 - DAYLIGHT","175000609","1 - NOT COLLISION BETWEEN TWO MOTOR VEHICLES IN TRANSPORT","02 - WET","1 - STRAIGHT LEVEL","1 - CONCRETE","N/A","P - PEDESTRIAN","2 - CLOUDY","45220",3,0.304,0.102859614912144,670041,39.141248986107,-84.5189374567488,"CUF",273417