"address_x","lat","long","age","community_council_neighborhood","cpd_neighborhood","crashdate","crashlocation","crashseverity","crashseverityid","datecrashreported","dayofweek","gender","injuries","instanceid","lightconditionsprimary","localreportno","mannerofcrash","roadconditionsprimary","roadcontour","roadsurface","sna_neighborhood","typeofperson","weather","zip","injury_type_num","cost","dist","cell_id","lat_cell","long_cell","hood","hood_id"
"58XX MADISON RD",39.160571,-84.39344,"31-40","MADISONVILLE","MADISONVILLE","11/22/2014 07:05:00 PM +0000","02 - FOUR-WAY INTERSECTION","2 - INJURY",2,"11/22/2014 07:06:00 PM +0000","SAT","M - MALE","3 - NON-INCAPACITATING","9CDF477C-128F-4B96-8CBA-106FAADC93EF","4 - DARK - LIGHTED ROADWAY","145012091","1 - NOT COLLISION BETWEEN TWO MOTOR VEHICLES IN TRANSPORT","01 - DRY","1 - STRAIGHT LEVEL","1 - CONCRETE","MADISONVILLE","P - PEDESTRIAN","1 - CLEAR","45227",3,0.304,0.199776841858587,110050,39.1614074036764,-84.3924216470208,"Madisonville",201948
"7XX FINDLAY ST",39.115899,-84.526931,"UNDER 18","N/A","N/A","01/19/2017 06:25:00 PM +0000","02 - FOUR-WAY INTERSECTION","2 - INJURY",2,"01/19/2017 06:31:00 PM +0000","THU","M - MALE","4 - INCAPACITATING","236A20CB-C618-4CE6-8D5A-D7563A199ECD","4 - DARK - LIGHTED ROADWAY","175000955","1 - NOT COLLISION BETWEEN TWO MOTOR VEHICLES IN TRANSPORT","01 - DRY","1 - STRAIGHT LEVEL","2 - BLACKTOP, BITUMINOUS, ASPHALT","N/A","P - PEDESTRIAN","2 - CLOUDY","45214",4,0.141,0.0944231532555501,710030,39.1165002719976,-84.5279743093421,"West End",276647
"37XX READING RD",39.1382,-84.505961,"OVER 70","CORRYVILLE","CORRYVILLE","12/01/2014 09:00:00 AM +0000","02 - FOUR-WAY INTERSECTION","2 - INJURY",2,"12/01/2014 09:30:00 AM +0000","MON","F - FEMALE","2 - POSSIBLE","1EBED331-1806-4D4E-96D7-985D16FCD822","1 - DAYLIGHT","145012396","1 - NOT COLLISION BETWEEN TWO MOTOR VEHICLES IN TRANSPORT","02 - WET","1 - STRAIGHT LEVEL","2 - BLACKTOP, BITUMINOUS, ASPHALT","CORRYVILLE","P - PEDESTRIAN","4 - RAIN","45229",2,1.103,0.125335173059027,610040,39.1389957131674,-84.5053821787652,"Corryville",200172
"16XX LINN ST",39.114147,-84.52834,"41-50","N/A","N/A","08/02/2013 10:08:00 PM +0000","01 - NOT AN INTERSECTION","2 - INJURY",2,"08/02/2013 10:12:00 PM +0000","FRI","M - MALE","4 - INCAPACITATING","ABF98AE1-F658-484A-9909-A772BF0D3447","4 - DARK - LIGHTED ROADWAY","135009046","1 - NOT COLLISION BETWEEN TWO MOTOR VEHICLES IN TRANSPORT","01 - DRY","1 - STRAIGHT LEVEL","2 - BLACKTOP, BITUMINOUS, ASPHALT","N/A","P - PEDESTRIAN","1 - CLEAR","45214",4,0.141,0.122985652588636,710029,39.1142502699477,-84.5279743093449,"West End",276647
"N I71 AT 1-6 MM",39.100447,-84.507908,"31-40","DOWNTOWN","C. B. D. / RIVERFRONT","08/31/2014 11:34:00 PM +0000","01 - NOT AN INTERSECTION","2 - INJURY",2,"08/31/2014 11:35:00 PM +0000","SUN","M - MALE","1 - NO INJURY / NONE REPORTED","D5DAD1A6-FCDD-425A-BC9D-ED314C8FF7AB","4 - DARK - LIGHTED ROADWAY","145007387","2 - REAR-END","01 - DRY","2 - STRAIGHT GRADE","2 - BLACKTOP, BITUMINOUS, ASPHALT","DOWNTOWN","P - PEDESTRIAN","1 - CLEAR","45202",1,10.082,0.152684516198472,620023,39.1007463336196,-84.5076413917573,"Central Business District",273189
"33XX MCHENRY AV",39.148938,-84.569975,"UNDER 18","N/A","N/A","09/15/2016 06:05:00 PM +0000","01 - NOT AN INTERSECTION","2 - INJURY",2,"09/15/2016 06:12:00 PM +0000","THU","M - MALE","2 - POSSIBLE","0F1C8886-3D44-423E-88B9-C25A14422CED","1 - DAYLIGHT","165015059","1 - NOT COLLISION BETWEEN TWO MOTOR VEHICLES IN TRANSPORT","01 - DRY","1 - STRAIGHT LEVEL","2 - BLACKTOP, BITUMINOUS, ASPHALT","N/A","P - PEDESTRIAN","1 - CLEAR","45225",2,1.103,0.120853730013638,900044,39.1479969858634,-84.5708993592904,"East Westwood",273574
"3XX DIXMYTH AV",39.140358,-84.521888,"UNDER 18","CUF","CLIFTON/UNIVERSITY HEIGHTS","04/05/2017 04:15:00 PM +0000","01 - NOT AN INTERSECTION","2 - INJURY",2,"04/05/2017 04:51:00 PM +0000","WED","F - FEMALE","2 - POSSIBLE","FBA35CA8-F0E9-425D-BDA0-4EC3FF769B65","1 - DAYLIGHT","175004927","1 - NOT COLLISION BETWEEN TWO MOTOR VEHICLES IN TRANSPORT","01 - DRY","1 - STRAIGHT LEVEL","2 - BLACKTOP, BITUMINOUS, ASPHALT","CUF","P - PEDESTRIAN","1 - CLEAR","45220",2,1.103,0.209845136997768,680041,39.1412493786237,-84.5211966698563,"Clifton",200052
"1XX W 6TH ST",39.102401,-84.515161,"51-60","DOWNTOWN","C. B. D. / RIVERFRONT","05/28/2017 10:35:00 AM +0000","01 - NOT AN INTERSECTION","2 - INJURY",2,"05/28/2017 10:37:00 AM +0000","SUN","F - FEMALE","4 - INCAPACITATING","344B0A42-DC4B-46AA-9BD0-224442C46F92","1 - DAYLIGHT","175007986","1 - NOT COLLISION BETWEEN TWO MOTOR VEHICLES IN TRANSPORT","01 - DRY","1 - STRAIGHT LEVEL","2 - BLACKTOP, BITUMINOUS, ASPHALT","DOWNTOWN","P - PEDESTRIAN","2 - CLOUDY","45202",4,0.141,0.11974297910776,650024,39.1029980360431,-84.5144190306905,"Central Business District",273189
"6XX CENTRAL AVE",39.102967,-84.519644,"31-40","N/A","N/A","08/25/2015 10:11:14 PM +0000","01 - NOT AN INTERSECTION","2 - INJURY",2,"08/25/2015 10:11:22 PM +0000","TUE","F - FEMALE","2 - POSSIBLE","C22E941F-A840-4207-8D41-F50F965FE6C7","4 - DARK - LIGHTED ROADWAY","155011954","1 - NOT COLLISION BETWEEN TWO MOTOR VEHICLES IN TRANSPORT","01 - DRY","1 - STRAIGHT LEVEL","2 - BLACKTOP, BITUMINOUS, ASPHALT","N/A","P - PEDESTRIAN","1 - CLEAR","45202",2,1.103,0.111855246632033,670024,39.102998951661,-84.5189374568147,"West End",276647
"30XX WOODBURN",39.133902,-84.47607,"UNDER 18","EVANSTON","EVANSTON","04/01/2014 04:59:00 PM +0000","01 - NOT AN INTERSECTION","2 - INJURY",2,"04/01/2014 05:00:00 PM +0000","TUE","M - MALE","3 - NON-INCAPACITATING","AB029AC7-DFF6-4915-A2DD-7BD9FC49822B","1 - DAYLIGHT","145002509","1 - NOT COLLISION BETWEEN TWO MOTOR VEHICLES IN TRANSPORT","01 - DRY","1 - STRAIGHT LEVEL","2 - BLACKTOP, BITUMINOUS, ASPHALT","EVANSTON","P - PEDESTRIAN","1 - CLEAR","45206",3,0.304,0.0920133325161757,480038,39.1344832365321,-84.4760124159726,"Evanston",200632
"43XX HAMILTON AV",39.16546,-84.54107,"31-40","N/A","N/A","02/05/2015 09:18:00 PM +0000","01 - NOT AN INTERSECTION","2 - INJURY",2,"02/05/2015 09:22:00 PM +0000","THU","F - FEMALE","3 - NON-INCAPACITATING","5658DB74-6B96-4497-9090-FDB07EE2F6C7","4 - DARK - LIGHTED ROADWAY","155001644","1 - NOT COLLISION BETWEEN TWO MOTOR VEHICLES IN TRANSPORT","01 - DRY","1 - STRAIGHT LEVEL","2 - BLACKTOP, BITUMINOUS, ASPHALT","N/A","P - PEDESTRIAN","1 - CLEAR","45223",3,0.304,0.0511620564141417,770052,39.1660009712114,-84.5415295885445,"Northside",274791
"11XX MCPHERSON AV",39.112589,-84.571009,"51-60","EAST PRICE HILL","EAST PRICE HILL","05/28/2014 10:50:00 PM +0000","01 - NOT AN INTERSECTION","2 - INJURY",2,"05/28/2014 10:50:00 PM +0000","WED","M - MALE","3 - NON-INCAPACITATING","1887E881-8D61-45D6-B8F7-57E1B91AB341","4 - DARK - LIGHTED ROADWAY","145004059","1 - NOT COLLISION BETWEEN TWO MOTOR VEHICLES IN TRANSPORT","02 - WET","1 - STRAIGHT LEVEL","2 - BLACKTOP, BITUMINOUS, ASPHALT","EAST PRICE HILL","P - PEDESTRIAN","1 - CLEAR","45205",3,0.304,0.129188790483814,900028,39.1119969540103,-84.5708993592591,"East Price Hill",273561
"15XX ELKTON PL",39.202503,-84.546019,"18-25","N/A","N/A","04/08/2015 12:00:00 PM +0000","01 - NOT AN INTERSECTION","2 - INJURY",2,"04/08/2015 01:01:51 PM +0000","WED","M - MALE","2 - POSSIBLE","35AA12A6-0AE8-4B14-9B8C-7AABEA1E292D","1 - DAYLIGHT","155004820","1 - NOT COLLISION BETWEEN TWO MOTOR VEHICLES IN TRANSPORT","02 - WET","1 - STRAIGHT LEVEL","2 - BLACKTOP, BITUMINOUS, ASPHALT","N/A","P - PEDESTRIAN","2 - CLOUDY","45224",2,1.103,0.100835301536108,790068,39.202000872906,-84.5460480149722,"College Hill",200100
"60XX RIDGE AV",39.181565,-84.426329,"UNDER 18","N/A","N/A","09/07/2018 06:42:47 AM +0000","02 - FOUR-WAY INTERSECTION","2 - INJURY",2,"09/07/2018 06:44:49 AM +0000","FRI","M - MALE","3 - NON-INCAPACITATING","F0B8B681-58B8-4E5C-9ECC-F96EC29B37BC","2 - DAWN","185012562","1 - NOT COLLISION BETWEEN TWO MOTOR VEHICLES IN TRANSPORT","01 - DRY","1 - STRAIGHT LEVEL","2 - BLACKTOP, BITUMINOUS, ASPHALT","N/A","P - PEDESTRIAN","1 - CLEAR","45213",3,0.304,0.0941196764546656,260059,39.1816953627268,-84.4263097742127,"Pleasant Ridge",202946
"31XX MCHENRY AV",39.144397,-84.578329,"UNDER 18","WESTWOOD","WESTWOOD","04/12/2015 08:15:00 PM +0000","01 - NOT AN INTERSECTION","2 - INJURY",2,"04/12/2015 08:15:00 PM +0000","SUN","M - MALE","4 - INCAPACITATING","4613D5D1-F578-444D-B6C8-72D69324464D","3 - DUSK","155005038","1 - NOT COLLISION BETWEEN TWO MOTOR VEHICLES IN TRANSPORT","01 - DRY","3 - CURVE LEVEL","1 - CONCRETE","WESTWOOD","P - PEDESTRIAN","1 - CLEAR","45211",4,0.141,0.152124581988872,930042,39.1434950192755,-84.5776769980024,"Westwood",204284
"56XX HAMILTON",39.19442,-84.54527,"51-60","N/A","N/A","07/04/2013 09:37:00 PM +0000","03 - T-INTERSECTION","2 - INJURY",2,"07/04/2013 09:37:00 PM +0000","THU","M - MALE","3 - NON-INCAPACITATING","D0A9841B-4F29-4385-90EB-6A11EA77E566","5 - DARK – ROADWAY NOT LIGHTED","135008151","1 - NOT COLLISION BETWEEN TWO MOTOR VEHICLES IN TRANSPORT","02 - WET","1 - STRAIGHT LEVEL","2 - BLACKTOP, BITUMINOUS, ASPHALT","N/A","P - PEDESTRIAN","4 - RAIN","45224",3,0.304,0.084250001500197,790065,39.1952508668166,-84.5460480149746,"College Hill",200100
"1XX E 7TH ST",39.104667,-84.511741,"51-60","N/A","N/A","08/29/2018 03:11:00 PM +0000","10 - DRIVEWAY/ALLEY ACCESS","2 - INJURY",2,"08/29/2018 03:13:00 PM +0000","WED","M - MALE","3 - NON-INCAPACITATING","CC996138-FF59-4160-8761-42E52580FBF2","1 - DAYLIGHT","185012076","1 - NOT COLLISION BETWEEN TWO MOTOR VEHICLES IN TRANSPORT","01 - DRY","1 - STRAIGHT LEVEL","1 - CONCRETE","N/A","P - PEDESTRIAN","2 - CLOUDY","45202",3,0.304,0.149580060022916,640025,39.1052475148416,-84.5121598176706,"Central Business District",273189
"S I71 AT 4-0 MM",39.136531,-84.488595,"41-50","AVONDALE","AVONDALE","11/17/2017 06:32:00 AM +0000","03 - T-INTERSECTION","2 - INJURY",2,"11/17/2017 06:32:00 AM +0000","FRI","M - MALE","3 - NON-INCAPACITATING","21F095CD-491D-4629-8DA5-FFD083155C17","2 - DAWN","175017613","1 - NOT COLLISION BETWEEN TWO MOTOR VEHICLES IN TRANSPORT","01 - DRY","1 - STRAIGHT LEVEL","2 - BLACKTOP, BITUMINOUS, ASPHALT","AVONDALE","P - PEDESTRIAN","1 - CLEAR","45206",3,0.304,0.163503205856123,540039,39.1367399108636,-84.4895676898031,"Walnut Hills",204112
"12XX HERSCHEL AV",39.130387,-84.422622,"41-50","N/A","N/A","05/03/2018 03:11:00 PM +0000","01 - NOT AN INTERSECTION","2 - INJURY",2,"05/03/2018 03:11:00 PM +0000","THU","F - FEMALE","2 - POSSIBLE","83A2DC81-AF5A-4897-AF7D-F1E4538F658A","1 - DAYLIGHT","185006137","1 - NOT COLLISION BETWEEN TWO MOTOR VEHICLES IN TRANSPORT","01 - DRY","2 - STRAIGHT GRADE","1 - CONCRETE","N/A","P - PEDESTRIAN","1 - CLEAR","45208",2,1.103,0.112291833872717,240036,39.129940844671,-84.4217913553968,"Mt. Lookout",274623
"54XX COLERAIN AV",39.191356,-84.570301,"31-40","N/A","N/A","09/17/2018 05:28:00 AM +0000","02 - FOUR-WAY INTERSECTION","2 - INJURY",2,"09/17/2018 05:32:00 AM +0000","MON","M - MALE","3 - NON-INCAPACITATING","498AD5B5-63E6-4091-A1FF-275521230405","4 - DARK - LIGHTED ROADWAY","185013058","1 - NOT COLLISION BETWEEN TWO MOTOR VEHICLES IN TRANSPORT","01 - DRY","1 - STRAIGHT LEVEL","2 - BLACKTOP, BITUMINOUS, ASPHALT","N/A","P - PEDESTRIAN","2 - CLOUDY","45223",3,0.304,0.0971417995975353,900063,39.1907470234387,-84.5708993593275,"Mt. Airy",274620
"39XX VINE ST",39.158073,-84.506561,"18-25","CLIFTON","CLIFTON","08/21/2013 06:45:00 PM +0000","01 - NOT AN INTERSECTION","2 - INJURY",2,"08/21/2013 08:15:00 PM +0000","WED","F - FEMALE","3 - NON-INCAPACITATING","7856CAC5-4417-4F81-B3EF-2ADD6E9D6811","1 - DAYLIGHT","135009520","1 - NOT COLLISION BETWEEN TWO MOTOR VEHICLES IN TRANSPORT","01 - DRY","1 - STRAIGHT LEVEL","2 - BLACKTOP, BITUMINOUS, ASPHALT","CLIFTON","P - PEDESTRIAN","2 - CLOUDY","45217",3,0.304,0.109525640125324,620048,39.1569963831502,-84.5076413916303,"Clifton",200052
"X GLENWOOD AV",39.155451,-84.506078,"UNDER 18","AVONDALE - NORTH AVONDALE","NORTH AVONDALE","09/07/2016 07:00:00 PM +0000","01 - NOT AN INTERSECTION","2 - INJURY",2,"09/07/2016 07:00:00 PM +0000","WED","M - MALE","3 - NON-INCAPACITATING","5E087D9A-E751-43C8-A609-4BF391EB8E50","3 - DUSK","165014560","1 - NOT COLLISION BETWEEN TWO MOTOR VEHICLES IN TRANSPORT","01 - DRY","1 - STRAIGHT LEVEL","2 - BLACKTOP, BITUMINOUS, ASPHALT","AVONDALE","P - PEDESTRIAN","1 - CLEAR","45217",3,0.304,0.208751847381239,610047,39.1547457269195,-84.5053821787281,"Avondale",199345
"38XX W LIBERTY ST",39.117471,-84.578047,"UNDER 18","N/A","N/A","10/16/2014 11:30:00 PM +0000","02 - FOUR-WAY INTERSECTION","2 - INJURY",2,"10/16/2014 11:38:00 PM +0000","THU","M - MALE","3 - NON-INCAPACITATING","2B604389-C3D7-47DA-AC39-0A6C686BF641","4 - DARK - LIGHTED ROADWAY","145010287","1 - NOT COLLISION BETWEEN TWO MOTOR VEHICLES IN TRANSPORT","01 - DRY","2 - STRAIGHT GRADE","1 - CONCRETE","N/A","P - PEDESTRIAN","1 - CLEAR","45205",3,0.304,0.152131369543113,930030,39.1164949957701,-84.5776769979707,"West Price HIll",275981
"3XX EZZARD CHARLES DR",39.109461,-84.520178,"51-60","N/A","N/A","04/11/2013 08:38:00 AM +0000","03 - T-INTERSECTION","2 - INJURY",2,"04/11/2013 08:46:00 AM +0000","THU","M - MALE","2 - POSSIBLE","E694D935-8C84-4E59-A7E1-A4FD4A231CFB","1 - DAYLIGHT","135004389","1 - NOT COLLISION BETWEEN TWO MOTOR VEHICLES IN TRANSPORT","02 - WET","1 - STRAIGHT LEVEL","2 - BLACKTOP, BITUMINOUS, ASPHALT","N/A","P - PEDESTRIAN","4 - RAIN","45214",2,1.103,0.116657760029274,680027,39.1097493501827,-84.5211966699071,"West End",276647
"16XX CENTRAL PY",39.116731,-84.522455,"41-50","N/A","N/A","08/01/2013 08:49:00 AM +0000","02 - FOUR-WAY INTERSECTION","2 - INJURY",2,"08/01/2013 08:50:00 AM +0000","THU","F - FEMALE","4 - INCAPACITATING","5615566D-D342-4364-BB28-48EC68E724AD","1 - DAYLIGHT","135008989","1 - NOT COLLISION BETWEEN TWO MOTOR VEHICLES IN TRANSPORT","01 - DRY","1 - STRAIGHT LEVEL","2 - BLACKTOP, BITUMINOUS, ASPHALT","N/A","P - PEDESTRIAN","2 - CLOUDY","45214",4,0.141,0.155021288735466,690030,39.1164997051309,-84.5234558830248,"West End",276647
"16XX QUEEN CITY AV",39.125106,-84.574674,"31-40","WEST PRICE HILL","WEST PRICE HILL","05/21/2018 12:18:00 AM +0000","02 - FOUR-WAY INTERSECTION","2 - INJURY",2,"05/21/2018 12:22:00 AM +0000","MON","M - MALE","3 - NON-INCAPACITATING","2EF12BC3-6C2E-41EA-9063-840BF4D55F35","4 - DARK - LIGHTED ROADWAY","185007109","1 - NOT COLLISION BETWEEN TWO MOTOR VEHICLES IN TRANSPORT","01 - DRY","1 - STRAIGHT LEVEL","2 - BLACKTOP, BITUMINOUS, ASPHALT","WEST PRICE HILL","P - PEDESTRIAN","1 - CLEAR","45214",3,0.304,0.216734767321677,920034,39.1254957013453,-84.5754177851202,"West Price HIll",275981
"25XX GILBERT AV",39.125724,-84.470662,"UNDER 18","EAST WALNUT HILLS","EAST WALNUT HILLS","05/09/2015 12:32:00 PM +0000","01 - NOT AN INTERSECTION","2 - INJURY",2,"05/09/2015 12:34:00 PM +0000","SAT","F - FEMALE","2 - POSSIBLE","EBB8E474-2C60-418E-B503-46BD4616FCEE","1 - DAYLIGHT","155006376","1 - NOT COLLISION BETWEEN TWO MOTOR VEHICLES IN TRANSPORT","01 - DRY","1 - STRAIGHT LEVEL","2 - BLACKTOP, BITUMINOUS, ASPHALT","EAST WALNUT HILLS","P - PEDESTRIAN","1 - CLEAR","45206",2,1.103,0.115410288205963,460033,39.1232306548683,-84.4714939920089,"East End",273544
"54XX BAHAMA TE",39.190082,-84.568738,"51-60","N/A","N/A","08/23/2017 02:25:00 PM +0000","03 - T-INTERSECTION","2 - INJURY",2,"08/23/2017 02:27:00 PM +0000","WED","F - FEMALE","4 - INCAPACITATING","FA440C8A-3479-4797-988E-30F7570D3805","1 - DAYLIGHT","175012595","1 - NOT COLLISION BETWEEN TWO MOTOR VEHICLES IN TRANSPORT","01 - DRY","1 - STRAIGHT LEVEL","2 - BLACKTOP, BITUMINOUS, ASPHALT","N/A","P - PEDESTRIAN","1 - CLEAR","45223",4,0.141,0.110941618986764,890063,39.19074759061,-84.5686401463379,"Mt. Airy",274620
"19XX SEYMOUR AV",39.18801,-84.461899,"31-40","ROSELAWN","ROSELAWN","10/10/2013 06:33:00 PM +0000","01 - NOT AN INTERSECTION","2 - INJURY",2,"10/10/2013 06:37:00 PM +0000","THU","F - FEMALE","3 - NON-INCAPACITATING","84D16034-2C2D-4009-85F2-6E18F7403F44","1 - DAYLIGHT","135011028","1 - NOT COLLISION BETWEEN TWO MOTOR VEHICLES IN TRANSPORT","01 - DRY","1 - STRAIGHT LEVEL","2 - BLACKTOP, BITUMINOUS, ASPHALT","ROSELAWN","P - PEDESTRIAN","1 - CLEAR","45237",3,0.304,0.215087665823594,420062,39.1884750330475,-84.4624571448008,"Bond Hill",199607
"16XX VINE ST",39.113241,-84.515151,"41-50","OTR","OVER-THE-RHINE","01/04/2016 06:13:46 PM +0000","02 - FOUR-WAY INTERSECTION","2 - INJURY",2,"01/04/2016 06:14:05 PM +0000","MON","M - MALE","3 - NON-INCAPACITATING","A98C825F-95CB-4EBC-9A14-F0DBE24DEDD6","1 - DAYLIGHT","165000146","1 - NOT COLLISION BETWEEN TWO MOTOR VEHICLES IN TRANSPORT","01 - DRY","1 - STRAIGHT LEVEL","1 - CONCRETE","OVER-THE-RHINE","P - PEDESTRIAN","2 - CLOUDY","45202",3,0.304,0.0864149811913835,650029,39.1142480461222,-84.5144190306687,"Over-The-Rhine",202750
"3XX OAK ST",39.130562,-84.501004,"51-60","CORRYVILLE","CORRYVILLE","02/13/2018 06:02:00 AM +0000","02 - FOUR-WAY INTERSECTION","2 - INJURY",2,"02/13/2018 06:03:00 AM +0000","TUE","M - MALE","3 - NON-INCAPACITATING","D2F6AA27-8EE1-4D12-8BAD-202198848B13","4 - DARK - LIGHTED ROADWAY","185002224","1 - NOT COLLISION BETWEEN TWO MOTOR VEHICLES IN TRANSPORT","01 - DRY","1 - STRAIGHT LEVEL","2 - BLACKTOP, BITUMINOUS, ASPHALT","CORRYVILLE","P - PEDESTRIAN","1 - CLEAR","45219",3,0.304,0.122628933634827,590036,39.1299942661819,-84.5008637531097,"Avondale",199345
"26XX W NORTH BEND RD",39.188517,-84.574301,"51-60","MOUNT AIRY","MOUNT AIRY","12/12/2015 10:20:00 PM +0000","01 - NOT AN INTERSECTION","2 - INJURY",2,"12/12/2015 10:26:00 PM +0000","SAT","M - MALE","4 - INCAPACITATING","0FEE931D-A721-4D55-B725-4C6F990EFB8A","4 - DARK - LIGHTED ROADWAY","155018224","1 - NOT COLLISION BETWEEN TWO MOTOR VEHICLES IN TRANSPORT","01 - DRY","4 - CURVE GRADE","2 - BLACKTOP, BITUMINOUS, ASPHALT","MT. AIRY","P - PEDESTRIAN","1 - CLEAR","45239",4,0.141,0.13586165481545,920062,39.18849575626,-84.5754177851878,"Mt. Airy",274620
"17XX FIRST AV",39.121246,-84.579818,"UNDER 18","N/A","N/A","06/19/2016 01:45:00 PM +0000","01 - NOT AN INTERSECTION","2 - INJURY",2,"06/19/2016 01:50:00 PM +0000","SUN","M - MALE","2 - POSSIBLE","9E8A436E-14AD-41D6-901D-ABC7247D36AD","1 - DAYLIGHT","165009599","1 - NOT COLLISION BETWEEN TWO MOTOR VEHICLES IN TRANSPORT","01 - DRY","1 - STRAIGHT LEVEL","2 - BLACKTOP, BITUMINOUS, ASPHALT","N/A","P - PEDESTRIAN","1 - CLEAR","45205",2,1.103,0.113863971245675,940032,39.120994258383,-84.5799362107904,"West Price HIll",275981
"23XX WHEELER ST",39.128277,-84.519887,"18-25","N/A","N/A","04/15/2016 10:49:00 PM +0000","03 - T-INTERSECTION","2 - INJURY",2,"04/15/2016 10:49:00 PM +0000","FRI","F - FEMALE","3 - NON-INCAPACITATING","41E771B9-F8A7-4EDF-81A2-0FA1A5A72CEB","4 - DARK - LIGHTED ROADWAY","165005719","1 - NOT COLLISION BETWEEN TWO MOTOR VEHICLES IN TRANSPORT","01 - DRY","1 - STRAIGHT LEVEL","2 - BLACKTOP, BITUMINOUS, ASPHALT","N/A","P - PEDESTRIAN","1 - CLEAR","45219",3,0.304,0.201246014799999,670035,39.1277489739748,-84.518937456772,"CUF",273417
"58XX GLENWAY AV",39.137455,-84.613814,"51-60","N/A","N/A","03/18/2015 12:10:00 PM +0000","01 - NOT AN INTERSECTION","2 - INJURY",2,"03/18/2015 12:10:00 PM +0000","WED","M - MALE","4 - INCAPACITATING","C4ADB5B9-2D08-4121-A6C6-C2E23BB06177","1 - DAYLIGHT","155003764","1 - NOT COLLISION BETWEEN TWO MOTOR VEHICLES IN TRANSPORT","01 - DRY","1 - STRAIGHT LEVEL","2 - BLACKTOP, BITUMINOUS, ASPHALT","N/A","P - PEDESTRIAN","1 - CLEAR","45238",4,0.141,0.150861097212659,1090039,39.1367279176773,-84.6138243956056,"Westwood",204284
"9XX FAIRBANKS",39.1091,-84.569091,"UNDER 18","N/A","N/A","08/09/2015 09:55:00 PM +0000","01 - NOT AN INTERSECTION","2 - INJURY",2,"08/09/2015 09:57:00 PM +0000","SUN","F - FEMALE","3 - NON-INCAPACITATING","5073CBB7-657A-4BBD-9843-DE15D8053E9C","6 - DARK – UNKNOWN ROADWAY LIGHTING","155011082","1 - NOT COLLISION BETWEEN TWO MOTOR VEHICLES IN TRANSPORT","01 - DRY","1 - STRAIGHT LEVEL","2 - BLACKTOP, BITUMINOUS, ASPHALT","N/A","P - PEDESTRIAN","1 - CLEAR","45205",3,0.304,0.196289340953965,890027,39.1097475188524,-84.5686401462761,"East Price Hill",273561
"46XX RIDGE AV",39.159744,-84.422592,"41-50","N/A","N/A","03/24/2017 05:13:00 PM +0000","01 - NOT AN INTERSECTION","2 - INJURY",2,"03/24/2017 05:13:00 PM +0000","FRI","F - FEMALE","4 - INCAPACITATING","E0B1439D-174C-487E-9AF3-F91332F2109F","1 - DAYLIGHT","175004284","1 - NOT COLLISION BETWEEN TWO MOTOR VEHICLES IN TRANSPORT","01 - DRY","1 - STRAIGHT LEVEL","2 - BLACKTOP, BITUMINOUS, ASPHALT","N/A","P - PEDESTRIAN","1 - CLEAR","45213",4,0.141,0.149805006928005,240049,39.1591908586081,-84.4217913552852,"Oakley",202657
"54XX HAMILTON AV",39.190519,-84.54771,"UNDER 18","COLLEGE HILL","COLLEGE  HILL","10/08/2014 03:53:00 PM +0000","02 - FOUR-WAY INTERSECTION","2 - INJURY",2,"10/08/2014 03:54:00 PM +0000","WED","M - MALE","3 - NON-INCAPACITATING","C4230598-7E56-4D79-B4E3-4DB50C096074","1 - DAYLIGHT","145009819","1 - NOT COLLISION BETWEEN TWO MOTOR VEHICLES IN TRANSPORT","01 - DRY","2 - STRAIGHT GRADE","2 - BLACKTOP, BITUMINOUS, ASPHALT","COLLEGE HILL","P - PEDESTRIAN","1 - CLEAR","45224",3,0.304,0.116299341702769,800063,39.1907507318673,-84.5483072281902,"College Hill",200100
"13XX W NORTH BEND RD",39.202743,-84.541558,"UNDER 18","COLLEGE HILL","COLLEGE  HILL","08/19/2018 09:04:00 PM +0000","03 - T-INTERSECTION","2 - INJURY",2,"08/19/2018 09:09:00 PM +0000","SUN","M - MALE","4 - INCAPACITATING","365A679A-BB7C-4E02-8581-D1666CF55D91","4 - DARK - LIGHTED ROADWAY","185011606","1 - NOT COLLISION BETWEEN TWO MOTOR VEHICLES IN TRANSPORT","01 - DRY","1 - STRAIGHT LEVEL","2 - BLACKTOP, BITUMINOUS, ASPHALT","COLLEGE HILL","P - PEDESTRIAN","1 - CLEAR","45224",4,0.141,0.10376033382893,770068,39.2020010038025,-84.5415295885234,"College Hill",200100
"73XX READING RD",39.197583,-84.458457,"UNDER 18","ROSELAWN","ROSELAWN","09/23/2015 05:00:07 PM +0000","02 - FOUR-WAY INTERSECTION","2 - INJURY",2,"09/23/2015 05:05:26 PM +0000","WED","F - FEMALE","2 - POSSIBLE","D5C2F72F-65C7-402C-908C-76DB50123E5D","1 - DAYLIGHT","155013693","1 - NOT COLLISION BETWEEN TWO MOTOR VEHICLES IN TRANSPORT","01 - DRY","1 - STRAIGHT LEVEL","2 - BLACKTOP, BITUMINOUS, ASPHALT","ROSELAWN","P - PEDESTRIAN","1 - CLEAR","45237",2,1.103,0.175658003852127,400066,39.1974719417316,-84.4579387218486,"Roselawn",203265