"address_x","lat","long","age","community_council_neighborhood","cpd_neighborhood","crashdate","crashlocation","crashseverity","crashseverityid","datecrashreported","dayofweek","gender","injuries","instanceid","lightconditionsprimary","localreportno","mannerofcrash","roadconditionsprimary","roadcontour","roadsurface","sna_neighborhood","typeofperson","weather","zip","injury_type_num","cost","dist","cell_id","lat_cell","long_cell","hood","hood_id"
"35XX READING RD",39.145525,-84.489566,"18-25","AVONDALE","AVONDALE","06/19/2014 05:25:00 PM +0000","01 - NOT AN INTERSECTION","2 - INJURY",2,"06/19/2014 05:25:00 PM +0000","THU","F - FEMALE","3 - NON-INCAPACITATING","8A2770AD-4FD4-4479-95A2-E09A5B2DBC46","1 - DAYLIGHT","145004949","1 - NOT COLLISION BETWEEN TWO MOTOR VEHICLES IN TRANSPORT","02 - WET","2 - STRAIGHT GRADE","2 - BLACKTOP, BITUMINOUS, ASPHALT","AVONDALE","P - PEDESTRIAN","4 - RAIN","45229",3,0.304,0.119648113355497,540043,39.1457399183515,-84.489567689776,"Avondale",199345
"8XX LAFAYETTE AV",39.150979,-84.532006,"41-50","N/A","N/A","10/27/2015 06:50:00 AM +0000","03 - T-INTERSECTION","2 - INJURY",2,"10/27/2015 06:58:00 AM +0000","TUE","M - MALE","2 - POSSIBLE","316722B3-0146-42F3-BA86-EB61D7D9D97B","2 - DAWN","155015556","1 - NOT COLLISION BETWEEN TWO MOTOR VEHICLES IN TRANSPORT","02 - WET","1 - STRAIGHT LEVEL","2 - BLACKTOP, BITUMINOUS, ASPHALT","N/A","P - PEDESTRIAN","4 - RAIN","",2,1.103,0.101419121055971,730045,39.150250695196,-84.5324927356855,"Clifton",200052
"4TH ST",39.099575,-84.5118,"51-60","N/A","N/A","05/22/2015 02:03:00 PM +0000","02 - FOUR-WAY INTERSECTION","2 - INJURY",2,"05/22/2015 02:05:00 PM +0000","FRI","M - MALE","3 - NON-INCAPACITATING","DC7A4097-C768-4EEA-A672-ECC639E9FA3F","1 - DAYLIGHT","155007052","1 - NOT COLLISION BETWEEN TWO MOTOR VEHICLES IN TRANSPORT","01 - DRY","1 - STRAIGHT LEVEL","2 - BLACKTOP, BITUMINOUS, ASPHALT","N/A","P - PEDESTRIAN","1 - CLEAR","45202",3,0.304,0.115850232809009,640022,39.0984975088131,-84.5121598176844,"Central Business District",273189
"25XX HIGHLAND AV",39.126157,-84.502149,"18-25","N/A","N/A","09/27/2015 04:00:00 AM +0000","02 - FOUR-WAY INTERSECTION","2 - INJURY",2,"09/27/2015 07:05:51 AM +0000","SUN","F - FEMALE","3 - NON-INCAPACITATING","6397C9F0-F132-486C-8390-A082FF8F204D","6 - DARK – UNKNOWN ROADWAY LIGHTING","155013891","1 - NOT COLLISION BETWEEN TWO MOTOR VEHICLES IN TRANSPORT","01 - DRY","1 - STRAIGHT LEVEL","2 - BLACKTOP, BITUMINOUS, ASPHALT","N/A","P - PEDESTRIAN","2 - CLOUDY","45219",3,0.304,0.136859449556949,600034,39.1254950036229,-84.503122965936,"Mt. Auburn",274621
"32XX MCHENRY",39.145502,-84.573653,"31-40","N/A","N/A","11/13/2015 10:43:00 AM +0000","01 - NOT AN INTERSECTION","2 - INJURY",2,"11/13/2015 11:10:00 AM +0000","FRI","M - MALE","3 - NON-INCAPACITATING","EC538F0A-92B2-4789-AC2B-FC8C39B4FF27","1 - DAYLIGHT","155016543","6 - ANGLE","01 - DRY","3 - CURVE LEVEL","2 - BLACKTOP, BITUMINOUS, ASPHALT","N/A","P - PEDESTRIAN","1 - CLEAR","45211",3,0.304,0.132861590917848,910043,39.1457463732763,-84.5731585722355,"East Westwood",273574
"5XX VINE ST",39.102363,-84.513289,"31-40","N/A","N/A","10/15/2014 04:45:00 PM +0000","01 - NOT AN INTERSECTION","3 - PROPERTY DAMAGE ONLY (PDO)",3,"10/15/2014 05:30:00 PM +0000","WED","M - MALE","1 - NO INJURY / NONE REPORTED","D0D563FC-E344-4CFD-B433-BDE5DD72CCB1","1 - DAYLIGHT","145010218","1 - NOT COLLISION BETWEEN TWO MOTOR VEHICLES IN TRANSPORT","01 - DRY","4 - CURVE GRADE","1 - CONCRETE","N/A","P - PEDESTRIAN","2 - CLOUDY","45202",1,10.082,0.120445558999439,640024,39.1029975128329,-84.5121598176752,"Central Business District",273189
"1XX E COURT ST",39.107533,-84.510653,"18-25","DOWNTOWN","C. B. D. / RIVERFRONT","07/09/2014 10:56:00 AM +0000","02 - FOUR-WAY INTERSECTION","2 - INJURY",2,"07/09/2014 11:00:00 AM +0000","WED","F - FEMALE","2 - POSSIBLE","01FA348A-1CC3-4028-AB4C-E76A265CBE40","1 - DAYLIGHT","145005813","1 - NOT COLLISION BETWEEN TWO MOTOR VEHICLES IN TRANSPORT","01 - DRY","1 - STRAIGHT LEVEL","2 - BLACKTOP, BITUMINOUS, ASPHALT","DOWNTOWN","P - PEDESTRIAN","1 - CLEAR","45202",2,1.103,0.125174399232344,630026,39.1074969500199,-84.5099006046852,"Over-The-Rhine",202750
"16XX CHASE",39.153566,-84.536478,"UNDER 18","N/A","N/A","11/06/2013 05:49:00 PM +0000","02 - FOUR-WAY INTERSECTION","2 - INJURY",2,"11/06/2013 05:49:00 PM +0000","WED","F - FEMALE","3 - NON-INCAPACITATING","93185CE2-E51C-4883-959A-1CAF103CCEAD","4 - DARK - LIGHTED ROADWAY","135011773","1 - NOT COLLISION BETWEEN TWO MOTOR VEHICLES IN TRANSPORT","02 - WET","1 - STRAIGHT LEVEL","2 - BLACKTOP, BITUMINOUS, ASPHALT","N/A","P - PEDESTRIAN","4 - RAIN","45223",3,0.304,0.112998964392178,750046,39.1525009153223,-84.5370111621094,"Clifton",200052
"33XX READING",39.13774,-84.49495,"18-25","N/A","N/A","04/24/2013 04:54:00 PM +0000","03 - T-INTERSECTION","2 - INJURY",2,"04/24/2013 04:54:00 PM +0000","WED","M - MALE","3 - NON-INCAPACITATING","F3C635C8-2B1A-4F6E-8B35-BB5E797283F5","1 - DAYLIGHT","135004973","1 - NOT COLLISION BETWEEN TWO MOTOR VEHICLES IN TRANSPORT","01 - DRY","1 - STRAIGHT LEVEL","2 - BLACKTOP, BITUMINOUS, ASPHALT","N/A","P - PEDESTRIAN","2 - CLOUDY","45229",3,0.304,0.110599149852092,560039,39.1367417861603,-84.4940861149495,"Avondale",199345
"2XX CALHOUN ST",39.127601,-84.517424,"18-25","CUF - HEIGHTS","FAIRVIEW","08/17/2016 09:35:00 PM +0000","01 - NOT AN INTERSECTION","2 - INJURY",2,"08/17/2016 09:37:00 PM +0000","WED","F - FEMALE","2 - POSSIBLE","1E866F11-DCCA-45F5-ACD5-15D7160AF2C1","4 - DARK - LIGHTED ROADWAY","165013180","1 - NOT COLLISION BETWEEN TWO MOTOR VEHICLES IN TRANSPORT","01 - DRY","1 - STRAIGHT LEVEL","2 - BLACKTOP, BITUMINOUS, ASPHALT","CUF","P - PEDESTRIAN","1 - CLEAR","45220",2,1.103,0.183945045028763,660035,39.1277485378878,-84.5166782436926,"CUF",273417
"62XX HILLSIDE AV",39.106538,-84.683493,"26-30","SAYLER PARK","SAYLER  PARK","11/17/2013 06:10:00 PM +0000","01 - NOT AN INTERSECTION","2 - INJURY",2,"11/17/2013 06:12:00 PM +0000","SUN","F - FEMALE","3 - NON-INCAPACITATING","CE28680E-3294-4C6F-BE82-B697930B5DEA","4 - DARK - LIGHTED ROADWAY","135012080","1 - NOT COLLISION BETWEEN TWO MOTOR VEHICLES IN TRANSPORT","02 - WET","1 - STRAIGHT LEVEL","2 - BLACKTOP, BITUMINOUS, ASPHALT","RIVERSIDE","P - PEDESTRIAN","4 - RAIN","45233",3,0.304,0.196906073147554,1400026,39.1074130156584,-84.683859901975,"Sayler Park",203392
"32XX BROTHERTON RD",39.153671,-84.427886,"UNDER 18","N/A","N/A","03/11/2013 07:10:00 AM +0000","02 - FOUR-WAY INTERSECTION","2 - INJURY",2,"03/18/2013 08:00:00 PM +0000","MON","F - FEMALE","3 - NON-INCAPACITATING","A4A57450-F39C-4A97-AC2E-3EADB2A53C78","2 - DAWN","135003430","1 - NOT COLLISION BETWEEN TWO MOTOR VEHICLES IN TRANSPORT","02 - WET","1 - STRAIGHT LEVEL","2 - BLACKTOP, BITUMINOUS, ASPHALT","N/A","P - PEDESTRIAN","4 - RAIN","45209",3,0.304,0.14972068558869,270047,39.1546975298984,-84.4285689840395,"Oakley",202657
"47XX KENARD",39.165,-84.51633,"OVER 70","N/A","N/A","08/30/2013 03:42:00 PM +0000","01 - NOT AN INTERSECTION","2 - INJURY",2,"08/30/2013 03:46:00 PM +0000","FRI","M - MALE","3 - NON-INCAPACITATING","F733363A-1EF4-4C3E-A9F8-A59165B96315","1 - DAYLIGHT","135009776","1 - NOT COLLISION BETWEEN TWO MOTOR VEHICLES IN TRANSPORT","01 - DRY","1 - STRAIGHT LEVEL","2 - BLACKTOP, BITUMINOUS, ASPHALT","N/A","P - PEDESTRIAN","1 - CLEAR","45232",3,0.304,0.0965882103668435,660052,39.1659985720701,-84.5166782436224,"Winton Place",204406
"29XX VEAZEY AV",39.132235,-84.601151,"UNDER 18","N/A","N/A","05/13/2018 03:22:00 PM +0000","03 - T-INTERSECTION","2 - INJURY",2,"05/13/2018 03:23:00 PM +0000","SUN","F - FEMALE","3 - NON-INCAPACITATING","80BBD13D-BC49-4BE1-80E3-586E5E2B5637","1 - DAYLIGHT","185006664","1 - NOT COLLISION BETWEEN TWO MOTOR VEHICLES IN TRANSPORT","01 - DRY","1 - STRAIGHT LEVEL","1 - CONCRETE","N/A","P - PEDESTRIAN","1 - CLEAR","45238",3,0.304,0.193761258084434,1030037,39.1322356333138,-84.6002691236052,"Westwood",204284
"2XX CALHOUN ST",39.128403,-84.517406,"18-25","N/A","N/A","09/05/2016 11:41:00 PM +0000","03 - T-INTERSECTION","2 - INJURY",2,"09/05/2016 11:41:00 PM +0000","MON","M - MALE","3 - NON-INCAPACITATING","9229CF01-A969-40CE-BDB1-2450B6307789","4 - DARK - LIGHTED ROADWAY","165014413","1 - NOT COLLISION BETWEEN TWO MOTOR VEHICLES IN TRANSPORT","01 - DRY","1 - STRAIGHT LEVEL","2 - BLACKTOP, BITUMINOUS, ASPHALT","N/A","P - PEDESTRIAN","1 - CLEAR","45221",3,0.304,0.183945045028763,660035,39.1277485378878,-84.5166782436926,"CUF",273417
"9XX PLUM ST",39.103851,-84.517902,"18-25","N/A","N/A","09/23/2013 07:00:00 AM +0000","01 - NOT AN INTERSECTION","2 - INJURY",2,"09/23/2013 07:05:00 AM +0000","MON","F - FEMALE","3 - NON-INCAPACITATING","23E4D1AA-FE9A-40C3-A37B-3467149ECF16","1 - DAYLIGHT","135010415","1 - NOT COLLISION BETWEEN TWO MOTOR VEHICLES IN TRANSPORT","01 - DRY","1 - STRAIGHT LEVEL","2 - BLACKTOP, BITUMINOUS, ASPHALT","N/A","P - PEDESTRIAN","1 - CLEAR","45202",3,0.304,0.111855246632033,670024,39.102998951661,-84.5189374568147,"West End",276647
"8XX W 8TH ST",39.102871,-84.529294,"51-60","N/A","N/A","05/12/2017 03:40:00 PM +0000","01 - NOT AN INTERSECTION","3 - PROPERTY DAMAGE ONLY (PDO)",3,"05/12/2017 03:41:00 PM +0000","FRI","M - MALE","1 - NO INJURY / NONE REPORTED","45664058-6A44-4CA1-B8B2-FFF61D60309D","1 - DAYLIGHT","175007057","6 - ANGLE","01 - DRY","1 - STRAIGHT LEVEL","1 - CONCRETE","N/A","P - PEDESTRIAN","1 - CLEAR","45203",1,10.082,0.133173705372987,720024,39.1030004776906,-84.5302335225408,"Central Business District",273189
"33XX BURNET AV",39.140551,-84.500324,"31-40","AVONDALE","CORRYVILLE","12/31/2015 10:55:00 AM +0000","02 - FOUR-WAY INTERSECTION","2 - INJURY",2,"12/31/2015 11:00:00 AM +0000","THU","F - FEMALE","2 - POSSIBLE","80DF2C76-B595-45CC-BEA3-FDCC695DC8FA","1 - DAYLIGHT","155019065","1 - NOT COLLISION BETWEEN TWO MOTOR VEHICLES IN TRANSPORT","01 - DRY","1 - STRAIGHT LEVEL","2 - BLACKTOP, BITUMINOUS, ASPHALT","CORRYVILLE","P - PEDESTRIAN","2 - CLOUDY","45229",2,1.103,0.125824217348466,590041,39.1412442759061,-84.5008637530809,"Corryville",200172
"59XX HAMILTON AV",39.199593,-84.547509,"UNDER 18","N/A","N/A","10/22/2014 04:25:00 PM +0000","02 - FOUR-WAY INTERSECTION","2 - INJURY",2,"10/22/2014 04:28:00 PM +0000","WED","M - MALE","3 - NON-INCAPACITATING","5D14509B-262F-43CB-AB63-D0F21B7E568D","1 - DAYLIGHT","145010534","1 - NOT COLLISION BETWEEN TWO MOTOR VEHICLES IN TRANSPORT","01 - DRY","1 - STRAIGHT LEVEL","2 - BLACKTOP, BITUMINOUS, ASPHALT","N/A","P - PEDESTRIAN","1 - CLEAR","45224",3,0.304,0.211728783854148,800067,39.1997507399827,-84.5483072281881,"College Hill",200100
"13XX MAIN ST",39.109368,-84.512104,"UNDER 18","OTR","OVER-THE-RHINE","04/21/2018 10:27:00 PM +0000","01 - NOT AN INTERSECTION","2 - INJURY",2,"04/21/2018 10:30:00 PM +0000","SAT","M - MALE","3 - NON-INCAPACITATING","2B026A98-EC46-43D0-B7C9-25FA2D38D44F","4 - DARK - LIGHTED ROADWAY","185005548","1 - NOT COLLISION BETWEEN TWO MOTOR VEHICLES IN TRANSPORT","01 - DRY","1 - STRAIGHT LEVEL","1 - CONCRETE","OVER-THE-RHINE","P - PEDESTRIAN","1 - CLEAR","45202",3,0.304,0.100690357949897,640027,39.1097475188569,-84.5121598176614,"Over-The-Rhine",202750
"12XX PURCELL AV",39.114191,-84.563176,"51-60","N/A","N/A","08/23/2018 11:40:00 AM +0000","01 - NOT AN INTERSECTION","2 - INJURY",2,"08/23/2018 11:42:00 AM +0000","THU","M - MALE","2 - POSSIBLE","139E1B87-504B-4604-89EC-17A525EAE1AF","1 - DAYLIGHT","185011773","1 - NOT COLLISION BETWEEN TWO MOTOR VEHICLES IN TRANSPORT","01 - DRY","1 - STRAIGHT LEVEL","2 - BLACKTOP, BITUMINOUS, ASPHALT","N/A","P - PEDESTRIAN","1 - CLEAR","45205",2,1.103,0.212919980888083,870029,39.1142485257671,-84.5641217202144,"East Price Hill",273561
"8XX LEXINGTON AV",39.145601,-84.490501,"51-60","N/A","N/A","01/19/2016 09:05:00 AM +0000","03 - T-INTERSECTION","2 - INJURY",2,"01/19/2016 09:08:00 PM +0000","TUE","M - MALE","3 - NON-INCAPACITATING","7EFC2FE2-B6DE-44F8-8EE4-A9E81F3E2094","4 - DARK - LIGHTED ROADWAY","165000932","1 - NOT COLLISION BETWEEN TWO MOTOR VEHICLES IN TRANSPORT","01 - DRY","1 - STRAIGHT LEVEL","2 - BLACKTOP, BITUMINOUS, ASPHALT","N/A","P - PEDESTRIAN","1 - CLEAR","45229",3,0.304,0.119648113355497,540043,39.1457399183515,-84.489567689776,"Avondale",199345
"6XX WILLIAM HOWARD TAFT RD",39.128506,-84.499161,"18-25","AVONDALE","AVONDALE","09/17/2016 12:25:00 PM +0000","01 - NOT AN INTERSECTION","2 - INJURY",2,"09/17/2016 12:28:00 PM +0000","SAT","M - MALE","3 - NON-INCAPACITATING","0882A591-632C-43A5-9029-B2610E0BEB27","1 - DAYLIGHT","165015169","1 - NOT COLLISION BETWEEN TWO MOTOR VEHICLES IN TRANSPORT","01 - DRY","2 - STRAIGHT GRADE","2 - BLACKTOP, BITUMINOUS, ASPHALT","AVONDALE","P - PEDESTRIAN","2 - CLOUDY","45206",3,0.304,0.111451688835775,580035,39.1277434792782,-84.4986045403493,"Walnut Hills",204112
"X SEYMOUR AV",39.194203,-84.479983,"31-40","N/A","N/A","01/25/2016 06:35:00 PM +0000","02 - FOUR-WAY INTERSECTION","2 - INJURY",2,"01/25/2016 06:35:00 PM +0000","MON","M - MALE","2 - POSSIBLE","F76F60A8-F620-4F0B-BFE7-EBF5854A6981","1 - DAYLIGHT","165001273","1 - NOT COLLISION BETWEEN TWO MOTOR VEHICLES IN TRANSPORT","01 - DRY","1 - STRAIGHT LEVEL","2 - BLACKTOP, BITUMINOUS, ASPHALT","N/A","P - PEDESTRIAN","1 - CLEAR","45216",2,1.103,0.184611660613781,500065,39.1952356835974,-84.4805308400933,"Carthage",199885
"31XX LINWOOD AV",39.129131,-84.430875,"18-25","N/A","N/A","01/26/2018 11:05:00 PM +0000","04 - Y-INTERSECTION","2 - INJURY",2,"01/26/2018 11:06:00 PM +0000","FRI","M - MALE","3 - NON-INCAPACITATING","CA4D32C3-BD40-4066-8417-B19550B55CF2","4 - DARK - LIGHTED ROADWAY","185001375","1 - NOT COLLISION BETWEEN TWO MOTOR VEHICLES IN TRANSPORT","01 - DRY","1 - STRAIGHT LEVEL","2 - BLACKTOP, BITUMINOUS, ASPHALT","N/A","P - PEDESTRIAN","1 - CLEAR","45208",3,0.304,0.153982416427757,280036,39.1299496537652,-84.4308281939978,"Mt. Lookout",274623
"40XX GLENWAY AV",39.115053,-84.582413,"51-60","N/A","N/A","08/26/2016 06:23:00 PM +0000","03 - T-INTERSECTION","2 - INJURY",2,"08/26/2016 06:26:00 PM +0000","FRI","M - MALE","3 - NON-INCAPACITATING","71C548A5-27EB-4856-A0DE-DA4C2B2D4FB2","1 - DAYLIGHT","165013771","1 - NOT COLLISION BETWEEN TWO MOTOR VEHICLES IN TRANSPORT","02 - WET","1 - STRAIGHT LEVEL","2 - BLACKTOP, BITUMINOUS, ASPHALT","N/A","P - PEDESTRIAN","2 - CLOUDY","45205",3,0.304,0.123928951582745,950029,39.1142434676508,-84.5821954235466,"West Price HIll",275981
"54XX HAMILTON AV",39.189676,-84.546575,"31-40","N/A","N/A","12/16/2016 06:40:00 PM +0000","02 - FOUR-WAY INTERSECTION","2 - INJURY",2,"12/16/2016 06:40:00 PM +0000","FRI","F - FEMALE","2 - POSSIBLE","E5B675F6-A756-4D14-B662-4B6E07E3FBF5","4 - DARK - LIGHTED ROADWAY","165020977","1 - NOT COLLISION BETWEEN TWO MOTOR VEHICLES IN TRANSPORT","01 - DRY","1 - STRAIGHT LEVEL","2 - BLACKTOP, BITUMINOUS, ASPHALT","N/A","P - PEDESTRIAN","1 - CLEAR","45224",2,1.103,0.115812698268612,790063,39.1907508627532,-84.5460480149762,"College Hill",200100
"76XX PRODUCTION DR",39.199627,-84.455778,"31-40","ROSELAWN","ROSELAWN","10/23/2013 02:00:00 PM +0000","01 - NOT AN INTERSECTION","2 - INJURY",2,"10/23/2013 02:00:00 PM +0000","WED","M - MALE","4 - INCAPACITATING","AEED5469-CAAC-4A0C-8A47-8B6040A38AA5","1 - DAYLIGHT","135011453","1 - NOT COLLISION BETWEEN TWO MOTOR VEHICLES IN TRANSPORT","01 - DRY","1 - STRAIGHT LEVEL","2 - BLACKTOP, BITUMINOUS, ASPHALT","ROSELAWN","P - PEDESTRIAN","1 - CLEAR","45237",4,0.141,0.166298199324321,390067,39.1997203289354,-84.455679510533,"Roselawn",203265
"11XX TOWNE ST",39.184677,-84.480822,"UNDER 18","BOND HILL","BONDHILL","12/18/2015 05:10:00 PM +0000","03 - T-INTERSECTION","2 - INJURY",2,"12/18/2015 05:30:00 PM +0000","FRI","F - FEMALE","3 - NON-INCAPACITATING","3AD0634A-1932-43A0-9380-EA664F051BFF","1 - DAYLIGHT","155018498","1 - NOT COLLISION BETWEEN TWO MOTOR VEHICLES IN TRANSPORT","01 - DRY","2 - STRAIGHT GRADE","2 - BLACKTOP, BITUMINOUS, ASPHALT","BOND HILL","P - PEDESTRIAN","1 - CLEAR","45216",3,0.304,0.171897108613004,500060,39.1839856746592,-84.4805308401308,"Bond Hill",199607
"18XX CENTRAL PY",39.117715,-84.522971,"31-40","N/A","N/A","07/04/2016 12:49:00 PM +0000","01 - NOT AN INTERSECTION","2 - INJURY",2,"07/04/2016 12:49:00 PM +0000","MON","F - FEMALE","3 - NON-INCAPACITATING","A0BDAAF4-D5B8-4237-83AF-F804E1076DB9","1 - DAYLIGHT","165010459","1 - NOT COLLISION BETWEEN TWO MOTOR VEHICLES IN TRANSPORT","02 - WET","2 - STRAIGHT GRADE","2 - BLACKTOP, BITUMINOUS, ASPHALT","N/A","P - PEDESTRIAN","2 - CLOUDY","45214",3,0.304,0.118957669819715,690031,39.1187497071708,-84.5234558830214,"Over-The-Rhine",202750
"12XX HERSCHEL WOODS LN",39.130454,-84.421081,"31-40","N/A","N/A","04/18/2018 09:31:08 AM +0000","01 - NOT AN INTERSECTION","2 - INJURY",2,"04/18/2018 10:02:34 AM +0000","WED","M - MALE","4 - INCAPACITATING","E924CDFD-4D08-4AF7-BE7F-F8A62A5FCAD7","1 - DAYLIGHT","185005376","1 - NOT COLLISION BETWEEN TWO MOTOR VEHICLES IN TRANSPORT","01 - DRY","2 - STRAIGHT GRADE","2 - BLACKTOP, BITUMINOUS, ASPHALT","N/A","P - PEDESTRIAN","1 - CLEAR","45208",4,0.141,0.112291833872717,240036,39.129940844671,-84.4217913553968,"Mt. Lookout",274623
"35XX READING RD",39.146563,-84.488193,"UNDER 18","N/A","N/A","02/10/2016 08:14:00 AM +0000","02 - FOUR-WAY INTERSECTION","2 - INJURY",2,"02/10/2016 08:14:00 AM +0000","WED","F - FEMALE","3 - NON-INCAPACITATING","CF03FFB6-AD8C-4D5D-BA32-8B3AF6BBF1BB","1 - DAYLIGHT","165002011","1 - NOT COLLISION BETWEEN TWO MOTOR VEHICLES IN TRANSPORT","02 - WET","1 - STRAIGHT LEVEL","2 - BLACKTOP, BITUMINOUS, ASPHALT","N/A","P - PEDESTRIAN","6 - SNOW","45229",3,0.304,0.120146160367375,530043,39.1457389152205,-84.4873084772951,"Avondale",199345
"33XX QUEEN CITY AV",39.14015,-84.610039,"31-40","N/A","N/A","02/21/2015 02:19:00 PM +0000","01 - NOT AN INTERSECTION","2 - INJURY",2,"02/21/2015 02:20:00 PM +0000","SAT","F - FEMALE","2 - POSSIBLE","DD480A39-027E-4E47-A403-641ABCFEAA69","1 - DAYLIGHT","155002400","1 - NOT COLLISION BETWEEN TWO MOTOR VEHICLES IN TRANSPORT","03 - SNOW","4 - CURVE GRADE","2 - BLACKTOP, BITUMINOUS, ASPHALT","N/A","P - PEDESTRIAN","6 - SNOW","45238",2,1.103,0.188355018450659,1070041,39.1412306686491,-84.6093059719529,"Westwood",204284
"8XX POPLAR ST",39.113951,-84.5281,"41-50","WEST END","WEST  END","05/15/2014 01:00:00 PM +0000","02 - FOUR-WAY INTERSECTION","3 - PROPERTY DAMAGE ONLY (PDO)",3,"05/15/2014 02:50:00 PM +0000","THU","F - FEMALE","1 - NO INJURY / NONE REPORTED","859B115C-179B-4DCF-A386-7B6C588DFAC1","1 - DAYLIGHT","145003726","1 - NOT COLLISION BETWEEN TWO MOTOR VEHICLES IN TRANSPORT","01 - DRY","1 - STRAIGHT LEVEL","1 - CONCRETE","WEST END","P - PEDESTRIAN","2 - CLOUDY","45214",1,10.082,0.122985652588636,710029,39.1142502699477,-84.5279743093449,"West End",276647
"66XX BANTRY AV",39.186574,-84.418236,"51-60","N/A","N/A","12/22/2016 06:08:00 PM +0000","03 - T-INTERSECTION","2 - INJURY",2,"12/22/2016 06:08:00 PM +0000","THU","F - FEMALE","2 - POSSIBLE","73600359-E40F-4FEE-B829-4FA9660871AB","5 - DARK – ROADWAY NOT LIGHTIED","165021403","1 - NOT COLLISION BETWEEN TWO MOTOR VEHICLES IN TRANSPORT","01 - DRY","1 - STRAIGHT LEVEL","2 - BLACKTOP, BITUMINOUS, ASPHALT","N/A","P - PEDESTRIAN","2 - CLOUDY","45213",2,1.103,0.176641967245062,220061,39.1861862033143,-84.4172729367582,"Kennedy Heights",201559
"16XX QUEEN CITY AV",39.125876,-84.552571,"26-30","SOUTH FAIRMOUNT","SOUTH  FAIRMOUNT","03/15/2015 09:00:27 PM +0000","03 - T-INTERSECTION","2 - INJURY",2,"03/15/2015 09:12:17 PM +0000","SUN","F - FEMALE","2 - POSSIBLE","DF98FDB1-D4ED-4C71-B13F-68EE5349CE1B","4 - DARK - LIGHTED ROADWAY","155003654","1 - NOT COLLISION BETWEEN TWO MOTOR VEHICLES IN TRANSPORT","01 - DRY","1 - STRAIGHT LEVEL","2 - BLACKTOP, BITUMINOUS, ASPHALT","SOUTH FAIRMOUNT","P - PEDESTRIAN","1 - CLEAR","45214",2,1.103,0.103737782576187,820034,39.1255002801877,-84.5528256545867,"South Fairmount",203599
"32XX HARRISON",39.153053,-84.604661,"OVER 70","WESTWOOD","WESTWOOD","05/21/2014 11:20:00 AM +0000","01 - NOT AN INTERSECTION","2 - INJURY",2,"05/21/2014 11:25:00 AM +0000","WED","M - MALE","3 - NON-INCAPACITATING","A6B12875-0707-425F-90C9-5614023264BF","1 - DAYLIGHT","145003882","1 - NOT COLLISION BETWEEN TWO MOTOR VEHICLES IN TRANSPORT","01 - DRY","2 - STRAIGHT GRADE","2 - BLACKTOP, BITUMINOUS, ASPHALT","WESTWOOD","P - PEDESTRIAN","1 - CLEAR","45211",3,0.304,0.10523096427005,1050046,39.1524832506227,-84.6047875479724,"Westwood",204284
"42XX RIDGE AV",39.153036,-84.422956,"OVER 70","N/A","N/A","03/10/2014 03:35:00 PM +0000","02 - FOUR-WAY INTERSECTION","2 - INJURY",2,"03/10/2014 03:35:00 PM +0000","MON","M - MALE","4 - INCAPACITATING","99D73B0E-C5DB-40AB-B6D1-5C84C2EF64C8","1 - DAYLIGHT","145001944","1 - NOT COLLISION BETWEEN TWO MOTOR VEHICLES IN TRANSPORT","01 - DRY","1 - STRAIGHT LEVEL","2 - BLACKTOP, BITUMINOUS, ASPHALT","N/A","P - PEDESTRIAN","1 - CLEAR","45209",4,0.141,0.144453232372096,250046,39.1524431234548,-84.4240505647468,"Oakley",202657
"29XX MONTANA",39.149178,-84.597156,"UNDER 18","WESTWOOD","WESTWOOD","05/21/2014 07:50:00 AM +0000","02 - FOUR-WAY INTERSECTION","2 - INJURY",2,"05/21/2014 10:13:00 AM +0000","WED","F - FEMALE","3 - NON-INCAPACITATING","0F8C43D1-33B5-43D6-8237-99AC47BCC2B8","1 - DAYLIGHT","145003880","1 - NOT COLLISION BETWEEN TWO MOTOR VEHICLES IN TRANSPORT","01 - DRY","1 - STRAIGHT LEVEL","2 - BLACKTOP, BITUMINOUS, ASPHALT","WESTWOOD","P - PEDESTRIAN","1 - CLEAR","45211",3,0.304,0.0940323825213576,1020045,39.1502367817438,-84.5980099113666,"Westwood",204284
"67XX MONTGOMERY",39.186806,-84.417815,"51-60","N/A","N/A","01/03/2013 07:02:00 PM +0000","01 - NOT AN INTERSECTION","2 - INJURY",2,"01/03/2013 07:03:00 PM +0000","THU","M - MALE","3 - NON-INCAPACITATING","B539D874-736F-4D48-A2AB-4E48103E5960","4 - DARK - LIGHTED ROADWAY","135000089","1 - NOT COLLISION BETWEEN TWO MOTOR VEHICLES IN TRANSPORT","01 - DRY","1 - STRAIGHT LEVEL","2 - BLACKTOP, BITUMINOUS, ASPHALT","N/A","P - PEDESTRIAN","1 - CLEAR","45236",3,0.304,0.176641967245062,220061,39.1861862033143,-84.4172729367582,"Kennedy Heights",201559
"16XX RUTH",39.13876,-84.475585,"41-50","EVANSTON","EVANSTON","01/09/2013 09:15:00 PM +0000","02 - FOUR-WAY INTERSECTION","2 - INJURY",2,"01/09/2013 09:38:00 PM +0000","WED","F - FEMALE","3 - NON-INCAPACITATING","7077FD30-09F0-49D8-8E62-EB4E8B1D5CD4","4 - DARK - LIGHTED ROADWAY","135000322","1 - NOT COLLISION BETWEEN TWO MOTOR VEHICLES IN TRANSPORT","01 - DRY","1 - STRAIGHT LEVEL","1 - CONCRETE","EVANSTON","P - PEDESTRIAN","1 - CLEAR","45207",3,0.304,0.166042223580147,480040,39.1389832400613,-84.476012415957,"Evanston",200632