"address_x","lat","long","age","community_council_neighborhood","cpd_neighborhood","crashdate","crashlocation","crashseverity","crashseverityid","datecrashreported","dayofweek","gender","injuries","instanceid","lightconditionsprimary","localreportno","mannerofcrash","roadconditionsprimary","roadcontour","roadsurface","sna_neighborhood","typeofperson","weather","zip","injury_type_num","cost","dist","cell_id","lat_cell","long_cell","hood","hood_id"
"1XX WILLIAM HOWARD TAFT RD",39.127808,-84.508161,"UNDER 18","N/A","N/A","03/14/2018 04:50:00 PM +0000","02 - FOUR-WAY INTERSECTION","2 - INJURY",2,"03/14/2018 05:00:00 PM +0000","WED","F - FEMALE","2 - POSSIBLE","1D4E147C-6171-4CF4-9DA3-79F18E3B1245","1 - DAYLIGHT","185003643","1 - NOT COLLISION BETWEEN TWO MOTOR VEHICLES IN TRANSPORT","01 - DRY","1 - STRAIGHT LEVEL","2 - BLACKTOP, BITUMINOUS, ASPHALT","N/A","P - PEDESTRIAN","1 - CLEAR","45219",2,1.103,0.216213906420367,620035,39.1277463574527,-84.5076413916964,"Corryville",200172
"15XX CHASE AV",39.163639,-84.539826,"41-50","N/A","N/A","10/30/2014 10:30:00 AM +0000","02 - FOUR-WAY INTERSECTION","2 - INJURY",2,"10/30/2014 10:30:00 AM +0000","THU","M - MALE","2 - POSSIBLE","280B7770-D278-43FA-BBA0-F727B82F49E1","1 - DAYLIGHT","145010909","1 - NOT COLLISION BETWEEN TWO MOTOR VEHICLES IN TRANSPORT","01 - DRY","1 - STRAIGHT LEVEL","2 - BLACKTOP, BITUMINOUS, ASPHALT","N/A","P - PEDESTRIAN","1 - CLEAR","45223",2,1.103,0.141331827100357,760051,39.1637509691681,-84.5392703753223,"Northside",274791
"21XX FERGUSON RD",39.124641,-84.601331,"UNDER 18","WEST PRICE HILL","WEST PRICE HILL","01/09/2018 07:40:00 AM +0000","03 - T-INTERSECTION","2 - INJURY",2,"01/24/2018 11:00:00 AM +0000","TUE","M - MALE","2 - POSSIBLE","1533EF38-C23C-4F17-8A10-B3FDD23818F6","4 - DARK - LIGHTED ROADWAY","185001241","1 - NOT COLLISION BETWEEN TWO MOTOR VEHICLES IN TRANSPORT","01 - DRY","1 - STRAIGHT LEVEL","2 - BLACKTOP, BITUMINOUS, ASPHALT","WEST PRICE HILL","P - PEDESTRIAN","1 - CLEAR","45238",2,1.103,0.20034607017704,1030034,39.1254856278955,-84.6002691235914,"West Price HIll",275981
"12XX MAIN ST",39.109592,-84.511254,"51-60","N/A","N/A","10/24/2017 06:30:00 PM +0000","03 - T-INTERSECTION","2 - INJURY",2,"10/24/2017 06:30:00 PM +0000","TUE","F - FEMALE","3 - NON-INCAPACITATING","9A22649D-48AF-4BB5-997A-231DBEBAAABF","1 - DAYLIGHT","175016240","1 - NOT COLLISION BETWEEN TWO MOTOR VEHICLES IN TRANSPORT","01 - DRY","1 - STRAIGHT LEVEL","2 - BLACKTOP, BITUMINOUS, ASPHALT","N/A","P - PEDESTRIAN","1 - CLEAR","45202",3,0.304,0.100690357949897,640027,39.1097475188569,-84.5121598176614,"Over-The-Rhine",202750
"N I75 AT 4-0 MM",39.145471,-84.537006,"UNKNOWN","N/A","N/A","02/01/2014 07:30:00 AM +0000","01 - NOT AN INTERSECTION","2 - INJURY",2,"02/01/2014 07:30:00 AM +0000","SAT","","1 - NO INJURY / NONE REPORTED","D8D69802-0956-402A-9DBC-E8E0AAB0BB93","1 - DAYLIGHT","145000931","2 - REAR-END","01 - DRY","1 - STRAIGHT LEVEL","2 - BLACKTOP, BITUMINOUS, ASPHALT","N/A","P - PEDESTRIAN","2 - CLOUDY","",1,10.082,0.131695209710082,750043,39.1457509091775,-84.5370111621149,"Camp Washington",199841
"9XX MAIN ST",39.104876,-84.510945,"41-50","N/A","N/A","10/12/2016 10:00:00 AM +0000","02 - FOUR-WAY INTERSECTION","2 - INJURY",2,"10/12/2016 11:19:00 AM +0000","WED","F - FEMALE","2 - POSSIBLE","61ADACEC-73EC-42AA-89B2-D69D7639E6BC","1 - DAYLIGHT","165016767","1 - NOT COLLISION BETWEEN TWO MOTOR VEHICLES IN TRANSPORT","01 - DRY","1 - STRAIGHT LEVEL","2 - BLACKTOP, BITUMINOUS, ASPHALT","N/A","P - PEDESTRIAN","1 - CLEAR","45202",2,1.103,0.212349218642573,630025,39.1052469480212,-84.50990060469,"Central Business District",273189
"48XX READING RD",39.174955,-84.467046,"OVER 70","BOND HILL","BONDHILL","05/08/2017 08:40:00 AM +0000","02 - FOUR-WAY INTERSECTION","2 - INJURY",2,"05/08/2017 08:47:00 AM +0000","MON","F - FEMALE","4 - INCAPACITATING","0217230F-61B4-4864-8E52-584B5747A36C","1 - DAYLIGHT","175006812","1 - NOT COLLISION BETWEEN TWO MOTOR VEHICLES IN TRANSPORT","01 - DRY","1 - STRAIGHT LEVEL","2 - BLACKTOP, BITUMINOUS, ASPHALT","BOND HILL","P - PEDESTRIAN","1 - CLEAR","45237",4,0.141,0.211524356113764,440056,39.1749779461206,-84.4669755681551,"Bond Hill",199607
"3XX MAIN ST",39.115782,-84.512851,"31-40","N/A","N/A","01/05/2017 07:36:00 AM +0000","02 - FOUR-WAY INTERSECTION","2 - INJURY",2,"01/05/2017 07:37:00 AM +0000","THU","M - MALE","4 - INCAPACITATING","234F8F98-9249-47A6-8384-5ACA1E759056","4 - DARK - LIGHTED ROADWAY","175000227","1 - NOT COLLISION BETWEEN TWO MOTOR VEHICLES IN TRANSPORT","02 - WET","1 - STRAIGHT LEVEL","2 - BLACKTOP, BITUMINOUS, ASPHALT","N/A","P - PEDESTRIAN","6 - SNOW","45202",4,0.141,0.140563864786208,640030,39.1164975248741,-84.5121598176476,"Mt. Auburn",274621
"18XX BALTIMORE AV",39.136385,-84.559708,"UNDER 18","N/A","N/A","06/09/2017 09:25:00 PM +0000","01 - NOT AN INTERSECTION","2 - INJURY",2,"06/09/2017 09:28:00 PM +0000","FRI","M - MALE","3 - NON-INCAPACITATING","87B6CB0E-753B-4367-ABD4-B051BFD75AE0","4 - DARK - LIGHTED ROADWAY","175008669","1 - NOT COLLISION BETWEEN TWO MOTOR VEHICLES IN TRANSPORT","01 - DRY","1 - STRAIGHT LEVEL","3 - BRICK/BLOCK","N/A","P - PEDESTRIAN","1 - CLEAR","45225",3,0.304,0.103431223779426,850039,39.1367493745669,-84.5596032940393,"North Fairmount",274707
"12XX GROESBECK RD",39.192203,-84.569918,"UNDER 18","MOUNT AIRY","MOUNT AIRY","02/03/2015 04:25:00 PM +0000","01 - NOT AN INTERSECTION","2 - INJURY",2,"02/03/2015 04:28:00 PM +0000","TUE","M - MALE","2 - POSSIBLE","757F6CF4-A1B3-4BBA-B126-E6E29575ADEB","1 - DAYLIGHT","155001510","1 - NOT COLLISION BETWEEN TWO MOTOR VEHICLES IN TRANSPORT","01 - DRY","1 - STRAIGHT LEVEL","2 - BLACKTOP, BITUMINOUS, ASPHALT","MT. AIRY","P - PEDESTRIAN","1 - CLEAR","45224",2,1.103,0.130897352814135,900064,39.1929970254088,-84.5708993593294,"Mt. Airy",274620
"40XX W LIBERTY ST",39.12918,-84.56398,"UNDER 18","N/A","N/A","05/07/2014 04:00:00 PM +0000","02 - FOUR-WAY INTERSECTION","2 - INJURY",2,"05/07/2014 04:44:03 PM +0000","WED","M - MALE","3 - NON-INCAPACITATING","D48DAEAC-65C9-4DB3-A2C9-B8E616E976BA","1 - DAYLIGHT","145003474","1 - NOT COLLISION BETWEEN TWO MOTOR VEHICLES IN TRANSPORT","01 - DRY","2 - STRAIGHT GRADE","2 - BLACKTOP, BITUMINOUS, ASPHALT","N/A","P - PEDESTRIAN","1 - CLEAR","45205",3,0.304,0.203727193279191,870036,39.1299985399009,-84.5641217202231,"South Fairmount",203599
"24XX W NORTH BEND RD",39.126697,-84.55931,"UNDER 18","N/A","N/A","10/30/2014 07:44:00 AM +0000","03 - T-INTERSECTION","2 - INJURY",2,"10/30/2014 07:44:00 AM +0000","THU","F - FEMALE","4 - INCAPACITATING","CE60A711-1379-4BCF-A8D2-914E8811CE1D","2 - DAWN","145010897","1 - NOT COLLISION BETWEEN TWO MOTOR VEHICLES IN TRANSPORT","01 - DRY","2 - STRAIGHT GRADE","2 - BLACKTOP, BITUMINOUS, ASPHALT","N/A","P - PEDESTRIAN","2 - CLOUDY","45239",4,0.141,0.102060220060864,850035,39.1277493664501,-84.5596032940363,"South Fairmount",203599
"2XX CALHOUN ST",39.127923,-84.516666,"18-25","N/A","N/A","09/05/2016 11:41:00 PM +0000","03 - T-INTERSECTION","2 - INJURY",2,"09/05/2016 11:41:00 PM +0000","MON","M - MALE","3 - NON-INCAPACITATING","862FCB52-4D5C-4C3C-984E-64CA15D40885","4 - DARK - LIGHTED ROADWAY","165014413","1 - NOT COLLISION BETWEEN TWO MOTOR VEHICLES IN TRANSPORT","01 - DRY","1 - STRAIGHT LEVEL","2 - BLACKTOP, BITUMINOUS, ASPHALT","N/A","P - PEDESTRIAN","1 - CLEAR","45221",3,0.304,0.183945045028763,660035,39.1277485378878,-84.5166782436926,"CUF",273417
"47XX KENARD AV",39.164226,-84.514881,"OVER 70","N/A","N/A","03/09/2016 06:05:00 PM +0000","01 - NOT AN INTERSECTION","2 - INJURY",2,"03/09/2016 06:06:00 PM +0000","WED","M - MALE","2 - POSSIBLE","591D5B33-2598-447C-BC6B-197BE4755E19","1 - DAYLIGHT","165003585","1 - NOT COLLISION BETWEEN TWO MOTOR VEHICLES IN TRANSPORT","02 - WET","1 - STRAIGHT LEVEL","2 - BLACKTOP, BITUMINOUS, ASPHALT","N/A","P - PEDESTRIAN","4 - RAIN","45232",2,1.103,0.166872939753995,650051,39.1637480902448,-84.5144190305725,"Winton Place",204406
"7XX SYCAMORE ST",39.105505,-84.508701,"61-70","N/A","N/A","08/31/2017 01:22:00 PM +0000","02 - FOUR-WAY INTERSECTION","2 - INJURY",2,"08/31/2017 02:18:30 PM +0000","THU","F - FEMALE","2 - POSSIBLE","D7F13DC3-A7CC-46DB-8ED0-65AC509022FC","1 - DAYLIGHT","175013061","1 - NOT COLLISION BETWEEN TWO MOTOR VEHICLES IN TRANSPORT","01 - DRY","1 - STRAIGHT LEVEL","2 - BLACKTOP, BITUMINOUS, ASPHALT","N/A","P - PEDESTRIAN","1 - CLEAR","45202",2,1.103,0.131526262057346,620025,39.1052463375992,-84.5076413917472,"Central Business District",273189
"40XX W LIBERTY",39.11624,-84.579776,"UNDER 18","WEST PRICE HILL","WEST PRICE HILL","06/03/2013 02:48:00 PM +0000","01 - NOT AN INTERSECTION","2 - INJURY",2,"06/03/2013 02:50:00 PM +0000","MON","M - MALE","2 - POSSIBLE","396959C5-0E26-49E3-8148-4D2D903E627F","1 - DAYLIGHT","135006765","1 - NOT COLLISION BETWEEN TWO MOTOR VEHICLES IN TRANSPORT","01 - DRY","2 - STRAIGHT GRADE","2 - BLACKTOP, BITUMINOUS, ASPHALT","WEST PRICE HILL","P - PEDESTRIAN","1 - CLEAR","45205",2,1.103,0.189020663547735,940030,39.1164942544823,-84.5799362107847,"West Price HIll",275981
"50XX PADDOCK",39.178021,-84.478313,"UNDER 18","N/A","N/A","04/25/2014 07:15:00 AM +0000","02 - FOUR-WAY INTERSECTION","2 - INJURY",2,"04/25/2014 07:15:00 AM +0000","FRI","M - MALE","3 - NON-INCAPACITATING","22EF8D32-649C-44DF-A489-43D9C8C7A60A","1 - DAYLIGHT","145003135","1 - NOT COLLISION BETWEEN TWO MOTOR VEHICLES IN TRANSPORT","02 - WET","2 - STRAIGHT GRADE","2 - BLACKTOP, BITUMINOUS, ASPHALT","N/A","P - PEDESTRIAN","4 - RAIN","45237",3,0.304,0.192514181062791,490057,39.1772344914319,-84.4782716279501,"Bond Hill",199607
"31XX WERK RD",39.140635,-84.604641,"18-25","WESTWOOD","WESTWOOD","01/15/2017 04:51:00 PM +0000","01 - NOT AN INTERSECTION","2 - INJURY",2,"01/15/2017 04:51:00 PM +0000","SUN","F - FEMALE","4 - INCAPACITATING","FB7406E7-3C57-4570-AB80-06CC211D177D","1 - DAYLIGHT","175000772","1 - NOT COLLISION BETWEEN TWO MOTOR VEHICLES IN TRANSPORT","02 - WET","1 - STRAIGHT LEVEL","2 - BLACKTOP, BITUMINOUS, ASPHALT","WESTWOOD","P - PEDESTRIAN","4 - RAIN","45211",4,0.141,0.111761282389637,1050041,39.1412332418147,-84.6047875479478,"Westwood",204284
"28XX JEFFERSON AV",39.133345,-84.511399,"18-25","CORRYVILLE - HEIGHTS","CLIFTON/UNIVERSITY HEIGHTS","09/26/2014 05:50:00 PM +0000","02 - FOUR-WAY INTERSECTION","2 - INJURY",2,"09/26/2014 05:50:00 PM +0000","FRI","F - FEMALE","3 - NON-INCAPACITATING","454AC1EF-9ED9-41E7-8E32-85E29064E364","1 - DAYLIGHT","145009234","1 - NOT COLLISION BETWEEN TWO MOTOR VEHICLES IN TRANSPORT","01 - DRY","1 - STRAIGHT LEVEL","2 - BLACKTOP, BITUMINOUS, ASPHALT","CUF","P - PEDESTRIAN","1 - CLEAR","45221",3,0.304,0.184745731900249,640037,39.1322475388878,-84.5121598176153,"CUF",273417
"21XX HARRISON AV",39.133399,-84.569866,"UNDER 18","SOUTH FAIRMOUNT - WESTWOOD","SOUTH  FAIRMOUNT","10/09/2013 06:20:00 AM +0000","01 - NOT AN INTERSECTION","2 - INJURY",2,"10/09/2013 06:25:00 AM +0000","WED","M - MALE","2 - POSSIBLE","2DA6DFE0-44EB-409E-99C8-EAB5B1D5E181","4 - DARK - LIGHTED ROADWAY","135010941","1 - NOT COLLISION BETWEEN TWO MOTOR VEHICLES IN TRANSPORT","01 - DRY","1 - STRAIGHT LEVEL","2 - BLACKTOP, BITUMINOUS, ASPHALT","SOUTH FAIRMOUNT","P - PEDESTRIAN","1 - CLEAR","45211",2,1.103,0.0885435808409661,900038,39.134496973941,-84.5708993592786,"South Fairmount",203599
"17XX WESTERN AV",39.115063,-84.533983,"51-60","WEST END","WEST  END","09/25/2015 01:31:00 PM +0000","03 - T-INTERSECTION","2 - INJURY",2,"09/25/2015 01:33:00 PM +0000","FRI","F - FEMALE","2 - POSSIBLE","A12F3015-3334-4227-998C-1A800F497FA7","1 - DAYLIGHT","155013805","1 - NOT COLLISION BETWEEN TWO MOTOR VEHICLES IN TRANSPORT","01 - DRY","3 - CURVE LEVEL","2 - BLACKTOP, BITUMINOUS, ASPHALT","QUEENSGATE","P - PEDESTRIAN","2 - CLOUDY","45214",2,1.103,0.16149486063228,740029,39.1142507932005,-84.5347519489284,"West End",276647
"6XX STRAND LN",39.188063,-84.512561,"UNDER 18","WINTON HILLS","WINTON HILLS","12/09/2014 02:45:24 PM +0000","01 - NOT AN INTERSECTION","2 - INJURY",2,"12/09/2014 02:47:43 PM +0000","TUE","M - MALE","2 - POSSIBLE","31EE6FD5-D6DE-42DD-BCBA-D27A25507583","1 - DAYLIGHT","145012880","1 - NOT COLLISION BETWEEN TWO MOTOR VEHICLES IN TRANSPORT","01 - DRY","1 - STRAIGHT LEVEL","2 - BLACKTOP, BITUMINOUS, ASPHALT","WINTON HILLS","P - PEDESTRIAN","2 - CLOUDY","45232",2,1.103,0.105002859545786,640062,39.1884975886344,-84.5121598175,"Winton Hills",276110
"X W. SIXTH ST",39.103442,-84.513179,"18-25","N/A","N/A","05/28/2013 03:18:00 PM +0000","02 - FOUR-WAY INTERSECTION","2 - INJURY",2,"05/28/2013 03:18:00 PM +0000","TUE","F - FEMALE","3 - NON-INCAPACITATING","D3652ABB-2D09-4373-B9C2-FDB92BF257ED","1 - DAYLIGHT","135006471","1 - NOT COLLISION BETWEEN TWO MOTOR VEHICLES IN TRANSPORT","01 - DRY","1 - STRAIGHT LEVEL","2 - BLACKTOP, BITUMINOUS, ASPHALT","N/A","P - PEDESTRIAN","1 - CLEAR","45202",3,0.304,0.120445558999439,640024,39.1029975128329,-84.5121598176752,"Central Business District",273189
"36XX BOUDINOT AV",39.155502,-84.602643,"UNKNOWN","N/A","N/A","08/30/2016 12:05:00 PM +0000","01 - NOT AN INTERSECTION","2 - INJURY",2,"08/30/2016 12:10:00 PM +0000","TUE","","2 - POSSIBLE","48C9E0BA-CCEC-4B11-88BE-930111B4AB7B","1 - DAYLIGHT","165014005","1 - NOT COLLISION BETWEEN TWO MOTOR VEHICLES IN TRANSPORT","01 - DRY","1 - STRAIGHT LEVEL","2 - BLACKTOP, BITUMINOUS, ASPHALT","N/A","P - PEDESTRIAN","1 - CLEAR","45211",2,1.103,0.127181482983904,1040047,39.1547344736649,-84.6025283358528,"Westwood",204284
"51XX GLENWAY AV",39.123506,-84.602441,"UNDER 18","WEST PRICE HILL","WEST PRICE HILL","02/16/2017 02:38:00 PM +0000","01 - NOT AN INTERSECTION","2 - INJURY",2,"02/16/2017 02:39:00 PM +0000","THU","F - FEMALE","3 - NON-INCAPACITATING","E8D7FED1-975D-42D0-AD76-B6CC07D3571A","1 - DAYLIGHT","175002312","1 - NOT COLLISION BETWEEN TWO MOTOR VEHICLES IN TRANSPORT","01 - DRY","1 - STRAIGHT LEVEL","2 - BLACKTOP, BITUMINOUS, ASPHALT","WEST PRICE HILL","P - PEDESTRIAN","1 - CLEAR","45238",3,0.304,0.184005042253514,1040033,39.1232344486913,-84.6025283357861,"West Price HIll",275981
"10XX WALNUT ST",39.107156,-84.512523,"18-25","N/A","N/A","06/15/2017 10:51:00 AM +0000","02 - FOUR-WAY INTERSECTION","2 - INJURY",2,"06/15/2017 10:51:00 AM +0000","THU","M - MALE","2 - POSSIBLE","542E172D-58DF-4820-A720-D341451BF5C7","1 - DAYLIGHT","175008980","1 - NOT COLLISION BETWEEN TWO MOTOR VEHICLES IN TRANSPORT","01 - DRY","1 - STRAIGHT LEVEL","2 - BLACKTOP, BITUMINOUS, ASPHALT","N/A","P - PEDESTRIAN","2 - CLOUDY","45202",2,1.103,0.12834321608616,640026,39.1074975168496,-84.512159817666,"Over-The-Rhine",202750
"70XX FAIRPARK AV",39.193507,-84.482874,"31-40","N/A","N/A","01/11/2013 08:38:00 PM +0000","02 - FOUR-WAY INTERSECTION","2 - INJURY",2,"01/11/2013 08:38:00 PM +0000","FRI","M - MALE","3 - NON-INCAPACITATING","E1A8DC61-78F6-4633-BAE8-4F46B12FF556","4 - DARK - LIGHTED ROADWAY","135000432","1 - NOT COLLISION BETWEEN TWO MOTOR VEHICLES IN TRANSPORT","01 - DRY","1 - STRAIGHT LEVEL","1 - CONCRETE","N/A","P - PEDESTRIAN","1 - CLEAR","45216",3,0.304,0.105214476892917,510064,39.1929868161713,-84.4827900523795,"Carthage",199885
"62XX BANNING RD",39.201331,-84.564261,"31-40","N/A","N/A","12/22/2017 11:11:00 PM +0000","02 - FOUR-WAY INTERSECTION","2 - INJURY",2,"12/22/2017 11:11:00 PM +0000","FRI","M - MALE","3 - NON-INCAPACITATING","84A3A429-A4C5-47E3-A258-DBA7CB0A8C02","4 - DARK - LIGHTED ROADWAY","175019495","1 - NOT COLLISION BETWEEN TWO MOTOR VEHICLES IN TRANSPORT","02 - WET","2 - STRAIGHT GRADE","2 - BLACKTOP, BITUMINOUS, ASPHALT","N/A","P - PEDESTRIAN","4 - RAIN","45239",3,0.304,0.205537782133158,870068,39.2019986040368,-84.5641217202624,"Mt. Airy",274620
"83XX VINE ST",39.212683,-84.473345,"UNDER 18","N/A","N/A","05/02/2014 02:10:00 PM +0000","02 - FOUR-WAY INTERSECTION","2 - INJURY",2,"05/02/2014 02:15:12 PM +0000","FRI","M - MALE","2 - POSSIBLE","246C799C-2A89-4D0E-98C8-3148579559AF","1 - DAYLIGHT","145003330","1 - NOT COLLISION BETWEEN TWO MOTOR VEHICLES IN TRANSPORT","01 - DRY","1 - STRAIGHT LEVEL","2 - BLACKTOP, BITUMINOUS, ASPHALT","N/A","P - PEDESTRIAN","2 - CLOUDY","45216",2,1.103,0.0971851686109533,470073,39.2132320324759,-84.4737532036504,"Hartwell",201193
"5XX MAIN ST",39.101496,-84.509631,"51-60","N/A","N/A","10/12/2017 06:35:00 PM +0000","02 - FOUR-WAY INTERSECTION","2 - INJURY",2,"11/21/2017 03:00:00 PM +0000","THU","F - FEMALE","4 - INCAPACITATING","7C454895-BFF1-428F-81D0-21287512F3F0","3 - DUSK","175015506","1 - NOT COLLISION BETWEEN TWO MOTOR VEHICLES IN TRANSPORT","01 - DRY","1 - STRAIGHT LEVEL","2 - BLACKTOP, BITUMINOUS, ASPHALT","N/A","P - PEDESTRIAN","2 - CLOUDY","45202",4,0.141,0.218666160415596,630023,39.1007469440215,-84.5099006046997,"Central Business District",273189
"28XX CLIFTON AV",39.134116,-84.519921,"26-30","N/A","N/A","08/07/2017 08:22:00 PM +0000","03 - T-INTERSECTION","2 - INJURY",2,"08/07/2017 08:25:00 PM +0000","MON","M - MALE","3 - NON-INCAPACITATING","44F96145-5C67-48C2-9648-997D2B1ED101","1 - DAYLIGHT","175011860","1 - NOT COLLISION BETWEEN TWO MOTOR VEHICLES IN TRANSPORT","01 - DRY","1 - STRAIGHT LEVEL","1 - CONCRETE","N/A","P - PEDESTRIAN","1 - CLEAR","45221",3,0.304,0.101414182721468,670038,39.1344989800444,-84.5189374567604,"CUF",273417
"4XX E 4TH ST",39.100594,-84.505315,"18-25","N/A","N/A","10/22/2015 07:35:00 AM +0000","03 - T-INTERSECTION","2 - INJURY",2,"10/22/2015 07:37:00 AM +0000","THU","F - FEMALE","3 - NON-INCAPACITATING","021FF0FD-032E-4583-BC05-0BCF18A03720","2 - DAWN","155015272","1 - NOT COLLISION BETWEEN TWO MOTOR VEHICLES IN TRANSPORT","01 - DRY","1 - STRAIGHT LEVEL","2 - BLACKTOP, BITUMINOUS, ASPHALT","N/A","P - PEDESTRIAN","1 - CLEAR","45202",3,0.304,0.101899627084652,610023,39.1007456796175,-84.5053821788555,"Central Business District",273189
"21XX FERGUSON",39.124334,-84.600032,"UNDER 18","N/A","N/A","12/20/2012 07:28:00 AM +0000","10 - DRIVEWAY/ALLEY ACCESS","2 - INJURY",2,"12/20/2012 07:40:00 AM +0000","THU","F - FEMALE","2 - POSSIBLE","330DE426-0E95-478C-B3DF-BEB02BC09C88","1 - DAYLIGHT","125000636","1 - NOT COLLISION BETWEEN TWO MOTOR VEHICLES IN TRANSPORT","02 - WET","1 - STRAIGHT LEVEL","2 - BLACKTOP, BITUMINOUS, ASPHALT","N/A","P - PEDESTRIAN","4 - RAIN","45238",2,1.103,0.112246244027341,1030033,39.1232356260881,-84.6002691235868,"West Price HIll",275981
"28XX WOODBURN AV",39.130773,-84.476521,"UNDER 18","N/A","N/A","10/26/2016 03:04:00 PM +0000","01 - NOT AN INTERSECTION","2 - INJURY",2,"10/26/2016 03:04:00 PM +0000","WED","F - FEMALE","3 - NON-INCAPACITATING","B0CD5A58-B1E0-4617-9EE0-9519B35113DE","1 - DAYLIGHT","165017708","1 - NOT COLLISION BETWEEN TWO MOTOR VEHICLES IN TRANSPORT","01 - DRY","1 - STRAIGHT LEVEL","1 - CONCRETE","N/A","P - PEDESTRIAN","1 - CLEAR","45206",3,0.304,0.267033822660469,480037,39.1322332347665,-84.4760124159804,"Evanston",200632
"48XX MARBURG AV",39.163365,-84.425931,"UNDER 18","N/A","N/A","10/24/2017 06:05:00 PM +0000","01 - NOT AN INTERSECTION","2 - INJURY",2,"10/24/2017 06:18:00 PM +0000","TUE","M - MALE","3 - NON-INCAPACITATING","DE0C18BA-E6C7-4D34-A35F-E8F4EB876462","1 - DAYLIGHT","175016239","1 - NOT COLLISION BETWEEN TWO MOTOR VEHICLES IN TRANSPORT","01 - DRY","1 - STRAIGHT LEVEL","1 - CONCRETE","N/A","P - PEDESTRIAN","1 - CLEAR","45209",3,0.304,0.116518098795341,260051,39.1636953536084,-84.426309774283,"Oakley",202657
"34XX MADISON RD",39.157364,-84.422282,"OVER 70","N/A","N/A","02/01/2017 01:20:00 PM +0000","03 - T-INTERSECTION","2 - INJURY",2,"02/01/2017 01:25:00 PM +0000","WED","F - FEMALE","2 - POSSIBLE","B44DB806-0005-4832-9A0F-520999DD5FE0","1 - DAYLIGHT","175001574","1 - NOT COLLISION BETWEEN TWO MOTOR VEHICLES IN TRANSPORT","01 - DRY","1 - STRAIGHT LEVEL","2 - BLACKTOP, BITUMINOUS, ASPHALT","N/A","P - PEDESTRIAN","2 - CLOUDY","45209",2,1.103,0.179050812983906,240048,39.1569408575384,-84.4217913552938,"Oakley",202657
"15XX QUEEN CITY AV",39.126804,-84.549441,"18-25","SOUTH FAIRMOUNT","SOUTH  FAIRMOUNT","04/01/2016 12:42:48 PM +0000","01 - NOT AN INTERSECTION","2 - INJURY",2,"04/01/2016 12:55:00 PM +0000","FRI","F - FEMALE","2 - POSSIBLE","E697C874-3124-4B49-87CD-B968C797D190","1 - DAYLIGHT","165004830","1 - NOT COLLISION BETWEEN TWO MOTOR VEHICLES IN TRANSPORT","01 - DRY","1 - STRAIGHT LEVEL","2 - BLACKTOP, BITUMINOUS, ASPHALT","SOUTH FAIRMOUNT","P - PEDESTRIAN","1 - CLEAR","45214",2,1.103,0.21560943366288,810035,39.1277505002775,-84.5505664414023,"South Fairmount",203599
"61XX ARGUS RD",39.200427,-84.535,"31-40","N/A","N/A","10/15/2013 07:30:00 AM +0000","03 - T-INTERSECTION","2 - INJURY",2,"10/15/2013 07:30:00 AM +0000","TUE","F - FEMALE","2 - POSSIBLE","64CB15D4-14A8-49E9-89BA-8BF3969A9E57","1 - DAYLIGHT","135011101","1 - NOT COLLISION BETWEEN TWO MOTOR VEHICLES IN TRANSPORT","01 - DRY","1 - STRAIGHT LEVEL","2 - BLACKTOP, BITUMINOUS, ASPHALT","N/A","P - PEDESTRIAN","1 - CLEAR","45224",2,1.103,0.081256019408168,740067,39.1997508708778,-84.5347519488487,"College Hill",200100
"8XX STATE AV",39.105285,-84.552931,"31-40","N/A","N/A","09/06/2017 08:16:00 AM +0000","02 - FOUR-WAY INTERSECTION","2 - INJURY",2,"09/06/2017 08:16:00 AM +0000","WED","F - FEMALE","3 - NON-INCAPACITATING","1352C294-882F-49F8-98E1-F34109DD1922","1 - DAYLIGHT","175013408","1 - NOT COLLISION BETWEEN TWO MOTOR VEHICLES IN TRANSPORT","01 - DRY","1 - STRAIGHT LEVEL","2 - BLACKTOP, BITUMINOUS, ASPHALT","N/A","P - PEDESTRIAN","2 - CLOUDY","45204",3,0.304,0.171523040282416,820025,39.1052502617382,-84.5528256545869,"Lower Price Hill",276431
"34XX GLENWAY",39.112858,-84.566109,"UNDER 18","N/A","N/A","02/10/2014 06:50:00 PM +0000","03 - T-INTERSECTION","2 - INJURY",2,"02/10/2014 06:52:00 PM +0000","MON","M - MALE","2 - POSSIBLE","352D83DE-3AC0-4FC9-9EB5-E6C10EBEA3D4","4 - DARK - LIGHTED ROADWAY","145001184","1 - NOT COLLISION BETWEEN TWO MOTOR VEHICLES IN TRANSPORT","01 - DRY","2 - STRAIGHT GRADE","2 - BLACKTOP, BITUMINOUS, ASPHALT","N/A","P - PEDESTRIAN","1 - CLEAR","45205",2,1.103,0.19164982368532,880028,39.1119980441038,-84.5663809332616,"East Price Hill",273561