"address_x","lat","long","age","community_council_neighborhood","cpd_neighborhood","crashdate","crashlocation","crashseverity","crashseverityid","datecrashreported","dayofweek","gender","injuries","instanceid","lightconditionsprimary","localreportno","mannerofcrash","roadconditionsprimary","roadcontour","roadsurface","sna_neighborhood","typeofperson","weather","zip","injury_type_num","cost","dist","cell_id","lat_cell","long_cell","hood","hood_id"
"2XX FAIRBANKS AV",39.091181,-84.573914,"UNDER 18","N/A","N/A","07/26/2016 05:40:00 PM +0000","01 - NOT AN INTERSECTION","2 - INJURY",2,"07/26/2016 05:44:00 PM +0000","TUE","M - MALE","3 - NON-INCAPACITATING","32F06119-AA3E-4A00-93B1-16F5868DC194","1 - DAYLIGHT","165011780","1 - NOT COLLISION BETWEEN TWO MOTOR VEHICLES IN TRANSPORT","01 - DRY","1 - STRAIGHT LEVEL","2 - BLACKTOP, BITUMINOUS, ASPHALT","N/A","P - PEDESTRIAN","1 - CLEAR","45204",3,0.304,0.0960099678072391,910019,39.0917463256461,-84.573158572183,"Sedamsville",203427
"5XX ELBERON",39.100044,-84.567532,"26-30","EAST PRICE HILL","EAST PRICE HILL","06/21/2014 07:07:00 PM +0000","02 - FOUR-WAY INTERSECTION","2 - INJURY",2,"06/21/2014 07:07:00 PM +0000","SAT","M - MALE","4 - INCAPACITATING","2CB99807-C2C1-484B-BDE9-90F897F64A70","1 - DAYLIGHT","145005057","1 - NOT COLLISION BETWEEN TWO MOTOR VEHICLES IN TRANSPORT","01 - DRY","2 - STRAIGHT GRADE","2 - BLACKTOP, BITUMINOUS, ASPHALT","EAST PRICE HILL","P - PEDESTRIAN","1 - CLEAR","45205",4,0.141,0.098572209819419,890023,39.1007475108189,-84.5686401462693,"East Price Hill",273561
"61XX CAMPUS LN",39.09149,-84.38644,"UNDER 18","N/A","N/A","12/23/2014 06:20:00 PM +0000","03 - T-INTERSECTION","2 - INJURY",2,"12/23/2014 06:22:00 PM +0000","TUE","M - MALE","3 - NON-INCAPACITATING","BBCE36D5-FF52-4A00-B496-E79ACA709742","4 - DARK - LIGHTED ROADWAY","145013579","1 - NOT COLLISION BETWEEN TWO MOTOR VEHICLES IN TRANSPORT","02 - WET","1 - STRAIGHT LEVEL","2 - BLACKTOP, BITUMINOUS, ASPHALT","N/A","P - PEDESTRIAN","4 - RAIN","45230",3,0.304,0.122227899389673,80019,39.0916486242381,-84.3856440263671,"Mt. Washington",274624
"29XX KLING AV",39.148035,-84.596806,"41-50","WESTWOOD","WESTWOOD","07/31/2018 11:28:00 AM +0000","03 - T-INTERSECTION","2 - INJURY",2,"07/31/2018 11:29:00 AM +0000","TUE","F - FEMALE","3 - NON-INCAPACITATING","1DF8F603-F8C3-4D5B-887E-757100E2193D","1 - DAYLIGHT","185010611","1 - NOT COLLISION BETWEEN TWO MOTOR VEHICLES IN TRANSPORT","01 - DRY","1 - STRAIGHT LEVEL","2 - BLACKTOP, BITUMINOUS, ASPHALT","WESTWOOD","P - PEDESTRIAN","2 - CLOUDY","45211",3,0.304,0.113290166021346,1010044,39.1479878703033,-84.5957506990155,"Westwood",204284
"39XX VINE ST",39.158214,-84.505795,"18-25","CLIFTON","CLIFTON","01/21/2015 06:50:00 AM +0000","03 - T-INTERSECTION","2 - INJURY",2,"01/21/2015 06:51:00 AM +0000","WED","F - FEMALE","4 - INCAPACITATING","302388F1-02C2-4319-87B0-5DADB40800C7","2 - DAWN","155000846","1 - NOT COLLISION BETWEEN TWO MOTOR VEHICLES IN TRANSPORT","01 - DRY","2 - STRAIGHT GRADE","2 - BLACKTOP, BITUMINOUS, ASPHALT","CLIFTON","P - PEDESTRIAN","1 - CLEAR","45217",4,0.141,0.180045276940354,610049,39.159245730842,-84.5053821787174,"Clifton",200052
"5XX FOREST AV",39.145873,-84.497255,"31-40","N/A","N/A","12/01/2013 07:54:00 PM +0000","02 - FOUR-WAY INTERSECTION","2 - INJURY",2,"12/01/2013 07:54:00 PM +0000","SUN","M - MALE","4 - INCAPACITATING","8CFF5417-7D3F-4443-B877-423CD0757209","4 - DARK - LIGHTED ROADWAY","135012459","1 - NOT COLLISION BETWEEN TWO MOTOR VEHICLES IN TRANSPORT","01 - DRY","1 - STRAIGHT LEVEL","2 - BLACKTOP, BITUMINOUS, ASPHALT","N/A","P - PEDESTRIAN","1 - CLEAR","45229",4,0.141,0.176240684423611,570043,39.1457426660581,-84.4963453275854,"Avondale",199345
"2XX E KING",39.135492,-84.498351,"31-40","N/A","N/A","12/05/2013 12:00:00 AM +0000","02 - FOUR-WAY INTERSECTION","2 - INJURY",2,"12/05/2013 07:01:00 PM +0000","THU","M - MALE","3 - NON-INCAPACITATING","74B2E363-2772-4512-A591-AC7F33D0F8F9","4 - DARK - LIGHTED ROADWAY","135012585","1 - NOT COLLISION BETWEEN TWO MOTOR VEHICLES IN TRANSPORT","02 - WET","1 - STRAIGHT LEVEL","2 - BLACKTOP, BITUMINOUS, ASPHALT","N/A","P - PEDESTRIAN","4 - RAIN","45229",3,0.304,0.179594807596472,580038,39.1344934850787,-84.4986045403314,"Avondale",199345
"13XX DELTA AV",39.135935,-84.42757,"UNDER 18","HYDE PARK","MT.  LOOKOUT","09/25/2013 04:26:33 PM +0000","02 - FOUR-WAY INTERSECTION","2 - INJURY",2,"09/25/2013 04:27:58 PM +0000","WED","M - MALE","2 - POSSIBLE","B6B3E95C-90B0-45EE-8F77-370C25FB09F7","1 - DAYLIGHT","135010489","1 - NOT COLLISION BETWEEN TWO MOTOR VEHICLES IN TRANSPORT","01 - DRY","1 - STRAIGHT LEVEL","2 - BLACKTOP, BITUMINOUS, ASPHALT","HYDE PARK","P - PEDESTRIAN","1 - CLEAR","45208",2,1.103,0.112577228215853,270039,39.1366975204545,-84.4285689841104,"Hyde Park",201414
"82XX VINE ST",39.211452,-84.473609,"UNDER 18","N/A","N/A","09/03/2016 06:56:41 PM +0000","10 - DRIVEWAY/ALLEY ACCESS","2 - INJURY",2,"09/03/2016 06:56:43 PM +0000","SAT","M - MALE","3 - NON-INCAPACITATING","0DC395E6-ED3B-408A-AAC0-7B076E1F2A54","1 - DAYLIGHT","165014302","1 - NOT COLLISION BETWEEN TWO MOTOR VEHICLES IN TRANSPORT","01 - DRY","1 - STRAIGHT LEVEL","2 - BLACKTOP, BITUMINOUS, ASPHALT","N/A","P - PEDESTRIAN","1 - CLEAR","45216",3,0.304,0.190920610668484,470072,39.210982030754,-84.4737532036584,"Hartwell",201193
"XX E MCMILLAN ST",39.127912,-84.507753,"UNDER 18","MOUNT AUBURN","MOUNT  AUBURN","06/05/2015 12:25:00 AM +0000","02 - FOUR-WAY INTERSECTION","2 - INJURY",2,"06/05/2015 12:35:00 AM +0000","FRI","M - MALE","3 - NON-INCAPACITATING","EBA85FC4-589D-4421-B825-7DCA1F6E1837","4 - DARK - LIGHTED ROADWAY","155007671","1 - NOT COLLISION BETWEEN TWO MOTOR VEHICLES IN TRANSPORT","01 - DRY","2 - STRAIGHT GRADE","2 - BLACKTOP, BITUMINOUS, ASPHALT","MT. AUBURN","P - PEDESTRIAN","1 - CLEAR","45219",3,0.304,0.216213906420367,620035,39.1277463574527,-84.5076413916964,"Corryville",200172
"29XX LINWOOD AV",39.134078,-84.434078,"18-25","N/A","N/A","04/03/2018 09:36:00 AM +0000","02 - FOUR-WAY INTERSECTION","2 - INJURY",2,"04/03/2018 09:36:00 AM +0000","TUE","M - MALE","3 - NON-INCAPACITATING","2A64D4BC-9647-4D07-8CFC-26DDB0DC98E3","1 - DAYLIGHT","185004571","1 - NOT COLLISION BETWEEN TWO MOTOR VEHICLES IN TRANSPORT","02 - WET","2 - STRAIGHT GRADE","2 - BLACKTOP, BITUMINOUS, ASPHALT","N/A","P - PEDESTRIAN","4 - RAIN","45208",3,0.304,0.166290724612762,290038,39.13445174952,-84.4330874039763,"Mt. Lookout",274623
"25XX VINE ST",39.128468,-84.511511,"41-50","N/A","N/A","12/23/2016 07:29:00 AM +0000","02 - FOUR-WAY INTERSECTION","2 - INJURY",2,"12/23/2016 07:29:00 AM +0000","FRI","F - FEMALE","3 - NON-INCAPACITATING","97F6BE02-6033-4B45-907C-AAFB488B2443","4 - DARK - LIGHTED ROADWAY","165021428","1 - NOT COLLISION BETWEEN TWO MOTOR VEHICLES IN TRANSPORT","01 - DRY","1 - STRAIGHT LEVEL","1 - CONCRETE","N/A","P - PEDESTRIAN","2 - CLOUDY","45219",3,0.304,0.102353645738888,640035,39.1277475348877,-84.5121598176245,"CUF",273417
"26XX VICTORY PY",39.127174,-84.483838,"41-50","WALNUT HILLS","WALNUT HILLS","05/01/2015 12:00:00 AM +0000","01 - NOT AN INTERSECTION","2 - INJURY",2,"05/01/2015 03:10:00 AM +0000","FRI","F - FEMALE","4 - INCAPACITATING","0D2FC52E-D600-45AB-BBC8-DA119155353A","4 - DARK - LIGHTED ROADWAY","155005958","1 - NOT COLLISION BETWEEN TWO MOTOR VEHICLES IN TRANSPORT","01 - DRY","1 - STRAIGHT LEVEL","2 - BLACKTOP, BITUMINOUS, ASPHALT","WALNUT HILLS","P - PEDESTRIAN","1 - CLEAR","45206",4,0.141,0.122138324994126,520035,39.1277378537555,-84.4850492649372,"Walnut Hills",204112
"36XX READING RD",39.149915,-84.48736,"26-30","N/A","N/A","11/02/2014 08:12:00 PM +0000","01 - NOT AN INTERSECTION","2 - INJURY",2,"11/02/2014 08:12:00 PM +0000","SUN","M - MALE","4 - INCAPACITATING","F8EA431D-7BB5-4D47-A7F8-8C082C077247","4 - DARK - LIGHTED ROADWAY","145011118","1 - NOT COLLISION BETWEEN TWO MOTOR VEHICLES IN TRANSPORT","01 - DRY","2 - STRAIGHT GRADE","2 - BLACKTOP, BITUMINOUS, ASPHALT","N/A","P - PEDESTRIAN","1 - CLEAR","45229",4,0.141,0.102477630064705,530045,39.1502389189275,-84.4873084772811,"North Avondale",274686
"33XX GLENMORE AV",39.148657,-84.612161,"UNDER 18","WESTWOOD","WESTWOOD","12/09/2015 07:28:14 PM +0000","01 - NOT AN INTERSECTION","2 - INJURY",2,"12/09/2015 07:31:23 PM +0000","WED","F - FEMALE","2 - POSSIBLE","A0980272-ABE1-4A1F-96FF-89EBCFAA9B06","4 - DARK - LIGHTED ROADWAY","155018024","1 - NOT COLLISION BETWEEN TWO MOTOR VEHICLES IN TRANSPORT","01 - DRY","1 - STRAIGHT LEVEL","2 - BLACKTOP, BITUMINOUS, ASPHALT","WESTWOOD","P - PEDESTRIAN","1 - CLEAR","45211",2,1.103,0.0913999062278739,1080044,39.1479793217419,-84.6115651838448,"Westwood",204284
"67XX MADISON",39.159046,-84.382583,"UNDER 18","N/A","N/A","07/04/2013 11:00:20 PM +0000","04 - Y-INTERSECTION","2 - INJURY",2,"07/04/2013 11:33:00 PM +0000","THU","M - MALE","3 - NON-INCAPACITATING","DA92CD13-5C12-4CBE-83D5-988D2707F211","4 - DARK - LIGHTED ROADWAY","135008159","1 - NOT COLLISION BETWEEN TWO MOTOR VEHICLES IN TRANSPORT","02 - WET","3 - CURVE LEVEL","2 - BLACKTOP, BITUMINOUS, ASPHALT","N/A","P - PEDESTRIAN","4 - RAIN","45227",3,0.304,0.108563835061629,70049,39.1591456261369,-84.3833848196691,"Madisonville",201948
"33XX GLENMORE AV",39.149171,-84.612903,"26-30","WESTWOOD","WESTWOOD","04/01/2017 12:14:00 PM +0000","03 - T-INTERSECTION","2 - INJURY",2,"04/01/2017 12:16:00 PM +0000","SAT","F - FEMALE","2 - POSSIBLE","069899DD-3144-4404-AA40-CF6FB6224A3F","1 - DAYLIGHT","175004674","1 - NOT COLLISION BETWEEN TWO MOTOR VEHICLES IN TRANSPORT","01 - DRY","1 - STRAIGHT LEVEL","1 - CONCRETE","WESTWOOD","P - PEDESTRIAN","2 - CLOUDY","45211",2,1.103,0.140024672748906,1090044,39.1479779260586,-84.6138243956329,"Westwood",204284
"42XX COLERAIN AV",39.162938,-84.548583,"UNDER 18","NORTHSIDE","NORTHSIDE","11/04/2014 10:12:00 PM +0000","03 - T-INTERSECTION","2 - INJURY",2,"11/04/2014 10:12:00 PM +0000","TUE","M - MALE","3 - NON-INCAPACITATING","CD66DAB7-2EBE-4778-B6F6-B39E41F72757","4 - DARK - LIGHTED ROADWAY","145011220","1 - NOT COLLISION BETWEEN TWO MOTOR VEHICLES IN TRANSPORT","02 - WET","1 - STRAIGHT LEVEL","2 - BLACKTOP, BITUMINOUS, ASPHALT","NORTHSIDE","P - PEDESTRIAN","4 - RAIN","45223",3,0.304,0.133309814226044,800051,39.1637507074469,-84.5483072281967,"Northside",274791
"11XX MCPHERSON AV",39.112412,-84.569973,"26-30","EAST PRICE HILL","EAST PRICE HILL","12/29/2015 10:16:24 PM +0000","01 - NOT AN INTERSECTION","2 - INJURY",2,"12/29/2015 10:23:51 PM +0000","TUE","F - FEMALE","2 - POSSIBLE","BCC4CABC-C5E1-4CA1-8FD4-0ACC0B0E36E9","4 - DARK - LIGHTED ROADWAY","155019022","1 - NOT COLLISION BETWEEN TWO MOTOR VEHICLES IN TRANSPORT","01 - DRY","1 - STRAIGHT LEVEL","2 - BLACKTOP, BITUMINOUS, ASPHALT","EAST PRICE HILL","P - PEDESTRIAN","1 - CLEAR","45205",2,1.103,0.129188790483814,900028,39.1119969540103,-84.5708993592591,"East Price Hill",273561
"14XX STATE AV",39.113471,-84.550331,"UNDER 18","LOWER PRICE HILL","LOWER PRICE  HILL","03/29/2016 01:38:00 PM +0000","01 - NOT AN INTERSECTION","2 - INJURY",2,"03/29/2016 01:43:00 PM +0000","TUE","M - MALE","3 - NON-INCAPACITATING","DC95A0D5-A21F-407D-B1C6-E9B98553DCC0","1 - DAYLIGHT","165004607","1 - NOT COLLISION BETWEEN TWO MOTOR VEHICLES IN TRANSPORT","01 - DRY","1 - STRAIGHT LEVEL","2 - BLACKTOP, BITUMINOUS, ASPHALT","EAST PRICE HILL","P - PEDESTRIAN","1 - CLEAR","45204",3,0.304,0.189516255347354,810029,39.1142504879681,-84.550566441404,"Lower Price Hill",276431
"55XX COLERAIN AV",39.192141,-84.571126,"41-50","MOUNT AIRY","MOUNT AIRY","11/11/2015 06:34:00 AM +0000","02 - FOUR-WAY INTERSECTION","2 - INJURY",2,"11/11/2015 06:34:00 AM +0000","WED","F - FEMALE","4 - INCAPACITATING","2515721C-50D3-43AF-B632-1FA0CDF61942","2 - DAWN","155016447","1 - NOT COLLISION BETWEEN TWO MOTOR VEHICLES IN TRANSPORT","01 - DRY","1 - STRAIGHT LEVEL","2 - BLACKTOP, BITUMINOUS, ASPHALT","MT. AIRY","P - PEDESTRIAN","3 - FOG, SMOG, SMOKE","45239",4,0.141,0.130897352814135,900064,39.1929970254088,-84.5708993593294,"Mt. Airy",274620
"1XX W LIBERTY ST",39.1132,-84.518166,"51-60","N/A","N/A","02/11/2015 07:30:00 PM +0000","02 - FOUR-WAY INTERSECTION","2 - INJURY",2,"02/11/2015 07:30:00 PM +0000","WED","M - MALE","3 - NON-INCAPACITATING","541E9E66-5F25-485C-A3AE-2C4E084511F3","4 - DARK - LIGHTED ROADWAY","155001900","1 - NOT COLLISION BETWEEN TWO MOTOR VEHICLES IN TRANSPORT","01 - DRY","1 - STRAIGHT LEVEL","2 - BLACKTOP, BITUMINOUS, ASPHALT","N/A","P - PEDESTRIAN","1 - CLEAR","45202",3,0.304,0.194000461194668,670029,39.1142489618151,-84.5189374567953,"Over-The-Rhine",202750
"5XX E KING DR",39.134178,-84.498458,"41-50","AVONDALE","AVONDALE","10/01/2013 09:37:00 AM +0000","10 - DRIVEWAY/ALLEY ACCESS","2 - INJURY",2,"10/01/2013 09:37:00 AM +0000","TUE","F - FEMALE","2 - POSSIBLE","ABD5B9E2-034D-4B32-AE59-45C7F0BAFF27","1 - DAYLIGHT","135010691","1 - NOT COLLISION BETWEEN TWO MOTOR VEHICLES IN TRANSPORT","01 - DRY","1 - STRAIGHT LEVEL","1 - CONCRETE","AVONDALE","P - PEDESTRIAN","2 - CLOUDY","45229",2,1.103,0.179594807596472,580038,39.1344934850787,-84.4986045403314,"Avondale",199345
"XX W 3RD ST",39.098689,-84.514614,"31-40","N/A","N/A","05/24/2017 12:48:00 PM +0000","02 - FOUR-WAY INTERSECTION","2 - INJURY",2,"05/24/2017 01:22:15 PM +0000","WED","M - MALE","3 - NON-INCAPACITATING","561C0F48-C9F2-4D08-8969-3872137F3B75","1 - DAYLIGHT","175007740","1 - NOT COLLISION BETWEEN TWO MOTOR VEHICLES IN TRANSPORT","02 - WET","1 - STRAIGHT LEVEL","2 - BLACKTOP, BITUMINOUS, ASPHALT","N/A","P - PEDESTRIAN","4 - RAIN","45202",3,0.304,0.190398872345146,650022,39.0984980320062,-84.5144190306992,"Central Business District",273189
"49XX GLENWAY AV",39.118758,-84.599592,"UNDER 18","WEST PRICE HILL","WEST PRICE HILL","06/25/2014 12:40:00 PM +0000","01 - NOT AN INTERSECTION","2 - INJURY",2,"06/25/2014 01:05:00 PM +0000","WED","M - MALE","4 - INCAPACITATING","3E49128E-E2FA-44D6-BF97-2CA7DFBBD601","1 - DAYLIGHT","145005198","1 - NOT COLLISION BETWEEN TWO MOTOR VEHICLES IN TRANSPORT","01 - DRY","1 - STRAIGHT LEVEL","2 - BLACKTOP, BITUMINOUS, ASPHALT","WEST PRICE HILL","P - PEDESTRIAN","1 - CLEAR","45238",4,0.141,0.10139138976865,1030031,39.1187356224711,-84.6002691235776,"West Price HIll",275981
"2XX CENTRAL AV",39.096627,-84.517627,"26-30","N/A","N/A","01/09/2017 05:23:00 PM +0000","01 - NOT AN INTERSECTION","2 - INJURY",2,"01/09/2017 06:01:58 PM +0000","MON","F - FEMALE","3 - NON-INCAPACITATING","32C61B16-2CE9-4644-8CE2-92A9D4313B73","1 - DAYLIGHT","175000472","1 - NOT COLLISION BETWEEN TWO MOTOR VEHICLES IN TRANSPORT","01 - DRY","1 - STRAIGHT LEVEL","2 - BLACKTOP, BITUMINOUS, ASPHALT","N/A","P - PEDESTRIAN","1 - CLEAR","45203",3,0.304,0.104657456977072,660021,39.0962485095723,-84.5166782437503,"Central Business District",273189
"30XX BURNET AV",39.134076,-84.501396,"31-40","AVONDALE","AVONDALE","05/15/2018 01:12:00 PM +0000","01 - NOT AN INTERSECTION","2 - INJURY",2,"05/15/2018 01:12:00 PM +0000","TUE","F - FEMALE","3 - NON-INCAPACITATING","8FD1BA99-75F3-4CFE-8C3E-D8ACA723DDB2","1 - DAYLIGHT","185006759","1 - NOT COLLISION BETWEEN TWO MOTOR VEHICLES IN TRANSPORT","01 - DRY","1 - STRAIGHT LEVEL","1 - CONCRETE","AVONDALE","P - PEDESTRIAN","1 - CLEAR","45219",3,0.304,0.0990311442875128,590038,39.1344942700738,-84.5008637530982,"Avondale",199345
"7XX E PETE ROSE WY",39.102649,-84.499541,"26-30","N/A","N/A","05/03/2017 07:55:00 AM +0000","02 - FOUR-WAY INTERSECTION","2 - INJURY",2,"05/03/2017 10:15:43 AM +0000","WED","M - MALE","2 - POSSIBLE","7FA0DB2C-52AF-4FC8-8A62-49FBB03A9675","1 - DAYLIGHT","175006457","1 - NOT COLLISION BETWEEN TWO MOTOR VEHICLES IN TRANSPORT","01 - DRY","1 - STRAIGHT LEVEL","2 - BLACKTOP, BITUMINOUS, ASPHALT","N/A","P - PEDESTRIAN","1 - CLEAR","45202",2,1.103,0.106056699832568,580024,39.1029934579533,-84.498604540415,"Mt. Adams",274619
"43XX HAMILTON AV",39.166501,-84.541533,"UNDER 18","N/A","N/A","09/13/2017 06:49:00 AM +0000","02 - FOUR-WAY INTERSECTION","2 - INJURY",2,"09/13/2017 06:59:00 AM +0000","WED","F - FEMALE","3 - NON-INCAPACITATING","FD07B9BA-CBBD-4CF5-BFA0-9890CFAE46AC","2 - DAWN","175013808","1 - NOT COLLISION BETWEEN TWO MOTOR VEHICLES IN TRANSPORT","02 - WET","1 - STRAIGHT LEVEL","2 - BLACKTOP, BITUMINOUS, ASPHALT","N/A","P - PEDESTRIAN","2 - CLOUDY","45223",3,0.304,0.0511620564141417,770052,39.1660009712114,-84.5415295885445,"Northside",274791
"2XX WARNER ST",39.124773,-84.522463,"UNKNOWN","N/A","N/A","12/12/2014 12:17:00 AM +0000","01 - NOT AN INTERSECTION","3 - PROPERTY DAMAGE ONLY (PDO)",3,"12/13/2014 12:52:39 AM +0000","FRI","","1 - NO INJURY / NONE REPORTED","0BD74226-CA87-4E3E-AB91-1CCBB431966D","4 - DARK - LIGHTED ROADWAY","145013071","1 - NOT COLLISION BETWEEN TWO MOTOR VEHICLES IN TRANSPORT","01 - DRY","2 - STRAIGHT GRADE","2 - BLACKTOP, BITUMINOUS, ASPHALT","N/A","P - PEDESTRIAN","1 - CLEAR","45219",1,10.082,0.103933351424329,690034,39.1254997132859,-84.5234558830113,"CUF",273417
"34XX VINE ST",39.143308,-84.508866,"26-30","CORRYVILLE","CLIFTON","11/26/2016 09:13:00 PM +0000","03 - T-INTERSECTION","2 - INJURY",2,"11/26/2016 09:30:00 PM +0000","SAT","F - FEMALE","4 - INCAPACITATING","7F4C42A6-41B2-4816-BEF5-29FAF10414CC","4 - DARK - LIGHTED ROADWAY","165019675","1 - NOT COLLISION BETWEEN TWO MOTOR VEHICLES IN TRANSPORT","01 - DRY","3 - CURVE LEVEL","2 - BLACKTOP, BITUMINOUS, ASPHALT","CUF","P - PEDESTRIAN","2 - CLOUDY","45220",4,0.141,0.153646947918991,630042,39.1434969818971,-84.5099006046077,"Avondale",199345
"32XX ERIE AV",39.141378,-84.425017,"41-50","N/A","N/A","12/27/2013 10:24:00 PM +0000","01 - NOT AN INTERSECTION","2 - INJURY",2,"12/27/2013 10:24:00 PM +0000","FRI","F - FEMALE","3 - NON-INCAPACITATING","DEB8145B-004E-4CDD-BBBA-0ABF240C2CB5","4 - DARK - LIGHTED ROADWAY","135013147","1 - NOT COLLISION BETWEEN TWO MOTOR VEHICLES IN TRANSPORT","01 - DRY","1 - STRAIGHT LEVEL","2 - BLACKTOP, BITUMINOUS, ASPHALT","N/A","P - PEDESTRIAN","1 - CLEAR","45208",3,0.304,0.130740470332759,250041,39.1411931179119,-84.4240505647903,"Hyde Park",201414
"1XX FAIRBANKS AV",39.08959,-84.57089,"UNDER 18","SEDAMSVILLE","SEDAMSVILLE","06/01/2015 02:07:00 PM +0000","10 - DRIVEWAY/ALLEY ACCESS","2 - INJURY",2,"06/01/2015 02:09:00 PM +0000","MON","F - FEMALE","3 - NON-INCAPACITATING","C5095454-5A79-4946-9433-F25951E37B96","1 - DAYLIGHT","155007525","3 - HEAD-ON","02 - WET","2 - STRAIGHT GRADE","2 - BLACKTOP, BITUMINOUS, ASPHALT","SEDAMSVILLE","P - PEDESTRIAN","4 - RAIN","45204",3,0.304,0.117954467404523,900018,39.0894969340043,-84.5708993592396,"Sedamsville",203427
"9XX E MCMILLAN ST",39.125175,-84.489678,"UNDER 18","WALNUT HILLS","WALNUT HILLS","03/30/2015 01:50:00 PM +0000","01 - NOT AN INTERSECTION","2 - INJURY",2,"03/30/2015 02:05:00 PM +0000","MON","F - FEMALE","2 - POSSIBLE","C3A8A531-CC0B-473C-9AC0-F644C7811D17","1 - DAYLIGHT","155004329","1 - NOT COLLISION BETWEEN TWO MOTOR VEHICLES IN TRANSPORT","01 - DRY","1 - STRAIGHT LEVEL","2 - BLACKTOP, BITUMINOUS, ASPHALT","WALNUT HILLS","P - PEDESTRIAN","1 - CLEAR","45206",2,1.103,0.166046621996596,540034,39.1254899014879,-84.4895676898371,"Walnut Hills",204112
"48XX WINTON RD",39.178788,-84.519363,"31-40","SPRING GROVE VILLAGE","SPRING GROVE VILLAGE","02/02/2017 04:35:00 AM +0000","01 - NOT AN INTERSECTION","2 - INJURY",2,"02/02/2017 04:36:00 AM +0000","THU","M - MALE","4 - INCAPACITATING","74367739-C926-4756-B0F7-C3F86573A7F6","4 - DARK - LIGHTED ROADWAY","175001609","1 - NOT COLLISION BETWEEN TWO MOTOR VEHICLES IN TRANSPORT","01 - DRY","2 - STRAIGHT GRADE","2 - BLACKTOP, BITUMINOUS, ASPHALT","SPRING GROVE VILLAGE","P - PEDESTRIAN","2 - CLOUDY","45232",4,0.141,0.108023178619488,670058,39.179499020332,-84.5189374566828,"Winton Place",204406
"67XX BEECHMONT AV",39.082649,-84.37442,"51-60","N/A","N/A","05/21/2014 01:50:00 PM +0000","03 - T-INTERSECTION","2 - INJURY",2,"05/21/2014 01:51:00 PM +0000","WED","M - MALE","3 - NON-INCAPACITATING","73B3064C-A936-43B7-828E-644B305305BF","1 - DAYLIGHT","145003887","1 - NOT COLLISION BETWEEN TWO MOTOR VEHICLES IN TRANSPORT","01 - DRY","2 - STRAIGHT GRADE","2 - BLACKTOP, BITUMINOUS, ASPHALT","N/A","P - PEDESTRIAN","2 - CLOUDY","45230",3,0.304,0.125702382286206,30015,39.0826331467003,-84.3743479955181,"Mt. Washington",274624
"34XX WARSAW",39.109746,-84.566828,"41-50","N/A","N/A","12/31/2013 03:30:00 PM +0000","02 - FOUR-WAY INTERSECTION","2 - INJURY",2,"12/31/2013 04:43:00 PM +0000","TUE","M - MALE","3 - NON-INCAPACITATING","9EA6287B-BA47-4038-919A-CF8F25C0AFC1","1 - DAYLIGHT","135030003","1 - NOT COLLISION BETWEEN TWO MOTOR VEHICLES IN TRANSPORT","01 - DRY","1 - STRAIGHT LEVEL","2 - BLACKTOP, BITUMINOUS, ASPHALT","N/A","P - PEDESTRIAN","1 - CLEAR","45205",3,0.304,0.171914246711242,880027,39.1097480420887,-84.5663809332601,"East Price Hill",273561
"31XX MCHENRY",39.144637,-84.576509,"UNDER 18","N/A","N/A","07/04/2013 05:58:00 PM +0000","01 - NOT AN INTERSECTION","2 - INJURY",2,"07/04/2013 05:59:00 PM +0000","THU","F - FEMALE","4 - INCAPACITATING","6E978951-B7FF-48EC-8DF5-F4642528A0F0","1 - DAYLIGHT","135008148","1 - NOT COLLISION BETWEEN TWO MOTOR VEHICLES IN TRANSPORT","02 - WET","2 - STRAIGHT GRADE","2 - BLACKTOP, BITUMINOUS, ASPHALT","N/A","P - PEDESTRIAN","4 - RAIN","45211",4,0.141,0.194744241236756,920043,39.1457457190601,-84.5754177851419,"Westwood",204284
"31XX MADISON RD",39.152048,-84.430945,"31-40","N/A","N/A","04/22/2016 08:55:00 PM +0000","03 - T-INTERSECTION","2 - INJURY",2,"04/22/2016 09:04:00 PM +0000","FRI","F - FEMALE","3 - NON-INCAPACITATING","76B6B6E2-05AF-49A6-8DE7-D931974A0A5F","4 - DARK - LIGHTED ROADWAY","165006107","1 - NOT COLLISION BETWEEN TWO MOTOR VEHICLES IN TRANSPORT","02 - WET","1 - STRAIGHT LEVEL","2 - BLACKTOP, BITUMINOUS, ASPHALT","N/A","P - PEDESTRIAN","4 - RAIN","45209",3,0.304,0.206825129251302,280046,39.1524496659273,-84.4308281939085,"Oakley",202657
"21XX GILBERT AV",39.118978,-84.494949,"26-30","N/A","N/A","09/09/2016 02:40:00 PM +0000","01 - NOT AN INTERSECTION","2 - INJURY",2,"09/09/2016 02:45:00 PM +0000","FRI","M - MALE","4 - INCAPACITATING","A85B5B56-F107-4C80-BD18-B54E78B946B7","1 - DAYLIGHT","165014685","1 - NOT COLLISION BETWEEN TWO MOTOR VEHICLES IN TRANSPORT","01 - DRY","1 - STRAIGHT LEVEL","2 - BLACKTOP, BITUMINOUS, ASPHALT","N/A","P - PEDESTRIAN","2 - CLOUDY","45206",4,0.141,0.10938903417983,560031,39.1187417709056,-84.4940861150006,"Walnut Hills",204112