"address_x","lat","long","age","community_council_neighborhood","cpd_neighborhood","crashdate","crashlocation","crashseverity","crashseverityid","datecrashreported","dayofweek","gender","injuries","instanceid","lightconditionsprimary","localreportno","mannerofcrash","roadconditionsprimary","roadcontour","roadsurface","sna_neighborhood","typeofperson","weather","zip","injury_type_num","cost","dist","cell_id","lat_cell","long_cell","hood","hood_id"
"27XX QUEEN CITY",39.131237,-84.593238,"41-50","WESTWOOD","WESTWOOD","04/01/2013 06:50:00 AM +0000","01 - NOT AN INTERSECTION","2 - INJURY",2,"04/17/2013 07:14:00 AM +0000","MON","M - MALE","3 - NON-INCAPACITATING","D8462AD2-B9C5-496B-8E3F-E858A88E7533","2 - DAWN","135004652","1 - NOT COLLISION BETWEEN TWO MOTOR VEHICLES IN TRANSPORT","01 - DRY","2 - STRAIGHT GRADE","2 - BLACKTOP, BITUMINOUS, ASPHALT","WESTWOOD","P - PEDESTRIAN","1 - CLEAR","45238",3,0.304,0.162364598775145,1000037,39.1322389040742,-84.5934914865717,"Westwood",204284
"20XX SUTTON AV",39.092034,-84.391578,"UNDER 18","N/A","N/A","09/20/2016 03:05:00 PM +0000","02 - FOUR-WAY INTERSECTION","2 - INJURY",2,"09/20/2016 03:10:00 PM +0000","TUE","F - FEMALE","2 - POSSIBLE","5DBA2503-F0CD-4A73-B68C-43D646FEA599","1 - DAYLIGHT","165015341","1 - NOT COLLISION BETWEEN TWO MOTOR VEHICLES IN TRANSPORT","01 - DRY","2 - STRAIGHT GRADE","2 - BLACKTOP, BITUMINOUS, ASPHALT","N/A","P - PEDESTRIAN","1 - CLEAR","45230",2,1.103,0.0546932315815344,110019,39.0916573872752,-84.3924216472014,"Mt. Washington",274624
"33XX GLENMORE AV",39.148243,-84.612829,"UNDER 18","N/A","N/A","11/17/2015 05:21:00 PM +0000","01 - NOT AN INTERSECTION","3 - PROPERTY DAMAGE ONLY (PDO)",3,"11/17/2015 05:21:00 PM +0000","TUE","M - MALE","1 - NO INJURY / NONE REPORTED","77AA7072-832C-4CC1-98C5-BE75B1DF3D6F","3 - DUSK","155016765","1 - NOT COLLISION BETWEEN TWO MOTOR VEHICLES IN TRANSPORT","01 - DRY","1 - STRAIGHT LEVEL","2 - BLACKTOP, BITUMINOUS, ASPHALT","N/A","P - PEDESTRIAN","1 - CLEAR","45211",1,10.082,0.140024672748906,1090044,39.1479779260586,-84.6138243956329,"Westwood",204284
"12XX VINE ST",39.108251,-84.514625,"31-40","OTR","OVER-THE-RHINE","05/05/2017 09:55:11 PM +0000","01 - NOT AN INTERSECTION","2 - INJURY",2,"05/05/2017 09:57:57 PM +0000","FRI","M - MALE","4 - INCAPACITATING","4C6E731F-B7D1-4A01-916D-DB1F745842D9","4 - DARK - LIGHTED ROADWAY","175006707","1 - NOT COLLISION BETWEEN TWO MOTOR VEHICLES IN TRANSPORT","02 - WET","1 - STRAIGHT LEVEL","2 - BLACKTOP, BITUMINOUS, ASPHALT","OVER-THE-RHINE","P - PEDESTRIAN","1 - CLEAR","45202",4,0.141,0.213835869601452,650026,39.107498040077,-84.5144190306818,"Over-The-Rhine",202750
"2XX CALHOUN ST",39.128811,-84.517561,"18-25","CUF - HEIGHTS","FAIRVIEW","01/13/2017 11:34:00 PM +0000","01 - NOT AN INTERSECTION","2 - INJURY",2,"01/13/2017 11:34:00 PM +0000","FRI","F - FEMALE","3 - NON-INCAPACITATING","AB414AB8-9D75-4CC4-84FC-43F45E1844DD","4 - DARK - LIGHTED ROADWAY","175000707","1 - NOT COLLISION BETWEEN TWO MOTOR VEHICLES IN TRANSPORT","02 - WET","1 - STRAIGHT LEVEL","2 - BLACKTOP, BITUMINOUS, ASPHALT","CUF","P - PEDESTRIAN","4 - RAIN","45221",3,0.304,0.183945045028763,660035,39.1277485378878,-84.5166782436926,"CUF",273417
"16XX CEDAR AV",39.199607,-84.547604,"26-30","COLLEGE HILL","COLLEGE  HILL","10/13/2017 10:05:00 AM +0000","02 - FOUR-WAY INTERSECTION","2 - INJURY",2,"10/13/2017 12:00:00 PM +0000","FRI","M - MALE","2 - POSSIBLE","B22487C5-66AB-49DB-A7C9-602991237753","1 - DAYLIGHT","175015524","1 - NOT COLLISION BETWEEN TWO MOTOR VEHICLES IN TRANSPORT","01 - DRY","1 - STRAIGHT LEVEL","2 - BLACKTOP, BITUMINOUS, ASPHALT","COLLEGE HILL","P - PEDESTRIAN","1 - CLEAR","45224",2,1.103,0.211728783854148,800067,39.1997507399827,-84.5483072281881,"College Hill",200100
"5XX WALNUT ST",39.100603,-84.511572,"41-50","N/A","N/A","10/19/2016 10:53:00 PM +0000","02 - FOUR-WAY INTERSECTION","2 - INJURY",2,"10/19/2016 10:53:00 PM +0000","WED","F - FEMALE","2 - POSSIBLE","17046033-04BB-4C5A-A290-4DFDE89E09C6","4 - DARK - LIGHTED ROADWAY","165017283","1 - NOT COLLISION BETWEEN TWO MOTOR VEHICLES IN TRANSPORT","02 - WET","1 - STRAIGHT LEVEL","2 - BLACKTOP, BITUMINOUS, ASPHALT","N/A","P - PEDESTRIAN","4 - RAIN","45202",2,1.103,0.129375284706794,640023,39.1007475108233,-84.5121598176799,"Central Business District",273189
"45XX PADDOCK RD",39.168731,-84.478415,"26-30","N/A","N/A","11/25/2015 10:30:00 AM +0000","01 - NOT AN INTERSECTION","2 - INJURY",2,"11/25/2015 04:30:00 PM +0000","WED","F - FEMALE","3 - NON-INCAPACITATING","050BE69B-E1FE-45DC-A146-DD4F3470FC12","1 - DAYLIGHT","155017235","1 - NOT COLLISION BETWEEN TWO MOTOR VEHICLES IN TRANSPORT","01 - DRY","2 - STRAIGHT GRADE","2 - BLACKTOP, BITUMINOUS, ASPHALT","N/A","P - PEDESTRIAN","1 - CLEAR","45229",3,0.304,0.123667308556651,490053,39.1682344843371,-84.4782716279808,"Paddock Hills",274942
"34XX BROTHERTON RD",39.154468,-84.423312,"31-40","N/A","N/A","06/05/2015 10:05:00 AM +0000","01 - NOT AN INTERSECTION","2 - INJURY",2,"06/05/2015 10:05:00 AM +0000","FRI","M - MALE","3 - NON-INCAPACITATING","5998D4ED-AA7A-4F63-AFE8-28E0D5DD7B3F","1 - DAYLIGHT","155007685","1 - NOT COLLISION BETWEEN TWO MOTOR VEHICLES IN TRANSPORT","01 - DRY","1 - STRAIGHT LEVEL","2 - BLACKTOP, BITUMINOUS, ASPHALT","N/A","P - PEDESTRIAN","1 - CLEAR","45209",3,0.304,0.152156957726377,250047,39.1546931245621,-84.4240505647381,"Oakley",202657
"9XX MAIN ST",39.106586,-84.511415,"31-40","N/A","N/A","09/25/2016 11:18:31 PM +0000","02 - FOUR-WAY INTERSECTION","2 - INJURY",2,"09/25/2016 11:19:32 PM +0000","SUN","F - FEMALE","2 - POSSIBLE","F85CAAF7-8C28-4554-8035-DC5813F92B12","4 - DARK - LIGHTED ROADWAY","165015680","1 - NOT COLLISION BETWEEN TWO MOTOR VEHICLES IN TRANSPORT","01 - DRY","1 - STRAIGHT LEVEL","1 - CONCRETE","N/A","P - PEDESTRIAN","1 - CLEAR","45202",2,1.103,0.12834321608616,640026,39.1074975168496,-84.512159817666,"Over-The-Rhine",202750
"24XX READING RD",39.125433,-84.5023,"61-70","WALNUT HILLS","WALNUT HILLS","07/20/2015 10:00:00 PM +0000","02 - FOUR-WAY INTERSECTION","2 - INJURY",2,"07/20/2015 10:12:00 PM +0000","MON","F - FEMALE","3 - NON-INCAPACITATING","20B23C2E-E885-45DE-8236-2572EFF022ED","4 - DARK - LIGHTED ROADWAY","155009920","1 - NOT COLLISION BETWEEN TWO MOTOR VEHICLES IN TRANSPORT","01 - DRY","1 - STRAIGHT LEVEL","2 - BLACKTOP, BITUMINOUS, ASPHALT","WALNUT HILLS","P - PEDESTRIAN","1 - CLEAR","45206",3,0.304,0.136859449556949,600034,39.1254950036229,-84.503122965936,"Mt. Auburn",274621
"51XX GLENWAY",39.12213,-84.60147,"UNDER 18","WEST PRICE HILL","WEST PRICE HILL","02/04/2014 02:55:00 PM +0000","04 - Y-INTERSECTION","2 - INJURY",2,"02/04/2014 04:00:00 PM +0000","TUE","F - FEMALE","2 - POSSIBLE","925000F4-1DF8-4901-AA8F-432D24DD105B","1 - DAYLIGHT","145001016","1 - NOT COLLISION BETWEEN TWO MOTOR VEHICLES IN TRANSPORT","01 - DRY","1 - STRAIGHT LEVEL","2 - BLACKTOP, BITUMINOUS, ASPHALT","WEST PRICE HILL","P - PEDESTRIAN","2 - CLOUDY","45238",2,1.103,0.184005042253514,1040033,39.1232344486913,-84.6025283357861,"West Price HIll",275981
"3XX STRAIGHT ST",39.129321,-84.521323,"26-30","N/A","N/A","09/21/2016 05:00:00 PM +0000","03 - T-INTERSECTION","2 - INJURY",2,"09/21/2016 05:05:00 PM +0000","WED","F - FEMALE","2 - POSSIBLE","263CA6AD-AA0A-42E5-A9BD-058DEE252B78","1 - DAYLIGHT","165015419","1 - NOT COLLISION BETWEEN TWO MOTOR VEHICLES IN TRANSPORT","01 - DRY","1 - STRAIGHT LEVEL","2 - BLACKTOP, BITUMINOUS, ASPHALT","N/A","P - PEDESTRIAN","1 - CLEAR","45219",2,1.103,0.194041347980605,680036,39.1299993684835,-84.5211966698744,"CUF",273417
"7XX E MCMILLAN ST",39.126511,-84.494038,"18-25","WALNUT HILLS","WALNUT HILLS","07/10/2014 11:15:00 PM +0000","03 - T-INTERSECTION","2 - INJURY",2,"07/10/2014 11:46:00 PM +0000","THU","M - MALE","3 - NON-INCAPACITATING","124EE76E-CC84-437C-8EE9-8D1E60AB2974","4 - DARK - LIGHTED ROADWAY","145005881","1 - NOT COLLISION BETWEEN TWO MOTOR VEHICLES IN TRANSPORT","01 - DRY","1 - STRAIGHT LEVEL","2 - BLACKTOP, BITUMINOUS, ASPHALT","WALNUT HILLS","P - PEDESTRIAN","1 - CLEAR","45206",3,0.304,0.097717025643222,560034,39.1254917766315,-84.4940861149815,"Walnut Hills",204112
"3XX E LIBERTY ST",39.111564,-84.510005,"41-50","N/A","N/A","10/16/2015 10:31:00 PM +0000","01 - NOT AN INTERSECTION","2 - INJURY",2,"10/16/2015 10:31:00 PM +0000","FRI","F - FEMALE","4 - INCAPACITATING","03D6AE19-E66A-452F-9F79-018E792E70CE","4 - DARK - LIGHTED ROADWAY","155015063","1 - NOT COLLISION BETWEEN TWO MOTOR VEHICLES IN TRANSPORT","01 - DRY","1 - STRAIGHT LEVEL","2 - BLACKTOP, BITUMINOUS, ASPHALT","N/A","P - PEDESTRIAN","1 - CLEAR","45202",4,0.141,0.117538403629623,630028,39.1119969540151,-84.5099006046755,"Mt. Auburn",274621
"40XX RIVER RD",39.076109,-84.609663,"31-40","RIVERSIDE","RIVERSIDE","04/20/2015 09:35:00 AM +0000","01 - NOT AN INTERSECTION","2 - INJURY",2,"04/20/2015 09:39:00 AM +0000","MON","F - FEMALE","4 - INCAPACITATING","9B5C98D4-D05A-43D9-AD5C-36BECB20C3E8","1 - DAYLIGHT","155005402","1 - NOT COLLISION BETWEEN TWO MOTOR VEHICLES IN TRANSPORT","02 - WET","1 - STRAIGHT LEVEL","2 - BLACKTOP, BITUMINOUS, ASPHALT","RIVERSIDE","P - PEDESTRIAN","2 - CLOUDY","45204",4,0.141,0.0999706339100425,1070012,39.075980618456,-84.609305971802,"Riverside",203181
"6XX VINE ST",39.102493,-84.512152,"18-25","N/A","N/A","11/06/2017 04:11:00 PM +0000","02 - FOUR-WAY INTERSECTION","2 - INJURY",2,"11/06/2017 04:13:00 PM +0000","MON","M - MALE","3 - NON-INCAPACITATING","240AD4CA-FF0A-449A-BA6E-30D6198231AA","1 - DAYLIGHT","175017056","1 - NOT COLLISION BETWEEN TWO MOTOR VEHICLES IN TRANSPORT","01 - DRY","1 - STRAIGHT LEVEL","2 - BLACKTOP, BITUMINOUS, ASPHALT","N/A","P - PEDESTRIAN","1 - CLEAR","45202",3,0.304,0.120445558999439,640024,39.1029975128329,-84.5121598176752,"Central Business District",273189
"46XX KINGS RUN DR",39.177085,-84.508941,"UNDER 18","SPRING GROVE VILLAGE","SPRING GROVE VILLAGE","07/04/2017 02:02:00 PM +0000","01 - NOT AN INTERSECTION","2 - INJURY",2,"07/04/2017 02:05:00 PM +0000","TUE","F - FEMALE","3 - NON-INCAPACITATING","91658ED2-C26D-4E13-870C-1335B5AD408C","1 - DAYLIGHT","175009927","1 - NOT COLLISION BETWEEN TWO MOTOR VEHICLES IN TRANSPORT","01 - DRY","1 - STRAIGHT LEVEL","2 - BLACKTOP, BITUMINOUS, ASPHALT","SPRING GROVE VILLAGE","P - PEDESTRIAN","1 - CLEAR","45232",3,0.304,0.15157549764797,630057,39.1772470116069,-84.5099006045349,"Winton Place",204406
"11XX SUNSET",39.11298,-84.584458,"26-30","N/A","N/A","03/04/2014 08:00:00 AM +0000","02 - FOUR-WAY INTERSECTION","2 - INJURY",2,"03/04/2014 08:00:00 AM +0000","TUE","M - MALE","3 - NON-INCAPACITATING","CDA33EE3-8B7D-4C91-9AD0-603C594CD0BD","1 - DAYLIGHT","145001782","1 - NOT COLLISION BETWEEN TWO MOTOR VEHICLES IN TRANSPORT","01 - DRY","1 - STRAIGHT LEVEL","2 - BLACKTOP, BITUMINOUS, ASPHALT","N/A","P - PEDESTRIAN","1 - CLEAR","45205",3,0.304,0.118163941401582,960028,39.1119926372405,-84.5844546362565,"West Price HIll",275981
"31XX BURNET",39.136775,-84.501751,"18-25","N/A","N/A","09/18/2013 03:17:00 PM +0000","02 - FOUR-WAY INTERSECTION","2 - INJURY",2,"09/18/2013 03:19:00 PM +0000","WED","F - FEMALE","2 - POSSIBLE","75030F91-7333-41C4-B6D0-64E56C2EC69E","1 - DAYLIGHT","135010275","1 - NOT COLLISION BETWEEN TWO MOTOR VEHICLES IN TRANSPORT","01 - DRY","2 - STRAIGHT GRADE","2 - BLACKTOP, BITUMINOUS, ASPHALT","N/A","P - PEDESTRIAN","1 - CLEAR","45229",2,1.103,0.0954384293094114,590039,39.1367442720186,-84.5008637530924,"Corryville",200172
"9XX ELLISON",39.126175,-84.429033,"UNDER 18","MOUNT LOOKOUT","MT.  LOOKOUT","05/17/2013 02:47:00 PM +0000","01 - NOT AN INTERSECTION","2 - INJURY",2,"05/17/2013 02:47:00 PM +0000","FRI","M - MALE","3 - NON-INCAPACITATING","0FE3AD7B-BC1F-45A6-8CF0-EC3EDC40C036","1 - DAYLIGHT","135006036","1 - NOT COLLISION BETWEEN TWO MOTOR VEHICLES IN TRANSPORT","01 - DRY","4 - CURVE GRADE","2 - BLACKTOP, BITUMINOUS, ASPHALT","MT. LOOKOUT","P - PEDESTRIAN","2 - CLOUDY","45226",3,0.304,0.202110286652319,270034,39.1254475145374,-84.4285689841547,"Mt. Lookout",274623
"40XX HAMILTON AV",39.158322,-84.539314,"51-60","N/A","N/A","01/17/2015 07:47:00 AM +0000","06 - FIVE-POINT, OR MORE","2 - INJURY",2,"01/17/2015 08:44:55 AM +0000","SAT","F - FEMALE","3 - NON-INCAPACITATING","F93EF9D9-7740-45A7-8A3E-285FD3DBA510","1 - DAYLIGHT","155000714","1 - NOT COLLISION BETWEEN TWO MOTOR VEHICLES IN TRANSPORT","01 - DRY","1 - STRAIGHT LEVEL","2 - BLACKTOP, BITUMINOUS, ASPHALT","N/A","P - PEDESTRIAN","1 - CLEAR","45223",3,0.304,0.151376409735632,760049,39.1592509650786,-84.5392703753254,"Northside",274791
"30XX MCHENRY AV",39.143232,-84.580515,"UNDER 18","WESTWOOD","WESTWOOD","06/23/2018 04:55:00 PM +0000","01 - NOT AN INTERSECTION","2 - INJURY",2,"06/23/2018 04:55:30 PM +0000","SAT","M - MALE","3 - NON-INCAPACITATING","DB738BF4-BAD5-43C6-82E4-3FFC0D763A09","1 - DAYLIGHT","185008779","1 - NOT COLLISION BETWEEN TWO MOTOR VEHICLES IN TRANSPORT","01 - DRY","3 - CURVE LEVEL","2 - BLACKTOP, BITUMINOUS, ASPHALT","WESTWOOD","P - PEDESTRIAN","1 - CLEAR","45211",3,0.304,0.114196704307497,940042,39.1434942778425,-84.579936210819,"Westwood",204284
"7XX TRENTON",39.105975,-84.587964,"61-70","N/A","N/A","06/12/2014 02:55:00 PM +0000","03 - T-INTERSECTION","2 - INJURY",2,"06/12/2014 03:00:00 PM +0000","THU","M - MALE","3 - NON-INCAPACITATING","FF64BFC8-8337-447D-B0E2-3061F1A9F5CE","1 - DAYLIGHT","145004666","1 - NOT COLLISION BETWEEN TWO MOTOR VEHICLES IN TRANSPORT","01 - DRY","1 - STRAIGHT LEVEL","2 - BLACKTOP, BITUMINOUS, ASPHALT","N/A","P - PEDESTRIAN","2 - CLOUDY","45205",3,0.304,0.157977189458476,980025,39.1052408437937,-84.5889730615048,"West Price HIll",275981
"32XX HARRISON AV",39.153629,-84.603518,"31-40","WESTWOOD","WESTWOOD","09/23/2017 12:42:38 AM +0000","01 - NOT AN INTERSECTION","2 - INJURY",2,"09/23/2017 02:22:54 AM +0000","SAT","F - FEMALE","4 - INCAPACITATING","72B0929B-5DC1-4A23-A324-D309C7B4C529","4 - DARK - LIGHTED ROADWAY","175014371","1 - NOT COLLISION BETWEEN TWO MOTOR VEHICLES IN TRANSPORT","01 - DRY","1 - STRAIGHT LEVEL","1 - CONCRETE","WESTWOOD","P - PEDESTRIAN","1 - CLEAR","45211",4,0.141,0.127181482983904,1040047,39.1547344736649,-84.6025283358528,"Westwood",204284
"56XX MADISON RD",39.161754,-84.396989,"51-60","N/A","N/A","02/15/2013 12:25:00 PM +0000","01 - NOT AN INTERSECTION","2 - INJURY",2,"02/15/2013 12:27:00 PM +0000","FRI","F - FEMALE","3 - NON-INCAPACITATING","E871E003-E528-4C2D-9F7D-21022E1D3EEE","1 - DAYLIGHT","135002028","1 - NOT COLLISION BETWEEN TWO MOTOR VEHICLES IN TRANSPORT","01 - DRY","1 - STRAIGHT LEVEL","2 - BLACKTOP, BITUMINOUS, ASPHALT","N/A","P - PEDESTRIAN","2 - CLOUDY","45227",3,0.304,0.190571531629185,130050,39.1614130305641,-84.396940061811,"Madisonville",201948
"58XX COLERAIN AV",39.200765,-84.580265,"41-50","N/A","N/A","03/07/2017 08:18:03 PM +0000","02 - FOUR-WAY INTERSECTION","2 - INJURY",2,"03/07/2017 08:25:14 PM +0000","TUE","M - MALE","3 - NON-INCAPACITATING","56D58DB5-3CB0-42DC-8D6E-A1BC37CDEE25","4 - DARK - LIGHTED ROADWAY","175003380","1 - NOT COLLISION BETWEEN TWO MOTOR VEHICLES IN TRANSPORT","02 - WET","1 - STRAIGHT LEVEL","2 - BLACKTOP, BITUMINOUS, ASPHALT","N/A","P - PEDESTRIAN","2 - CLOUDY","45239",3,0.304,0.123569263413037,940067,39.1997443261694,-84.5799362108905,"Mt. Airy",274620
"35XX COLUMBIA PY",39.116922,-84.439183,"26-30","N/A","N/A","10/31/2017 06:25:00 AM +0000","02 - FOUR-WAY INTERSECTION","2 - INJURY",2,"10/31/2017 06:40:00 AM +0000","TUE","M - MALE","3 - NON-INCAPACITATING","0E018007-7982-4859-956E-0DE4E79EBB85","4 - DARK - LIGHTED ROADWAY","175016602","1 - NOT COLLISION BETWEEN TWO MOTOR VEHICLES IN TRANSPORT","01 - DRY","1 - STRAIGHT LEVEL","2 - BLACKTOP, BITUMINOUS, ASPHALT","N/A","P - PEDESTRIAN","1 - CLEAR","45226",3,0.304,0.154112335254888,320030,39.1164577569962,-84.4398650348241,"East End",273544
"XX W KING DR",39.134041,-84.510509,"18-25","CORRYVILLE","CORRYVILLE","12/01/2015 04:15:00 PM +0000","01 - NOT AN INTERSECTION","2 - INJURY",2,"12/01/2015 04:20:00 PM +0000","TUE","M - MALE","3 - NON-INCAPACITATING","1BF88D4C-89A3-4DE5-B6A0-C36462CA88B7","1 - DAYLIGHT","155017578","1 - NOT COLLISION BETWEEN TWO MOTOR VEHICLES IN TRANSPORT","01 - DRY","3 - CURVE LEVEL","2 - BLACKTOP, BITUMINOUS, ASPHALT","CORRYVILLE","P - PEDESTRIAN","2 - CLOUDY","45220",3,0.304,0.213267055992837,630038,39.1344969739458,-84.509900604627,"Corryville",200172
"22XX MADISON RD",39.133621,-84.459356,"51-60","N/A","N/A","05/06/2016 09:39:00 AM +0000","03 - T-INTERSECTION","2 - INJURY",2,"05/06/2016 09:39:00 AM +0000","FRI","M - MALE","4 - INCAPACITATING","00F5BA34-2F5D-46F4-A113-A54F969FF4EE","1 - DAYLIGHT","165006987","1 - NOT COLLISION BETWEEN TWO MOTOR VEHICLES IN TRANSPORT","01 - DRY","2 - STRAIGHT GRADE","2 - BLACKTOP, BITUMINOUS, ASPHALT","N/A","P - PEDESTRIAN","2 - CLOUDY","45208",4,0.141,0.203810155000709,410038,39.1344734677063,-84.4601979335004,"Evanston",200632
"S I75 AT 4-4 MM",39.151058,-84.53931,"31-40","N/A","N/A","02/16/2015 06:55:00 AM +0000","01 - NOT AN INTERSECTION","2 - INJURY",2,"02/16/2015 06:56:00 AM +0000","MON","M - MALE","3 - NON-INCAPACITATING","EC9F969D-B3E4-4C70-B873-7097C396541B","1 - DAYLIGHT","155002129","2 - REAR-END","03 - SNOW","3 - CURVE LEVEL","2 - BLACKTOP, BITUMINOUS, ASPHALT","N/A","P - PEDESTRIAN","6 - SNOW","45219",3,0.304,0.102195227465198,760045,39.1502509568905,-84.5392703753318,"Camp Washington",199841
"5XX DIXMYTH AV",39.140329,-84.522684,"18-25","N/A","N/A","01/13/2016 07:46:00 PM +0000","03 - T-INTERSECTION","2 - INJURY",2,"01/13/2016 07:50:00 PM +0000","WED","F - FEMALE","4 - INCAPACITATING","0AF7B634-6E88-4F3A-8986-C7A840AC646C","4 - DARK - LIGHTED ROADWAY","165000661","1 - NOT COLLISION BETWEEN TWO MOTOR VEHICLES IN TRANSPORT","01 - DRY","1 - STRAIGHT LEVEL","3 - BRICK/BLOCK","N/A","P - PEDESTRIAN","1 - CLEAR","45220",4,0.141,0.121194556617163,690041,39.1412497275274,-84.5234558829876,"Clifton",200052
"30XX WOODBURN",39.134541,-84.476,"UNDER 18","EVANSTON","EVANSTON","04/17/2014 06:47:58 PM +0000","01 - NOT AN INTERSECTION","2 - INJURY",2,"04/17/2014 06:49:00 PM +0000","THU","M - MALE","3 - NON-INCAPACITATING","EE98639E-4700-49FD-BEB9-F70BD0AD266F","1 - DAYLIGHT","145002937","1 - NOT COLLISION BETWEEN TWO MOTOR VEHICLES IN TRANSPORT","01 - DRY","1 - STRAIGHT LEVEL","2 - BLACKTOP, BITUMINOUS, ASPHALT","EVANSTON","P - PEDESTRIAN","1 - CLEAR","45206",3,0.304,0.0920133325161757,480038,39.1344832365321,-84.4760124159726,"Evanston",200632
"10XX WINFIELD",39.110102,-84.583518,"51-60","N/A","N/A","06/07/2014 04:40:00 AM +0000","01 - NOT AN INTERSECTION","2 - INJURY",2,"06/07/2014 05:49:31 AM +0000","SAT","M - MALE","4 - INCAPACITATING","02A6C712-C645-4CD1-871F-61404BCB098D","4 - DARK - LIGHTED ROADWAY","145004431","1 - NOT COLLISION BETWEEN TWO MOTOR VEHICLES IN TRANSPORT","01 - DRY","1 - STRAIGHT LEVEL","2 - BLACKTOP, BITUMINOUS, ASPHALT","N/A","P - PEDESTRIAN","1 - CLEAR","45205",4,0.141,0.101251279560309,960027,39.109742635314,-84.5844546362532,"West Price HIll",275981
"17XX CARLL ST",39.134238,-84.550719,"UNDER 18","NORTH FAIRMOUNT","NORTH FAIRMOUNT","05/25/2018 04:20:00 PM +0000","01 - NOT AN INTERSECTION","2 - INJURY",2,"05/25/2018 05:20:00 PM +0000","FRI","F - FEMALE","3 - NON-INCAPACITATING","329A5850-C723-4D97-843D-B396494C1F08","1 - DAYLIGHT","185007372","1 - NOT COLLISION BETWEEN TWO MOTOR VEHICLES IN TRANSPORT","01 - DRY","1 - STRAIGHT LEVEL","1 - CONCRETE","NORTH FAIRMOUNT","P - PEDESTRIAN","1 - CLEAR","45225",3,0.304,0.0730938035226895,810038,39.1345005064218,-84.5505664414015,"North Fairmount",274707
"7XX PLUM ST",39.104543,-84.518163,"31-40","N/A","N/A","07/13/2013 05:44:00 PM +0000","02 - FOUR-WAY INTERSECTION","2 - INJURY",2,"07/13/2013 05:45:00 PM +0000","SAT","F - FEMALE","4 - INCAPACITATING","330189AF-0F52-4DEF-99B5-263D1D4FCF9D","1 - DAYLIGHT","135008539","7 - SIDESWIPE, SAME DIRECTION","01 - DRY","1 - STRAIGHT LEVEL","2 - BLACKTOP, BITUMINOUS, ASPHALT","N/A","P - PEDESTRIAN","1 - CLEAR","45202",4,0.141,0.107440925247685,670025,39.1052489536934,-84.5189374568108,"West End",276647
"2XX W MCMILLAN ST",39.127326,-84.519953,"18-25","N/A","N/A","04/20/2017 05:52:00 PM +0000","02 - FOUR-WAY INTERSECTION","2 - INJURY",2,"04/20/2017 05:53:00 PM +0000","THU","M - MALE","2 - POSSIBLE","5AC6F479-AF14-4B50-AC3E-3299227A69BB","1 - DAYLIGHT","175005727","1 - NOT COLLISION BETWEEN TWO MOTOR VEHICLES IN TRANSPORT","02 - WET","1 - STRAIGHT LEVEL","2 - BLACKTOP, BITUMINOUS, ASPHALT","N/A","P - PEDESTRIAN","2 - CLOUDY","45219",2,1.103,0.201246014799999,670035,39.1277489739748,-84.518937456772,"CUF",273417
"1XX E 5TH ST",39.100742,-84.511161,"41-50","N/A","N/A","09/16/2016 07:36:52 PM +0000","02 - FOUR-WAY INTERSECTION","2 - INJURY",2,"09/16/2016 07:37:11 PM +0000","FRI","M - MALE","4 - INCAPACITATING","71786B36-3BBB-4573-80D7-9570A2EFD35F","3 - DUSK","165015141","1 - NOT COLLISION BETWEEN TWO MOTOR VEHICLES IN TRANSPORT","02 - WET","1 - STRAIGHT LEVEL","2 - BLACKTOP, BITUMINOUS, ASPHALT","N/A","P - PEDESTRIAN","2 - CLOUDY","45202",4,0.141,0.129375284706794,640023,39.1007475108233,-84.5121598176799,"Central Business District",273189
"11XX WILLIAM HOWARD TAFT",39.126895,-84.484867,"OVER 70","N/A","N/A","07/11/2013 05:23:00 PM +0000","12 - SHARED-USE PATHS OR TRAILS","2 - INJURY",2,"07/11/2013 05:23:00 PM +0000","THU","M - MALE","2 - POSSIBLE","2D5F3F73-685A-43AC-BFA5-9EFAD09F7678","1 - DAYLIGHT","135008459","1 - NOT COLLISION BETWEEN TWO MOTOR VEHICLES IN TRANSPORT","01 - DRY","2 - STRAIGHT GRADE","1 - CONCRETE","N/A","P - PEDESTRIAN","1 - CLEAR","45206",2,1.103,0.122138324994126,520035,39.1277378537555,-84.4850492649372,"Walnut Hills",204112
"32XX BURNET AV",39.138215,-84.501363,"31-40","CORRYVILLE","CORRYVILLE","08/25/2015 06:29:00 AM +0000","02 - FOUR-WAY INTERSECTION","2 - INJURY",2,"08/25/2015 06:30:00 AM +0000","TUE","F - FEMALE","3 - NON-INCAPACITATING","8038F411-0317-4E1A-9D91-9C50E1E36377","2 - DAWN","155011903","1 - NOT COLLISION BETWEEN TWO MOTOR VEHICLES IN TRANSPORT","01 - DRY","1 - STRAIGHT LEVEL","2 - BLACKTOP, BITUMINOUS, ASPHALT","CORRYVILLE","P - PEDESTRIAN","1 - CLEAR","45229",3,0.304,0.11759001077826,590040,39.1389942739627,-84.5008637530866,"Corryville",200172