"address_x","lat","long","age","community_council_neighborhood","cpd_neighborhood","crashdate","crashlocation","crashseverity","crashseverityid","datecrashreported","dayofweek","gender","injuries","instanceid","lightconditionsprimary","localreportno","mannerofcrash","roadconditionsprimary","roadcontour","roadsurface","sna_neighborhood","typeofperson","weather","zip","injury_type_num","cost","dist","cell_id","lat_cell","long_cell","hood","hood_id"
"12XX SYCAMORE ST",39.109311,-84.510094,"26-30","PENDLETON","PENDLETON","07/09/2017 12:47:00 AM +0000","02 - FOUR-WAY INTERSECTION","2 - INJURY",2,"07/09/2017 12:50:00 AM +0000","SUN","M - MALE","3 - NON-INCAPACITATING","72E8CDEB-4071-47FD-B7F9-B3BB2CD74EB3","4 - DARK - LIGHTED ROADWAY","175010179","1 - NOT COLLISION BETWEEN TWO MOTOR VEHICLES IN TRANSPORT","01 - DRY","1 - STRAIGHT LEVEL","2 - BLACKTOP, BITUMINOUS, ASPHALT","PENDLETON","P - PEDESTRIAN","1 - CLEAR","45202",3,0.304,0.111039151232734,630027,39.1097469520179,-84.5099006046804,"Pendleton",202841
"10XX ROSS",39.111728,-84.572281,"41-50","EAST PRICE HILL","EAST PRICE HILL","01/14/2016 11:18:00 AM +0000","01 - NOT AN INTERSECTION","2 - INJURY",2,"01/14/2016 11:19:00 AM +0000","THU","M - MALE","2 - POSSIBLE","0B1353B6-CC99-4746-BCCC-5FAD68138C0F","1 - DAYLIGHT","165000689","1 - NOT COLLISION BETWEEN TWO MOTOR VEHICLES IN TRANSPORT","01 - DRY","1 - STRAIGHT LEVEL","3 - BRICK/BLOCK","EAST PRICE HILL","P - PEDESTRIAN","1 - CLEAR","45205",2,1.103,0.110900946383676,910028,39.1119963435579,-84.5731585722027,"East Price Hill",273561
"71XX DILLWARD AV",39.197865,-84.484441,"18-25","CARTHAGE","CARTHAGE","05/02/2015 04:58:00 AM +0000","01 - NOT AN INTERSECTION","2 - INJURY",2,"05/02/2015 05:00:00 AM +0000","SAT","M - MALE","4 - INCAPACITATING","763A267E-4245-42EA-9379-DEB6AA579DF9","4 - DARK - LIGHTED ROADWAY","155006028","1 - NOT COLLISION BETWEEN TWO MOTOR VEHICLES IN TRANSPORT","01 - DRY","1 - STRAIGHT LEVEL","2 - BLACKTOP, BITUMINOUS, ASPHALT","CARTHAGE","P - PEDESTRIAN","1 - CLEAR","45216",4,0.141,0.116272526509104,520066,39.197487910546,-84.4850492647153,"Carthage",199885
"4XX WARNER ST",39.124324,-84.526231,"18-25","CUF","CLIFTON/UNIVERSITY HEIGHTS","10/26/2017 04:25:00 PM +0000","02 - FOUR-WAY INTERSECTION","2 - INJURY",2,"10/26/2017 04:32:00 PM +0000","THU","M - MALE","3 - NON-INCAPACITATING","114812D1-B9A4-4A34-B1BD-4008785761B0","1 - DAYLIGHT","175016352","1 - NOT COLLISION BETWEEN TWO MOTOR VEHICLES IN TRANSPORT","01 - DRY","2 - STRAIGHT GRADE","2 - BLACKTOP, BITUMINOUS, ASPHALT","CUF","P - PEDESTRIAN","1 - CLEAR","45219",3,0.304,0.104135758374193,700033,39.1232500164992,-84.525715096165,"CUF",273417
"8XX WILLIAM HOWARD TAFT RD",39.128241,-84.489985,"31-40","WALNUT HILLS","WALNUT HILLS","09/12/2016 05:20:00 PM +0000","02 - FOUR-WAY INTERSECTION","2 - INJURY",2,"09/12/2016 05:22:00 PM +0000","MON","F - FEMALE","3 - NON-INCAPACITATING","43F7FB3E-152B-4F35-96D1-66EFB5C25AA0","1 - DAYLIGHT","165014853","1 - NOT COLLISION BETWEEN TWO MOTOR VEHICLES IN TRANSPORT","01 - DRY","1 - STRAIGHT LEVEL","2 - BLACKTOP, BITUMINOUS, ASPHALT","WALNUT HILLS","P - PEDESTRIAN","1 - CLEAR","45206",3,0.304,0.119426029212238,540035,39.1277399033645,-84.4895676898303,"Walnut Hills",204112
"21XX AUBURN AV",39.120714,-84.510994,"18-25","N/A","N/A","11/22/2016 10:06:00 AM +0000","03 - T-INTERSECTION","2 - INJURY",2,"11/22/2016 10:08:00 AM +0000","TUE","F - FEMALE","2 - POSSIBLE","8BFA4631-3EDF-472F-AA3E-07A98A4B4C7F","1 - DAYLIGHT","165019368","1 - NOT COLLISION BETWEEN TWO MOTOR VEHICLES IN TRANSPORT","01 - DRY","1 - STRAIGHT LEVEL","2 - BLACKTOP, BITUMINOUS, ASPHALT","N/A","P - PEDESTRIAN","1 - CLEAR","45219",2,1.103,0.166641441096972,630032,39.1209969619964,-84.5099006046561,"Mt. Auburn",274621
"10XX DANA AV",39.15013,-84.478966,"31-40","N/A","N/A","01/17/2013 08:06:00 PM +0000","02 - FOUR-WAY INTERSECTION","2 - INJURY",2,"01/17/2013 08:06:00 PM +0000","THU","M - MALE","3 - NON-INCAPACITATING","0BF7E3FE-A4A1-4785-B106-F4537573EE17","4 - DARK - LIGHTED ROADWAY","135000674","1 - NOT COLLISION BETWEEN TWO MOTOR VEHICLES IN TRANSPORT","01 - DRY","1 - STRAIGHT LEVEL","1 - CONCRETE","N/A","P - PEDESTRIAN","1 - CLEAR","45229",3,0.304,0.0884939146862524,490045,39.1502344701151,-84.4782716280421,"North Avondale",274686
"XX WUEST ST",39.161331,-84.507083,"UNDER 18","NORTH AVONDALE","CLIFTON","08/21/2018 07:10:00 PM +0000","01 - NOT AN INTERSECTION","2 - INJURY",2,"08/21/2018 07:15:00 PM +0000","TUE","F - FEMALE","2 - POSSIBLE","96BC06BD-4DD5-4648-8FD7-76E69ECAD5EE","3 - DUSK","185011739","1 - NOT COLLISION BETWEEN TWO MOTOR VEHICLES IN TRANSPORT","01 - DRY","1 - STRAIGHT LEVEL","2 - BLACKTOP, BITUMINOUS, ASPHALT","CLIFTON","P - PEDESTRIAN","2 - CLOUDY","45217",2,1.103,0.10840495498977,620050,39.1614963870924,-84.5076413916202,"Clifton",200052
"55XX COLERAIN",39.192758,-84.572596,"UNDER 18","MOUNT AIRY","MOUNT AIRY","07/05/2013 06:05:00 PM +0000","02 - FOUR-WAY INTERSECTION","2 - INJURY",2,"07/05/2013 06:10:00 PM +0000","FRI","F - FEMALE","3 - NON-INCAPACITATING","840FDB82-2B15-412C-853F-1B8EB725EC9C","1 - DAYLIGHT","135008208","1 - NOT COLLISION BETWEEN TWO MOTOR VEHICLES IN TRANSPORT","01 - DRY","1 - STRAIGHT LEVEL","2 - BLACKTOP, BITUMINOUS, ASPHALT","MT. AIRY","P - PEDESTRIAN","1 - CLEAR","45239",3,0.304,0.166776728653308,910064,39.1929964145991,-84.5731585722813,"Mt. Airy",274620
"15XX LINN ST",39.111429,-84.527227,"UNDER 18","WEST END","WEST  END","08/17/2017 04:23:00 PM +0000","01 - NOT AN INTERSECTION","2 - INJURY",2,"08/17/2017 04:24:00 PM +0000","THU","F - FEMALE","3 - NON-INCAPACITATING","4D7154BA-8FA6-4E9D-A2C9-08E79D425846","1 - DAYLIGHT","175012290","1 - NOT COLLISION BETWEEN TWO MOTOR VEHICLES IN TRANSPORT","02 - WET","1 - STRAIGHT LEVEL","2 - BLACKTOP, BITUMINOUS, ASPHALT","WEST END","P - PEDESTRIAN","4 - RAIN","45214",3,0.304,0.213874511565166,710028,39.112000267897,-84.5279743093478,"West End",276647
"5XX FINDLAY ST",39.115681,-84.527877,"18-25","N/A","N/A","12/26/2017 08:25:00 AM +0000","02 - FOUR-WAY INTERSECTION","3 - PROPERTY DAMAGE ONLY (PDO)",3,"12/26/2017 08:54:00 AM +0000","TUE","M - MALE","1 - NO INJURY / NONE REPORTED","A2A18B8B-6D3D-4B99-BD3E-F5345F858661","1 - DAYLIGHT","175019592","1 - NOT COLLISION BETWEEN TWO MOTOR VEHICLES IN TRANSPORT","01 - DRY","1 - STRAIGHT LEVEL","2 - BLACKTOP, BITUMINOUS, ASPHALT","N/A","P - PEDESTRIAN","1 - CLEAR","45214",1,10.082,0.0944231532555501,710030,39.1165002719976,-84.5279743093421,"West End",276647
"1XX E 12TH ST",39.108756,-84.512273,"61-70","OTR","OVER-THE-RHINE","06/14/2018 09:20:00 AM +0000","03 - T-INTERSECTION","2 - INJURY",2,"06/14/2018 09:20:00 AM +0000","THU","F - FEMALE","2 - POSSIBLE","9838A49F-B445-4D39-A34A-BFF14F745F14","1 - DAYLIGHT","185008304","1 - NOT COLLISION BETWEEN TWO MOTOR VEHICLES IN TRANSPORT","01 - DRY","1 - STRAIGHT LEVEL","2 - BLACKTOP, BITUMINOUS, ASPHALT","OVER-THE-RHINE","P - PEDESTRIAN","1 - CLEAR","45202",2,1.103,0.100690357949897,640027,39.1097475188569,-84.5121598176614,"Over-The-Rhine",202750
"31XX MADISON RD",39.152627,-84.431437,"51-60","N/A","N/A","01/30/2013 07:15:00 AM +0000","02 - FOUR-WAY INTERSECTION","2 - INJURY",2,"01/30/2013 07:17:00 AM +0000","WED","M - MALE","4 - INCAPACITATING","755A8B07-8A2A-478F-97DA-71055A125119","2 - DAWN","135001187","1 - NOT COLLISION BETWEEN TWO MOTOR VEHICLES IN TRANSPORT","02 - WET","1 - STRAIGHT LEVEL","2 - BLACKTOP, BITUMINOUS, ASPHALT","N/A","P - PEDESTRIAN","4 - RAIN","45209",4,0.141,0.206825129251302,280046,39.1524496659273,-84.4308281939085,"Oakley",202657
"1XX E LIBERTY ST",39.112438,-84.512342,"51-60","N/A","N/A","12/19/2016 06:00:00 PM +0000","02 - FOUR-WAY INTERSECTION","2 - INJURY",2,"12/19/2016 06:02:00 PM +0000","MON","M - MALE","3 - NON-INCAPACITATING","D1FC1D8A-B034-43F2-A5F6-FA30CC8ED87C","4 - DARK - LIGHTED ROADWAY","165021197","1 - NOT COLLISION BETWEEN TWO MOTOR VEHICLES IN TRANSPORT","01 - DRY","1 - STRAIGHT LEVEL","2 - BLACKTOP, BITUMINOUS, ASPHALT","N/A","P - PEDESTRIAN","1 - CLEAR","45202",3,0.304,0.167756329929267,640028,39.1119975208634,-84.5121598176568,"Over-The-Rhine",202750
"S I75 AT 0-1 MM",39.100299,-84.522031,"31-40","N/A","N/A","08/30/2015 09:51:00 PM +0000","01 - NOT AN INTERSECTION","1 - FATAL INJURY",1,"08/30/2015 09:51:00 PM +0000","SUN","M - MALE","5 - FATAL","316DB597-19A7-4913-9EA6-A83A68237F51","4 - DARK - LIGHTED ROADWAY","155012242","1 - NOT COLLISION BETWEEN TWO MOTOR VEHICLES IN TRANSPORT","01 - DRY","1 - STRAIGHT LEVEL","1 - CONCRETE","N/A","P - PEDESTRIAN","1 - CLEAR","",5,0.046,0.181987894927406,680023,39.1007493420291,-84.5211966699216,"Central Business District",273189
"30XX WERK RD",39.140771,-84.599603,"UNDER 18","N/A","N/A","10/17/2017 07:37:00 PM +0000","02 - FOUR-WAY INTERSECTION","2 - INJURY",2,"10/17/2017 07:37:00 PM +0000","TUE","M - MALE","3 - NON-INCAPACITATING","F8747A8C-A645-4155-BFBE-2AD0AD62C047","4 - DARK - LIGHTED ROADWAY","175015804","1 - NOT COLLISION BETWEEN TWO MOTOR VEHICLES IN TRANSPORT","01 - DRY","1 - STRAIGHT LEVEL","2 - BLACKTOP, BITUMINOUS, ASPHALT","N/A","P - PEDESTRIAN","1 - CLEAR","45211",3,0.304,0.147643132002868,1030041,39.1412356405286,-84.6002691236236,"Westwood",204284
"48XX GLENWAY",39.119008,-84.599495,"61-70","N/A","N/A","10/27/2013 09:08:00 AM +0000","02 - FOUR-WAY INTERSECTION","2 - INJURY",2,"10/27/2013 09:12:00 AM +0000","SUN","F - FEMALE","2 - POSSIBLE","B70ED3D8-4ED1-4B32-97B3-91B1C96EDF3C","1 - DAYLIGHT","135011468","1 - NOT COLLISION BETWEEN TWO MOTOR VEHICLES IN TRANSPORT","01 - DRY","1 - STRAIGHT LEVEL","2 - BLACKTOP, BITUMINOUS, ASPHALT","N/A","P - PEDESTRIAN","1 - CLEAR","45238",2,1.103,0.10139138976865,1030031,39.1187356224711,-84.6002691235776,"West Price HIll",275981
"2XX ERKENBRECHER AV",39.141475,-84.504646,"18-25","N/A","N/A","07/20/2016 08:00:00 AM +0000","10 - DRIVEWAY/ALLEY ACCESS","2 - INJURY",2,"07/20/2016 08:02:00 AM +0000","WED","F - FEMALE","2 - POSSIBLE","5D15238A-6F7B-456B-BCB5-6BB41009E9B1","1 - DAYLIGHT","165011384","1 - NOT COLLISION BETWEEN TWO MOTOR VEHICLES IN TRANSPORT","01 - DRY","1 - STRAIGHT LEVEL","1 - CONCRETE","N/A","P - PEDESTRIAN","1 - CLEAR","45229",2,1.103,0.097010691985301,610041,39.1412457151342,-84.5053821787599,"Corryville",200172
"21XX WESTWOOD NORTHERN BV",39.145367,-84.563589,"18-25","N/A","N/A","01/12/2018 06:05:04 PM +0000","02 - FOUR-WAY INTERSECTION","2 - INJURY",2,"01/12/2018 06:13:34 PM +0000","FRI","F - FEMALE","3 - NON-INCAPACITATING","F3A7565E-BDD4-4F3D-A152-FD9A2B2BB25F","4 - DARK - LIGHTED ROADWAY","185000620","2 - REAR-END","03 - SNOW","1 - STRAIGHT LEVEL","1 - CONCRETE","N/A","P - PEDESTRIAN","6 - SNOW","45225",3,0.304,0.169047294911904,870043,39.1457485539973,-84.5641217202317,"East Westwood",273574
"25XX VINE ST",39.127541,-84.511733,"18-25","MOUNT AUBURN","CORRYVILLE","11/19/2016 02:40:35 AM +0000","02 - FOUR-WAY INTERSECTION","2 - INJURY",2,"11/19/2016 02:46:55 AM +0000","SAT","M - MALE","3 - NON-INCAPACITATING","59CE01C2-1B26-4382-A103-E8D4DE5D5631","4 - DARK - LIGHTED ROADWAY","165019198","1 - NOT COLLISION BETWEEN TWO MOTOR VEHICLES IN TRANSPORT","02 - WET","2 - STRAIGHT GRADE","2 - BLACKTOP, BITUMINOUS, ASPHALT","CORRYVILLE","P - PEDESTRIAN","4 - RAIN","45219",3,0.304,0.102353645738888,640035,39.1277475348877,-84.5121598176245,"CUF",273417
"XX W MITCHELL AV",39.161601,-84.505083,"18-25","N/A","N/A","04/01/2016 04:05:00 PM +0000","02 - FOUR-WAY INTERSECTION","2 - INJURY",2,"04/01/2016 04:06:00 PM +0000","FRI","F - FEMALE","3 - NON-INCAPACITATING","8354A7B1-67E9-4606-A500-D4066DF41D47","1 - DAYLIGHT","165004842","1 - NOT COLLISION BETWEEN TWO MOTOR VEHICLES IN TRANSPORT","01 - DRY","1 - STRAIGHT LEVEL","2 - BLACKTOP, BITUMINOUS, ASPHALT","N/A","P - PEDESTRIAN","1 - CLEAR","45217",3,0.304,0.121919608105975,610050,39.1614957328021,-84.5053821787121,"Clifton",200052
"33XX READING RD",39.139078,-84.494866,"31-40","AVONDALE","AVONDALE","03/11/2016 04:04:00 PM +0000","01 - NOT AN INTERSECTION","2 - INJURY",2,"03/11/2016 04:04:00 PM +0000","FRI","M - MALE","3 - NON-INCAPACITATING","6EB80653-CD57-4908-8503-46850BC35A9F","1 - DAYLIGHT","165003712","1 - NOT COLLISION BETWEEN TWO MOTOR VEHICLES IN TRANSPORT","01 - DRY","2 - STRAIGHT GRADE","2 - BLACKTOP, BITUMINOUS, ASPHALT","AVONDALE","P - PEDESTRIAN","1 - CLEAR","45229",3,0.304,0.205380520014206,560040,39.1389917880638,-84.4940861149431,"Avondale",199345
"31XX DURRELL AV",39.137228,-84.478506,"61-70","N/A","N/A","03/02/2016 07:20:00 PM +0000","01 - NOT AN INTERSECTION","2 - INJURY",2,"03/02/2016 07:20:00 PM +0000","WED","M - MALE","2 - POSSIBLE","33DDE6D4-F504-476F-9970-C3E4CBC2C10B","4 - DARK - LIGHTED ROADWAY","165003221","1 - NOT COLLISION BETWEEN TWO MOTOR VEHICLES IN TRANSPORT","01 - DRY","2 - STRAIGHT GRADE","1 - CONCRETE","N/A","P - PEDESTRIAN","1 - CLEAR","45207",2,1.103,0.110024599710202,490039,39.1367344594203,-84.4782716280881,"Evanston",200632
"55XX MADISON RD",39.161409,-84.398719,"51-60","N/A","N/A","06/07/2016 10:10:00 PM +0000","02 - FOUR-WAY INTERSECTION","2 - INJURY",2,"06/07/2016 10:12:00 PM +0000","TUE","M - MALE","3 - NON-INCAPACITATING","E5C3C3E3-C802-4CB8-BD8E-20204F235C86","4 - DARK - LIGHTED ROADWAY","165008928","1 - NOT COLLISION BETWEEN TWO MOTOR VEHICLES IN TRANSPORT","01 - DRY","2 - STRAIGHT GRADE","2 - BLACKTOP, BITUMINOUS, ASPHALT","N/A","P - PEDESTRIAN","1 - CLEAR","45227",3,0.304,0.17326436106648,140050,39.1614157785792,-84.3991992694744,"Madisonville",201948
"34XX BOUDINOT",39.148065,-84.603055,"41-50","N/A","N/A","01/16/2013 07:02:00 PM +0000","02 - FOUR-WAY INTERSECTION","2 - INJURY",2,"01/16/2013 07:02:00 PM +0000","WED","F - FEMALE","2 - POSSIBLE","068D49DA-EE25-4CD0-9F29-D32ED5A232B9","4 - DARK - LIGHTED ROADWAY","135000610","1 - NOT COLLISION BETWEEN TWO MOTOR VEHICLES IN TRANSPORT","01 - DRY","1 - STRAIGHT LEVEL","2 - BLACKTOP, BITUMINOUS, ASPHALT","N/A","P - PEDESTRIAN","2 - CLOUDY","45211",2,1.103,0.112647606254689,1040044,39.1479844683246,-84.6025283358385,"Westwood",204284
"10XX LINN ST",39.120454,-84.524214,"61-70","WEST END","WEST  END","12/02/2017 10:15:00 AM +0000","01 - NOT AN INTERSECTION","2 - INJURY",2,"12/02/2017 10:30:00 AM +0000","SAT","F - FEMALE","3 - NON-INCAPACITATING","08E65F91-80D0-4EEB-B0D6-A1594ED41D9A","1 - DAYLIGHT","175018409","1 - NOT COLLISION BETWEEN TWO MOTOR VEHICLES IN TRANSPORT","01 - DRY","1 - STRAIGHT LEVEL","2 - BLACKTOP, BITUMINOUS, ASPHALT","WEST END","P - PEDESTRIAN","1 - CLEAR","45203",3,0.304,0.202894145888944,690032,39.12099970921,-84.523455883018,"Over-The-Rhine",202750
"16XX RACE ST",39.113731,-84.518237,"51-60","N/A","N/A","05/10/2018 11:37:00 AM +0000","02 - FOUR-WAY INTERSECTION","2 - INJURY",2,"05/10/2018 11:40:00 AM +0000","THU","F - FEMALE","3 - NON-INCAPACITATING","7C70508D-FF1E-4BED-9D20-398FDBEF0F04","1 - DAYLIGHT","185006504","1 - NOT COLLISION BETWEEN TWO MOTOR VEHICLES IN TRANSPORT","01 - DRY","1 - STRAIGHT LEVEL","2 - BLACKTOP, BITUMINOUS, ASPHALT","N/A","P - PEDESTRIAN","1 - CLEAR","45202",3,0.304,0.194000461194668,670029,39.1142489618151,-84.5189374567953,"Over-The-Rhine",202750
"3XX LUDLOW AV",39.144118,-84.522853,"51-60","N/A","N/A","01/13/2016 10:25:00 AM +0000","03 - T-INTERSECTION","2 - INJURY",2,"01/13/2016 10:28:00 AM +0000","WED","F - FEMALE","3 - NON-INCAPACITATING","59AC0C12-FA50-4156-B378-4D517E9D813B","1 - DAYLIGHT","165000618","1 - NOT COLLISION BETWEEN TWO MOTOR VEHICLES IN TRANSPORT","01 - DRY","1 - STRAIGHT LEVEL","2 - BLACKTOP, BITUMINOUS, ASPHALT","N/A","P - PEDESTRIAN","1 - CLEAR","45220",3,0.304,0.0970959547151761,690042,39.1434997295589,-84.5234558829843,"Clifton",200052
"XX CALHOUN ST",39.128271,-84.512926,"18-25","N/A","N/A","09/13/2016 04:38:00 PM +0000","02 - FOUR-WAY INTERSECTION","2 - INJURY",2,"09/13/2016 04:38:00 PM +0000","TUE","F - FEMALE","2 - POSSIBLE","E16E137E-AD32-4444-A921-3BB71810F91D","1 - DAYLIGHT","165014909","1 - NOT COLLISION BETWEEN TWO MOTOR VEHICLES IN TRANSPORT","01 - DRY","1 - STRAIGHT LEVEL","1 - CONCRETE","N/A","P - PEDESTRIAN","1 - CLEAR","45219",2,1.103,0.102353645738888,640035,39.1277475348877,-84.5121598176245,"CUF",273417
"67XX MADISON",39.160416,-84.382013,"UNDER 18","N/A","N/A","07/04/2013 11:00:20 PM +0000","04 - Y-INTERSECTION","2 - INJURY",2,"07/04/2013 11:33:00 PM +0000","THU","M - MALE","3 - NON-INCAPACITATING","C0347A6A-5559-4E5E-B43E-8858FF7EF50D","4 - DARK - LIGHTED ROADWAY","135008159","1 - NOT COLLISION BETWEEN TWO MOTOR VEHICLES IN TRANSPORT","02 - WET","3 - CURVE LEVEL","2 - BLACKTOP, BITUMINOUS, ASPHALT","N/A","P - PEDESTRIAN","4 - RAIN","45227",3,0.304,0.104120947912663,60050,39.1613925731229,-84.3811256133055,"Madisonville",201948
"XX E LIBERTY ST",39.100233,-84.509213,"41-50","N/A","N/A","11/17/2014 11:00:00 PM +0000","02 - FOUR-WAY INTERSECTION","2 - INJURY",2,"11/17/2014 11:00:00 PM +0000","MON","M - MALE","2 - POSSIBLE","C3459F39-CAE3-4A33-A427-D76C014F0A11","4 - DARK - LIGHTED ROADWAY","145011815","1 - NOT COLLISION BETWEEN TWO MOTOR VEHICLES IN TRANSPORT","03 - SNOW","1 - STRAIGHT LEVEL","1 - CONCRETE","N/A","P - PEDESTRIAN","1 - CLEAR","45202",2,1.103,0.218666160415596,630023,39.1007469440215,-84.5099006046997,"Central Business District",273189
"1XX W 5TH ST",39.100468,-84.515785,"18-25","N/A","N/A","11/18/2017 09:58:00 PM +0000","02 - FOUR-WAY INTERSECTION","2 - INJURY",2,"11/18/2017 09:59:00 PM +0000","SAT","F - FEMALE","3 - NON-INCAPACITATING","862E0DC0-A180-45CD-B810-D366BABB0AEB","4 - DARK - LIGHTED ROADWAY","175017720","1 - NOT COLLISION BETWEEN TWO MOTOR VEHICLES IN TRANSPORT","02 - WET","1 - STRAIGHT LEVEL","2 - BLACKTOP, BITUMINOUS, ASPHALT","N/A","P - PEDESTRIAN","4 - RAIN","45202",3,0.304,0.164797789425876,660023,39.1007485136265,-84.516678243742,"Central Business District",273189
"S I71 AT 1-9 MM",39.108843,-84.502935,"31-40","N/A","N/A","08/07/2014 02:00:00 AM +0000","01 - NOT AN INTERSECTION","2 - INJURY",2,"08/07/2014 06:30:00 AM +0000","THU","M - MALE","3 - NON-INCAPACITATING","F7717AFC-1D43-44AA-818C-D0C0361D65CD","4 - DARK - LIGHTED ROADWAY","145007002","1 - NOT COLLISION BETWEEN TWO MOTOR VEHICLES IN TRANSPORT","01 - DRY","1 - STRAIGHT LEVEL","2 - BLACKTOP, BITUMINOUS, ASPHALT","N/A","P - PEDESTRIAN","1 - CLEAR","45202",3,0.304,0.133867425431041,600027,39.1097449898829,-84.5031229659748,"Central Business District",273189
"35XX READING RD",39.144118,-84.491186,"UNDER 18","AVONDALE","AVONDALE","08/18/2015 05:15:00 PM +0000","02 - FOUR-WAY INTERSECTION","2 - INJURY",2,"08/18/2015 05:17:00 PM +0000","TUE","M - MALE","3 - NON-INCAPACITATING","FE692EFE-463D-47A9-9FBE-CB193B178D1C","1 - DAYLIGHT","155011545","1 - NOT COLLISION BETWEEN TWO MOTOR VEHICLES IN TRANSPORT","01 - DRY","1 - STRAIGHT LEVEL","2 - BLACKTOP, BITUMINOUS, ASPHALT","AVONDALE","P - PEDESTRIAN","1 - CLEAR","45229",3,0.304,0.0997927092020308,550042,39.1434908759816,-84.4918269023265,"Avondale",199345
"36XX BOUDINOT AV",39.153233,-84.603851,"UNDER 18","N/A","N/A","04/23/2018 05:25:00 PM +0000","02 - FOUR-WAY INTERSECTION","2 - INJURY",2,"04/23/2018 05:25:00 PM +0000","MON","F - FEMALE","3 - NON-INCAPACITATING","9EB3984A-D80A-47FE-8A9E-50A86D1D6F6A","1 - DAYLIGHT","185005617","1 - NOT COLLISION BETWEEN TWO MOTOR VEHICLES IN TRANSPORT","02 - WET","1 - STRAIGHT LEVEL","2 - BLACKTOP, BITUMINOUS, ASPHALT","N/A","P - PEDESTRIAN","4 - RAIN","45211",3,0.304,0.10523096427005,1050046,39.1524832506227,-84.6047875479724,"Westwood",204284
"31XX MCHENRY AV",39.144351,-84.574978,"UNDER 18","WESTWOOD","WESTWOOD","11/27/2017 06:50:00 AM +0000","01 - NOT AN INTERSECTION","3 - PROPERTY DAMAGE ONLY (PDO)",3,"11/27/2017 06:55:00 AM +0000","MON","M - MALE","1 - NO INJURY / NONE REPORTED","9FFAF919-FA4F-4AA9-B7E3-F3F48AE21B9F","2 - DAWN","175018099","1 - NOT COLLISION BETWEEN TWO MOTOR VEHICLES IN TRANSPORT","01 - DRY","3 - CURVE LEVEL","2 - BLACKTOP, BITUMINOUS, ASPHALT","WESTWOOD","P - PEDESTRIAN","1 - CLEAR","45211",1,10.082,0.173837529532072,920042,39.1434957170948,-84.5754177851395,"Westwood",204284
"22XX READING RD",39.121999,-84.501469,"31-40","WALNUT HILLS","WALNUT HILLS","03/17/2015 12:35:00 PM +0000","01 - NOT AN INTERSECTION","2 - INJURY",2,"03/17/2015 12:35:00 PM +0000","TUE","F - FEMALE","4 - INCAPACITATING","1AE05555-6002-440A-B61E-C7214A762EF5","1 - DAYLIGHT","155003721","6 - ANGLE","01 - DRY","1 - STRAIGHT LEVEL","2 - BLACKTOP, BITUMINOUS, ASPHALT","WALNUT HILLS","P - PEDESTRIAN","1 - CLEAR","45219",4,0.141,0.122533346117444,590032,39.1209942583893,-84.5008637531327,"Mt. Auburn",274621
"3XX LUDLOW AV",39.142604,-84.519626,"26-30","N/A","N/A","12/04/2013 08:50:00 AM +0000","02 - FOUR-WAY INTERSECTION","2 - INJURY",2,"12/04/2013 09:10:00 AM +0000","WED","F - FEMALE","2 - POSSIBLE","E2F6EDC5-C688-45DD-ABA5-9A4696D3D598","1 - DAYLIGHT","135012524","1 - NOT COLLISION BETWEEN TWO MOTOR VEHICLES IN TRANSPORT","01 - DRY","1 - STRAIGHT LEVEL","2 - BLACKTOP, BITUMINOUS, ASPHALT","N/A","P - PEDESTRIAN","2 - CLOUDY","45220",2,1.103,0.108990433484349,670042,39.1434989881264,-84.5189374567449,"Clifton",200052
"8XX DUTCH COLONY DR",39.191124,-84.516784,"UNDER 18","WINTON HILLS","WINTON HILLS","10/04/2017 04:30:00 PM +0000","01 - NOT AN INTERSECTION","2 - INJURY",2,"10/04/2017 04:33:00 PM +0000","WED","M - MALE","2 - POSSIBLE","44CAD460-CE94-4DF9-B17D-8C50C54476AC","1 - DAYLIGHT","175015016","1 - NOT COLLISION BETWEEN TWO MOTOR VEHICLES IN TRANSPORT","01 - DRY","1 - STRAIGHT LEVEL","2 - BLACKTOP, BITUMINOUS, ASPHALT","WINTON HILLS","P - PEDESTRIAN","1 - CLEAR","45232",2,1.103,0.10323132553335,660063,39.1907485940707,-84.516678243577,"Winton Hills",276110
"28XX FISCHER PL",39.145904,-84.591479,"UNDER 18","N/A","N/A","10/03/2017 07:55:00 AM +0000","01 - NOT AN INTERSECTION","2 - INJURY",2,"10/03/2017 07:57:00 AM +0000","TUE","M - MALE","2 - POSSIBLE","F016E06C-B923-4FE5-8AAA-14B98A509603","1 - DAYLIGHT","175014926","1 - NOT COLLISION BETWEEN TWO MOTOR VEHICLES IN TRANSPORT","01 - DRY","1 - STRAIGHT LEVEL","2 - BLACKTOP, BITUMINOUS, ASPHALT","N/A","P - PEDESTRIAN","1 - CLEAR","45211",2,1.103,0.0950769218740077,990043,39.1457399183435,-84.5912322741153,"Westwood",204284