"address_x","lat","long","age","community_council_neighborhood","cpd_neighborhood","crashdate","crashlocation","crashseverity","crashseverityid","datecrashreported","dayofweek","gender","injuries","instanceid","lightconditionsprimary","localreportno","mannerofcrash","roadconditionsprimary","roadcontour","roadsurface","sna_neighborhood","typeofperson","weather","zip","injury_type_num","cost","dist","cell_id","lat_cell","long_cell","hood","hood_id"
"13XX WALNUT ST",39.109719,-84.512705,"26-30","OTR","OVER-THE-RHINE","04/03/2016 03:09:00 PM +0000","02 - FOUR-WAY INTERSECTION","2 - INJURY",2,"04/03/2016 03:09:00 PM +0000","SUN","F - FEMALE","3 - NON-INCAPACITATING","126B7237-9622-4E81-AE36-3B8E843822ED","1 - DAYLIGHT","165004946","1 - NOT COLLISION BETWEEN TWO MOTOR VEHICLES IN TRANSPORT","01 - DRY","1 - STRAIGHT LEVEL","2 - BLACKTOP, BITUMINOUS, ASPHALT","OVER-THE-RHINE","P - PEDESTRIAN","1 - CLEAR","45202",3,0.304,0.100690357949897,640027,39.1097475188569,-84.5121598176614,"Over-The-Rhine",202750
"25XX QUEEN CITY",39.129857,-84.585851,"UNDER 18","WESTWOOD","WESTWOOD","09/05/2015 06:55:00 AM +0000","01 - NOT AN INTERSECTION","2 - INJURY",2,"09/05/2015 07:01:00 AM +0000","SAT","M - MALE","4 - INCAPACITATING","96AF6476-45C4-4392-9117-785AB7B5256B","1 - DAYLIGHT","155012607","1 - NOT COLLISION BETWEEN TWO MOTOR VEHICLES IN TRANSPORT","01 - DRY","2 - STRAIGHT GRADE","1 - CONCRETE","WESTWOOD","P - PEDESTRIAN","2 - CLOUDY","45238",4,0.141,0.0929852816697856,970036,39.1299917804379,-84.5867138489428,"Westwood",204284
"29XX BOUDINOT",39.137251,-84.605296,"41-50","N/A","N/A","06/29/2014 04:15:00 PM +0000","01 - NOT AN INTERSECTION","2 - INJURY",2,"06/29/2014 04:20:00 PM +0000","SUN","F - FEMALE","3 - NON-INCAPACITATING","9749185A-BA4C-4942-91C0-4E1954A76739","1 - DAYLIGHT","145005396","1 - NOT COLLISION BETWEEN TWO MOTOR VEHICLES IN TRANSPORT","01 - DRY","1 - STRAIGHT LEVEL","2 - BLACKTOP, BITUMINOUS, ASPHALT","N/A","P - PEDESTRIAN","1 - CLEAR","45238",3,0.304,0.157284382936953,1050039,39.1367332382869,-84.604787547938,"Westwood",204284
"14XX VINE ST",39.111632,-84.515168,"31-40","OTR","OVER-THE-RHINE","09/26/2016 07:25:06 PM +0000","01 - NOT AN INTERSECTION","2 - INJURY",2,"09/26/2016 08:21:59 PM +0000","MON","M - MALE","3 - NON-INCAPACITATING","18CA84E8-9074-4A66-8118-E01691C614D6","1 - DAYLIGHT","165015732","1 - NOT COLLISION BETWEEN TWO MOTOR VEHICLES IN TRANSPORT","01 - DRY","1 - STRAIGHT LEVEL","2 - BLACKTOP, BITUMINOUS, ASPHALT","OVER-THE-RHINE","P - PEDESTRIAN","1 - CLEAR","45202",3,0.304,0.215255452044015,650028,39.1119980441079,-84.5144190306731,"Over-The-Rhine",202750
"15XX BEECH AV",39.120973,-84.575894,"UNDER 18","N/A","N/A","05/25/2016 08:01:00 PM +0000","02 - FOUR-WAY INTERSECTION","2 - INJURY",2,"05/25/2016 08:02:00 PM +0000","WED","M - MALE","4 - INCAPACITATING","A1DC8798-813C-4A59-9AD1-AB8C89A1A62A","1 - DAYLIGHT","165008178","1 - NOT COLLISION BETWEEN TWO MOTOR VEHICLES IN TRANSPORT","01 - DRY","1 - STRAIGHT LEVEL","1 - CONCRETE","N/A","P - PEDESTRIAN","1 - CLEAR","45205",4,0.141,0.1957809592043,920032,39.1209956974004,-84.5754177851154,"West Price HIll",275981
"22XX BEECHMONT AV",39.094306,-84.387192,"18-25","N/A","N/A","03/24/2018 08:55:27 AM +0000","10 - DRIVEWAY/ALLEY ACCESS","2 - INJURY",2,"03/24/2018 09:41:46 AM +0000","SAT","M - MALE","2 - POSSIBLE","70F663DA-2F1B-4584-82F5-B89C8CAFC399","1 - DAYLIGHT","185004099","6 - ANGLE","01 - DRY","2 - STRAIGHT GRADE","2 - BLACKTOP, BITUMINOUS, ASPHALT","N/A","P - PEDESTRIAN","2 - CLOUDY","45230",2,1.103,0.12738423571022,90020,39.0939015892843,-84.3879032331191,"Mt. Washington",274624
"39XX VINE ST",39.15927,-84.505376,"41-50","N/A","N/A","01/11/2013 01:10:00 PM +0000","10 - DRIVEWAY/ALLEY ACCESS","2 - INJURY",2,"01/11/2013 01:13:00 PM +0000","FRI","M - MALE","2 - POSSIBLE","BCBC579D-BD86-4B25-8F68-CAFD18E1A9A7","1 - DAYLIGHT","135000449","1 - NOT COLLISION BETWEEN TWO MOTOR VEHICLES IN TRANSPORT","01 - DRY","1 - STRAIGHT LEVEL","2 - BLACKTOP, BITUMINOUS, ASPHALT","N/A","P - PEDESTRIAN","1 - CLEAR","45217",2,1.103,0.180045276940354,610049,39.159245730842,-84.5053821787174,"Clifton",200052
"26XX QUEEN CITY AV",39.131481,-84.593653,"31-40","N/A","N/A","01/12/2018 12:15:54 PM +0000","02 - FOUR-WAY INTERSECTION","2 - INJURY",2,"01/12/2018 12:16:54 PM +0000","FRI","F - FEMALE","2 - POSSIBLE","D3A28B6D-B501-457C-AEF9-8A3CD390E4C8","1 - DAYLIGHT","185000582","1 - NOT COLLISION BETWEEN TWO MOTOR VEHICLES IN TRANSPORT","02 - WET","2 - STRAIGHT GRADE","2 - BLACKTOP, BITUMINOUS, ASPHALT","N/A","P - PEDESTRIAN","4 - RAIN","45238",2,1.103,0.162364598775145,1000037,39.1322389040742,-84.5934914865717,"Westwood",204284
"37XX ST LAWRENCE AV",39.110755,-84.57492,"UNDER 18","EAST PRICE HILL","EAST PRICE HILL","04/09/2015 06:30:00 AM +0000","03 - T-INTERSECTION","2 - INJURY",2,"04/09/2015 06:47:00 AM +0000","THU","F - FEMALE","2 - POSSIBLE","C10D6787-65B8-478B-B071-7AC86E5FE4B5","4 - DARK - LIGHTED ROADWAY","155004863","1 - NOT COLLISION BETWEEN TWO MOTOR VEHICLES IN TRANSPORT","01 - DRY","2 - STRAIGHT GRADE","2 - BLACKTOP, BITUMINOUS, ASPHALT","EAST PRICE HILL","P - PEDESTRIAN","2 - CLOUDY","45205",2,1.103,0.123005452630143,920027,39.1097456875254,-84.5754177851033,"East Price Hill",273561
"8XX WILLIAM HOWARD TAFT RD",39.127911,-84.489315,"UNDER 18","WALNUT HILLS","WALNUT HILLS","09/12/2016 05:20:00 PM +0000","02 - FOUR-WAY INTERSECTION","2 - INJURY",2,"09/12/2016 05:22:00 PM +0000","MON","M - MALE","2 - POSSIBLE","43F7FB3E-152B-4F35-96D1-66EFB5C25AA0","1 - DAYLIGHT","165014853","1 - NOT COLLISION BETWEEN TWO MOTOR VEHICLES IN TRANSPORT","01 - DRY","1 - STRAIGHT LEVEL","2 - BLACKTOP, BITUMINOUS, ASPHALT","WALNUT HILLS","P - PEDESTRIAN","1 - CLEAR","45206",2,1.103,0.119426029212238,540035,39.1277399033645,-84.4895676898303,"Walnut Hills",204112
"15XX VINE ST",39.112113,-84.515545,"51-60","OTR","OVER-THE-RHINE","10/05/2016 11:47:22 AM +0000","02 - FOUR-WAY INTERSECTION","2 - INJURY",2,"10/05/2016 11:49:36 AM +0000","WED","F - FEMALE","3 - NON-INCAPACITATING","DC0BB53A-8A9C-4944-B226-7E3FCA111B1B","1 - DAYLIGHT","165016344","6 - ANGLE","01 - DRY","1 - STRAIGHT LEVEL","2 - BLACKTOP, BITUMINOUS, ASPHALT","OVER-THE-RHINE","P - PEDESTRIAN","1 - CLEAR","45202",3,0.304,0.215255452044015,650028,39.1119980441079,-84.5144190306731,"Over-The-Rhine",202750
"7XX WALNUT ST",39.103174,-84.512172,"31-40","N/A","N/A","12/10/2016 10:53:00 PM +0000","02 - FOUR-WAY INTERSECTION","3 - PROPERTY DAMAGE ONLY (PDO)",3,"12/10/2016 10:53:00 PM +0000","SAT","M - MALE","1 - NO INJURY / NONE REPORTED","43349608-A3C0-47BC-B513-3AA5A75B798B","4 - DARK - LIGHTED ROADWAY","165020601","1 - NOT COLLISION BETWEEN TWO MOTOR VEHICLES IN TRANSPORT","01 - DRY","1 - STRAIGHT LEVEL","2 - BLACKTOP, BITUMINOUS, ASPHALT","N/A","P - PEDESTRIAN","1 - CLEAR","45202",1,10.082,0.120445558999439,640024,39.1029975128329,-84.5121598176752,"Central Business District",273189
"9XX E MCMILLAN ST",39.136861,-84.493421,"18-25","N/A","N/A","08/18/2017 10:20:00 PM +0000","02 - FOUR-WAY INTERSECTION","3 - PROPERTY DAMAGE ONLY (PDO)",3,"08/18/2017 10:29:00 PM +0000","FRI","F - FEMALE","1 - NO INJURY / NONE REPORTED","682D2B5B-8F3A-405D-82A3-6C04AA78D8A1","5 - DARK – ROADWAY NOT LIGHTED","175012380","1 - NOT COLLISION BETWEEN TWO MOTOR VEHICLES IN TRANSPORT","01 - DRY","1 - STRAIGHT LEVEL","2 - BLACKTOP, BITUMINOUS, ASPHALT","N/A","P - PEDESTRIAN","1 - CLEAR","45206",1,10.082,0.110599149852092,560039,39.1367417861603,-84.4940861149495,"Avondale",199345
"27XX MADISON",39.14674,-84.441885,"41-50","N/A","N/A","05/31/2013 05:28:00 PM +0000","01 - NOT AN INTERSECTION","2 - INJURY",2,"05/31/2013 05:30:00 PM +0000","FRI","M - MALE","4 - INCAPACITATING","CE6F434C-9F44-4B40-8221-F438662A4CE9","3 - DUSK","135006874","1 - NOT COLLISION BETWEEN TWO MOTOR VEHICLES IN TRANSPORT","01 - DRY","1 - STRAIGHT LEVEL","2 - BLACKTOP, BITUMINOUS, ASPHALT","N/A","P - PEDESTRIAN","1 - CLEAR","45209",4,0.141,0.11594930681222,330043,39.1457096935867,-84.4421242452177,"Oakley",202657
"60XX GLENWAY AV",39.145151,-84.618416,"18-25","N/A","N/A","12/28/2015 07:30:00 PM +0000","01 - NOT AN INTERSECTION","2 - INJURY",2,"12/28/2015 08:06:00 PM +0000","MON","F - FEMALE","2 - POSSIBLE","6816B6C4-4E59-4101-9D5E-08B49EC57D26","4 - DARK - LIGHTED ROADWAY","155018982","1 - NOT COLLISION BETWEEN TWO MOTOR VEHICLES IN TRANSPORT","02 - WET","1 - STRAIGHT LEVEL","2 - BLACKTOP, BITUMINOUS, ASPHALT","N/A","P - PEDESTRIAN","4 - RAIN","45211",2,1.103,0.121794935418698,1110043,39.1457250022194,-84.6183428189276,"Westwood",204284
"27XX WASSON",39.144073,-84.442035,"26-30","N/A","N/A","12/17/2013 12:05:32 PM +0000","02 - FOUR-WAY INTERSECTION","2 - INJURY",2,"12/17/2013 01:02:56 PM +0000","TUE","F - FEMALE","2 - POSSIBLE","66663C6C-6CD4-43A0-9066-10F7096489B0","1 - DAYLIGHT","135012919","1 - NOT COLLISION BETWEEN TWO MOTOR VEHICLES IN TRANSPORT","01 - DRY","1 - STRAIGHT LEVEL","2 - BLACKTOP, BITUMINOUS, ASPHALT","N/A","P - PEDESTRIAN","2 - CLOUDY","45209",2,1.103,0.192066986657233,330042,39.1434596922079,-84.4421242452268,"Hyde Park",201414
"15XX SUMMIT RD",39.202573,-84.462376,"26-30","N/A","N/A","02/21/2016 03:00:00 AM +0000","01 - NOT AN INTERSECTION","2 - INJURY",2,"02/21/2016 03:03:00 AM +0000","SUN","F - FEMALE","3 - NON-INCAPACITATING","99B1AC62-997C-4CB1-8FD1-42E353A9CBA2","4 - DARK - LIGHTED ROADWAY","165002648","1 - NOT COLLISION BETWEEN TWO MOTOR VEHICLES IN TRANSPORT","02 - WET","1 - STRAIGHT LEVEL","2 - BLACKTOP, BITUMINOUS, ASPHALT","N/A","P - PEDESTRIAN","4 - RAIN","45237",3,0.304,0.177651080618351,420068,39.2019750427326,-84.4624571447493,"Roselawn",203265
"9XX KIRBERT AV",39.108936,-84.576328,"UNDER 18","EAST PRICE HILL","EAST PRICE HILL","08/18/2017 05:50:30 PM +0000","01 - NOT AN INTERSECTION","2 - INJURY",2,"08/18/2017 05:50:45 PM +0000","FRI","M - MALE","3 - NON-INCAPACITATING","15161CD0-514E-4D05-AE11-E487A218EBE8","1 - DAYLIGHT","175012357","1 - NOT COLLISION BETWEEN TWO MOTOR VEHICLES IN TRANSPORT","01 - DRY","1 - STRAIGHT LEVEL","2 - BLACKTOP, BITUMINOUS, ASPHALT","EAST PRICE HILL","P - PEDESTRIAN","1 - CLEAR","45205",3,0.304,0.123005452630143,920027,39.1097456875254,-84.5754177851033,"East Price Hill",273561
"11XX ROSEMONT",39.114323,-84.583635,"UNDER 18","WEST PRICE HILL","WEST PRICE HILL","06/14/2014 05:45:00 PM +0000","01 - NOT AN INTERSECTION","2 - INJURY",2,"06/14/2014 05:50:00 PM +0000","SAT","M - MALE","3 - NON-INCAPACITATING","3C79872A-5250-4990-B6CD-8D559AD7858F","1 - DAYLIGHT","145004759","1 - NOT COLLISION BETWEEN TWO MOTOR VEHICLES IN TRANSPORT","01 - DRY","2 - STRAIGHT GRADE","2 - BLACKTOP, BITUMINOUS, ASPHALT","WEST PRICE HILL","P - PEDESTRIAN","1 - CLEAR","45205",3,0.304,0.172205980786715,960029,39.1142426391663,-84.5844546362597,"West Price HIll",275981
"31XX GLENMORE",39.142184,-84.611936,"UNDER 18","N/A","N/A","04/30/2013 02:10:00 PM +0000","01 - NOT AN INTERSECTION","2 - INJURY",2,"04/30/2013 02:14:00 PM +0000","TUE","M - MALE","2 - POSSIBLE","B12462E7-E712-4098-A6A6-D65D63A70C18","1 - DAYLIGHT","135005205","1 - NOT COLLISION BETWEEN TWO MOTOR VEHICLES IN TRANSPORT","01 - DRY","1 - STRAIGHT LEVEL","2 - BLACKTOP, BITUMINOUS, ASPHALT","N/A","P - PEDESTRIAN","1 - CLEAR","45211",2,1.103,0.154098913929473,1080041,39.1412293166469,-84.6115651838288,"Westwood",204284
"18XX SEYMOUR AV",39.190336,-84.469586,"UNDER 18","ROSELAWN","ROSELAWN","05/23/2018 08:00:00 PM +0000","02 - FOUR-WAY INTERSECTION","2 - INJURY",2,"05/23/2018 08:10:00 PM +0000","WED","M - MALE","2 - POSSIBLE","F264AABA-9940-4B1C-804E-FC4E85AB39D8","1 - DAYLIGHT","185007260","1 - NOT COLLISION BETWEEN TWO MOTOR VEHICLES IN TRANSPORT","01 - DRY","1 - STRAIGHT LEVEL","1 - CONCRETE","ROSELAWN","P - PEDESTRIAN","1 - CLEAR","45237",2,1.103,0.132700341180495,450063,39.1907293538873,-84.469234779887,"Bond Hill",199607
"2XX GLENMARY AV",39.14586,-84.51873,"OVER 70","N/A","N/A","01/24/2015 10:59:00 AM +0000","03 - T-INTERSECTION","1 - FATAL INJURY",1,"01/24/2015 11:00:00 AM +0000","SAT","M - MALE","5 - FATAL","E87ACF2F-152B-4118-A808-3ABAB94D657F","1 - DAYLIGHT","155000960","1 - NOT COLLISION BETWEEN TWO MOTOR VEHICLES IN TRANSPORT","01 - DRY","2 - STRAIGHT GRADE","2 - BLACKTOP, BITUMINOUS, ASPHALT","N/A","P - PEDESTRIAN","1 - CLEAR","45220",5,0.046,0.131548250629445,670043,39.145748990145,-84.518937456741,"Clifton",200052
"29XX MONTANA AV",39.148708,-84.597426,"18-25","WESTWOOD","WESTWOOD","10/27/2017 08:10:00 PM +0000","02 - FOUR-WAY INTERSECTION","2 - INJURY",2,"10/27/2017 08:12:00 PM +0000","FRI","F - FEMALE","3 - NON-INCAPACITATING","84AEDF3C-8F98-425F-B8E1-CC9477DCC8EC","4 - DARK - LIGHTED ROADWAY","175016427","1 - NOT COLLISION BETWEEN TWO MOTOR VEHICLES IN TRANSPORT","02 - WET","1 - STRAIGHT LEVEL","2 - BLACKTOP, BITUMINOUS, ASPHALT","WESTWOOD","P - PEDESTRIAN","4 - RAIN","45211",3,0.304,0.154838064281399,1020044,39.1479867799255,-84.5980099113622,"Westwood",204284
"29XX FERGUSON RD",39.102753,-84.616445,"31-40","N/A","N/A","06/01/2018 11:02:00 AM +0000","01 - NOT AN INTERSECTION","2 - INJURY",2,"06/01/2018 11:04:00 AM +0000","FRI","M - MALE","2 - POSSIBLE","F61BFC20-7A56-424C-AD5C-0886E0779A81","1 - DAYLIGHT","185007686","2 - REAR-END","01 - DRY","1 - STRAIGHT LEVEL","2 - BLACKTOP, BITUMINOUS, ASPHALT","N/A","P - PEDESTRIAN","1 - CLEAR","45238",2,1.103,0.103588731363734,1060025,39.1052319490714,-84.6070467599106,"West Price HIll",275981
"36XX CLIFTON AV",39.146217,-84.517658,"41-50","CLIFTON","CLIFTON","06/23/2017 02:12:00 PM +0000","01 - NOT AN INTERSECTION","2 - INJURY",2,"06/23/2017 02:12:00 PM +0000","FRI","F - FEMALE","3 - NON-INCAPACITATING","D4F10989-B40F-460D-B16C-3083C7F12602","1 - DAYLIGHT","175009376","1 - NOT COLLISION BETWEEN TWO MOTOR VEHICLES IN TRANSPORT","02 - WET","1 - STRAIGHT LEVEL","2 - BLACKTOP, BITUMINOUS, ASPHALT","CLIFTON","P - PEDESTRIAN","4 - RAIN","45220",3,0.304,0.102191567699668,660043,39.1457485540011,-84.5166782436596,"Clifton",200052
"26XX ERIE AV",39.140456,-84.444833,"OVER 70","HYDE PARK","HYDE PARK","10/20/2014 10:10:00 AM +0000","01 - NOT AN INTERSECTION","2 - INJURY",2,"10/20/2014 10:15:00 AM +0000","MON","F - FEMALE","4 - INCAPACITATING","8C4D92FF-856D-444C-85B8-8FFE6E447578","1 - DAYLIGHT","145010431","1 - NOT COLLISION BETWEEN TWO MOTOR VEHICLES IN TRANSPORT","01 - DRY","1 - STRAIGHT LEVEL","2 - BLACKTOP, BITUMINOUS, ASPHALT","HYDE PARK","P - PEDESTRIAN","1 - CLEAR","45208",4,0.141,0.191164244482365,340041,39.1412115661853,-84.4443834558689,"Hyde Park",201414
"33XX PARKCREST LN",39.145046,-84.621669,"18-25","N/A","N/A","06/07/2013 01:38:00 PM +0000","01 - NOT AN INTERSECTION","2 - INJURY",2,"06/07/2013 01:39:00 PM +0000","FRI","M - MALE","2 - POSSIBLE","21162BF2-C05D-4493-BC72-F6961999BE30","1 - DAYLIGHT","135006932","1 - NOT COLLISION BETWEEN TWO MOTOR VEHICLES IN TRANSPORT","01 - DRY","1 - STRAIGHT LEVEL","2 - BLACKTOP, BITUMINOUS, ASPHALT","N/A","P - PEDESTRIAN","1 - CLEAR","45211",2,1.103,0.136206665085446,1120043,39.1457234757158,-84.6206020304342,"Westwood",204284
"12XX SYCAMORE",39.110713,-84.510607,"UNDER 18","N/A","N/A","06/13/2013 09:10:00 AM +0000","02 - FOUR-WAY INTERSECTION","2 - INJURY",2,"06/13/2013 09:12:00 AM +0000","THU","F - FEMALE","3 - NON-INCAPACITATING","47F22DE8-F24B-4BF6-940E-9CBC7A7C4540","1 - DAYLIGHT","135007243","1 - NOT COLLISION BETWEEN TWO MOTOR VEHICLES IN TRANSPORT","02 - WET","1 - STRAIGHT LEVEL","2 - BLACKTOP, BITUMINOUS, ASPHALT","N/A","P - PEDESTRIAN","4 - RAIN","45202",3,0.304,0.111039151232734,630027,39.1097469520179,-84.5099006046804,"Pendleton",202841
"E 2ND ST",39.099267,-84.508999,"41-50","N/A","N/A","09/18/2015 02:30:00 PM +0000","02 - FOUR-WAY INTERSECTION","2 - INJURY",2,"09/18/2015 02:31:00 PM +0000","FRI","M - MALE","3 - NON-INCAPACITATING","A25EC9D3-B41E-4AED-9081-EA6199A4BC7A","1 - DAYLIGHT","155013370","1 - NOT COLLISION BETWEEN TWO MOTOR VEHICLES IN TRANSPORT","01 - DRY","1 - STRAIGHT LEVEL","2 - BLACKTOP, BITUMINOUS, ASPHALT","N/A","P - PEDESTRIAN","1 - CLEAR","45202",3,0.304,0.195556727239186,630022,39.0984969420206,-84.5099006047046,"Central Business District",273189
"33XX READING RD",39.13919,-84.496001,"18-25","AVONDALE","AVONDALE","10/16/2013 02:30:00 PM +0000","03 - T-INTERSECTION","2 - INJURY",2,"10/16/2013 02:31:00 PM +0000","WED","F - FEMALE","2 - POSSIBLE","0F3E00B4-821F-4A9A-A385-93DB9CDF7894","1 - DAYLIGHT","135011140","6 - ANGLE","01 - DRY","1 - STRAIGHT LEVEL","1 - CONCRETE","AVONDALE","P - PEDESTRIAN","2 - CLOUDY","45229",2,1.103,0.10295924843202,570040,39.1389926603091,-84.496345327604,"Avondale",199345
"10XX ROSEMONT AV",39.109786,-84.583196,"18-25","N/A","N/A","12/21/2017 10:40:00 PM +0000","03 - T-INTERSECTION","2 - INJURY",2,"12/21/2017 10:50:00 PM +0000","THU","M - MALE","2 - POSSIBLE","4C3B5E95-C697-4269-A081-09437D069727","4 - DARK - LIGHTED ROADWAY","175019427","1 - NOT COLLISION BETWEEN TWO MOTOR VEHICLES IN TRANSPORT","02 - WET","1 - STRAIGHT LEVEL","1 - CONCRETE","N/A","P - PEDESTRIAN","1 - CLEAR","45205",2,1.103,0.11705454015463,950027,39.1097434637713,-84.5821954235405,"West Price HIll",275981
"42XX GLENWAY AV",39.114281,-84.583061,"UNDER 18","WEST PRICE HILL","WEST PRICE HILL","05/09/2016 05:07:00 PM +0000","03 - T-INTERSECTION","2 - INJURY",2,"05/09/2016 05:12:00 PM +0000","MON","M - MALE","2 - POSSIBLE","E1F1F122-22BE-43F0-90CC-F48240725F81","3 - DUSK","165007226","1 - NOT COLLISION BETWEEN TWO MOTOR VEHICLES IN TRANSPORT","02 - WET","1 - STRAIGHT LEVEL","2 - BLACKTOP, BITUMINOUS, ASPHALT","WEST PRICE HILL","P - PEDESTRIAN","4 - RAIN","45205",2,1.103,0.123928951582745,950029,39.1142434676508,-84.5821954235466,"West Price HIll",275981
"25XX LAFEUILLE AV",39.14506,-84.584166,"61-70","N/A","N/A","08/14/2014 07:11:08 PM +0000","01 - NOT AN INTERSECTION","2 - INJURY",2,"08/14/2014 07:12:09 PM +0000","THU","F - FEMALE","2 - POSSIBLE","90DEF918-03FA-45A1-B9BD-B3BA5CE6131A","1 - DAYLIGHT","145007306","1 - NOT COLLISION BETWEEN TWO MOTOR VEHICLES IN TRANSPORT","01 - DRY","1 - STRAIGHT LEVEL","2 - BLACKTOP, BITUMINOUS, ASPHALT","N/A","P - PEDESTRIAN","1 - CLEAR","45211",2,1.103,0.185218915642525,960043,39.1457426660512,-84.5844546363058,"Westwood",204284
"34XX WARSAW",39.110278,-84.565126,"51-60","N/A","N/A","01/30/2013 08:30:00 PM +0000","01 - NOT AN INTERSECTION","2 - INJURY",2,"01/30/2013 08:30:00 PM +0000","WED","M - MALE","2 - POSSIBLE","3EA86E55-4C09-4409-AF1E-1DED7CE09694","4 - DARK - LIGHTED ROADWAY","135001215","1 - NOT COLLISION BETWEEN TWO MOTOR VEHICLES IN TRANSPORT","01 - DRY","1 - STRAIGHT LEVEL","1 - CONCRETE","N/A","P - PEDESTRIAN","4 - RAIN","45205",2,1.103,0.0978479598581897,870027,39.1097485217221,-84.564121720212,"East Price Hill",273561
"45XX W 8TH ST",39.109451,-84.597821,"31-40","N/A","N/A","01/29/2018 01:54:00 PM +0000","03 - T-INTERSECTION","2 - INJURY",2,"01/29/2018 01:54:00 PM +0000","MON","F - FEMALE","3 - NON-INCAPACITATING","B815956F-501E-49DB-A9A6-B4CFE1EDF9AC","1 - DAYLIGHT","185001467","1 - NOT COLLISION BETWEEN TWO MOTOR VEHICLES IN TRANSPORT","01 - DRY","1 - STRAIGHT LEVEL","2 - BLACKTOP, BITUMINOUS, ASPHALT","N/A","P - PEDESTRIAN","1 - CLEAR","45238",3,0.304,0.118369948853619,1020027,39.1097367489072,-84.5980099112868,"West Price HIll",275981
"37XX ISABELLA AV",39.14536,-84.433683,"18-25","OAKLEY","OAKLEY","09/25/2013 06:00:00 PM +0000","02 - FOUR-WAY INTERSECTION","2 - INJURY",2,"09/25/2013 08:30:00 PM +0000","WED","M - MALE","3 - NON-INCAPACITATING","B6EF2924-E727-472A-A729-F741ACD459A4","1 - DAYLIGHT","135010500","1 - NOT COLLISION BETWEEN TWO MOTOR VEHICLES IN TRANSPORT","01 - DRY","1 - STRAIGHT LEVEL","2 - BLACKTOP, BITUMINOUS, ASPHALT","OAKLEY","P - PEDESTRIAN","1 - CLEAR","45209",3,0.304,0.178495575250096,290043,39.1457017557727,-84.4330874039314,"Oakley",202657
"53XX GLENWAY AV",39.126782,-84.605141,"26-30","WEST PRICE HILL","WEST PRICE HILL","08/25/2015 02:22:00 PM +0000","03 - T-INTERSECTION","2 - INJURY",2,"08/25/2015 02:24:00 PM +0000","TUE","M - MALE","3 - NON-INCAPACITATING","F7F486A6-EE9B-4D03-9E42-10E202F13845","1 - DAYLIGHT","155011928","1 - NOT COLLISION BETWEEN TWO MOTOR VEHICLES IN TRANSPORT","01 - DRY","1 - STRAIGHT LEVEL","2 - BLACKTOP, BITUMINOUS, ASPHALT","WEST PRICE HILL","P - PEDESTRIAN","2 - CLOUDY","45238",3,0.304,0.170248161296898,1050035,39.1277332312231,-84.6047875479183,"Westwood",204284
"28XX LINWOOD AV",39.136481,-84.439024,"18-25","N/A","N/A","02/28/2017 08:44:06 AM +0000","01 - NOT AN INTERSECTION","2 - INJURY",2,"02/28/2017 08:45:07 AM +0000","TUE","F - FEMALE","4 - INCAPACITATING","594583AF-799C-4280-9339-4EEBC8205F02","1 - DAYLIGHT","175002890","1 - NOT COLLISION BETWEEN TWO MOTOR VEHICLES IN TRANSPORT","02 - WET","1 - STRAIGHT LEVEL","2 - BLACKTOP, BITUMINOUS, ASPHALT","N/A","P - PEDESTRIAN","4 - RAIN","45208",4,0.141,0.113739481142773,320039,39.1367077691612,-84.4398650347427,"Hyde Park",201414
"3XX STRAIGHT ST",39.130115,-84.520511,"18-25","CUF - HEIGHTS","CLIFTON/UNIVERSITY HEIGHTS","02/08/2016 07:04:00 PM +0000","03 - T-INTERSECTION","2 - INJURY",2,"02/08/2016 07:04:00 PM +0000","MON","F - FEMALE","2 - POSSIBLE","45BEF2BC-9328-4AB4-B193-1AC3D7879F5D","4 - DARK - LIGHTED ROADWAY","165001940","1 - NOT COLLISION BETWEEN TWO MOTOR VEHICLES IN TRANSPORT","03 - SNOW","1 - STRAIGHT LEVEL","1 - CONCRETE","CUF","P - PEDESTRIAN","6 - SNOW","45219",2,1.103,0.194041347980605,680036,39.1299993684835,-84.5211966698744,"CUF",273417
"9XX MAIN ST",39.104994,-84.511459,"26-30","N/A","N/A","11/06/2015 01:40:00 AM +0000","02 - FOUR-WAY INTERSECTION","2 - INJURY",2,"11/06/2015 01:47:00 AM +0000","FRI","M - MALE","3 - NON-INCAPACITATING","9760D9E1-7983-48AF-BBE5-C6228B92577B","4 - DARK - LIGHTED ROADWAY","155016185","1 - NOT COLLISION BETWEEN TWO MOTOR VEHICLES IN TRANSPORT","02 - WET","1 - STRAIGHT LEVEL","2 - BLACKTOP, BITUMINOUS, ASPHALT","N/A","P - PEDESTRIAN","4 - RAIN","45202",3,0.304,0.149580060022916,640025,39.1052475148416,-84.5121598176706,"Central Business District",273189
"XX W MCMILLAN ST",39.12757,-84.51377,"51-60","N/A","N/A","02/09/2013 02:30:00 PM +0000","02 - FOUR-WAY INTERSECTION","2 - INJURY",2,"02/09/2013 02:32:00 PM +0000","SAT","M - MALE","2 - POSSIBLE","1140A0B6-EFEB-4E9A-B672-2C620C032E92","1 - DAYLIGHT","135001779","1 - NOT COLLISION BETWEEN TWO MOTOR VEHICLES IN TRANSPORT","01 - DRY","1 - STRAIGHT LEVEL","2 - BLACKTOP, BITUMINOUS, ASPHALT","N/A","P - PEDESTRIAN","1 - CLEAR","45219",2,1.103,0.127656008258082,650035,39.1277480581921,-84.5144190306425,"CUF",273417