"address_x","lat","long","age","community_council_neighborhood","cpd_neighborhood","crashdate","crashlocation","crashseverity","crashseverityid","datecrashreported","dayofweek","gender","injuries","instanceid","lightconditionsprimary","localreportno","mannerofcrash","roadconditionsprimary","roadcontour","roadsurface","sna_neighborhood","typeofperson","weather","zip","injury_type_num","cost","dist","cell_id","lat_cell","long_cell","hood","hood_id"
"34XX MADISON RD",39.158512,-84.422375,"51-60","N/A","N/A","08/26/2016 10:45:00 AM +0000","03 - T-INTERSECTION","2 - INJURY",2,"08/26/2016 10:47:00 AM +0000","FRI","F - FEMALE","4 - INCAPACITATING","BF42074A-E8F1-420D-9D85-3E7731009274","1 - DAYLIGHT","165013715","1 - NOT COLLISION BETWEEN TWO MOTOR VEHICLES IN TRANSPORT","01 - DRY","1 - STRAIGHT LEVEL","2 - BLACKTOP, BITUMINOUS, ASPHALT","N/A","P - PEDESTRIAN","1 - CLEAR","45209",4,0.141,0.149805006928005,240049,39.1591908586081,-84.4217913552852,"Oakley",202657
"17XX BAYMILLER ST",39.11578,-84.528578,"UNDER 18","WEST END","WEST  END","10/30/2013 08:25:00 AM +0000","01 - NOT AN INTERSECTION","2 - INJURY",2,"10/30/2013 08:25:00 AM +0000","WED","M - MALE","3 - NON-INCAPACITATING","57641159-C2D8-48E5-AB85-27C1E559B094","1 - DAYLIGHT","135011550","1 - NOT COLLISION BETWEEN TWO MOTOR VEHICLES IN TRANSPORT","02 - WET","1 - STRAIGHT LEVEL","2 - BLACKTOP, BITUMINOUS, ASPHALT","WEST END","P - PEDESTRIAN","2 - CLOUDY","45214",3,0.304,0.0944231532555501,710030,39.1165002719976,-84.5279743093421,"West End",276647
"8XX BLAIR AV",39.141999,-84.493905,"61-70","N/A","N/A","12/21/2017 05:01:00 PM +0000","02 - FOUR-WAY INTERSECTION","2 - INJURY",2,"12/21/2017 05:43:00 PM +0000","THU","F - FEMALE","4 - INCAPACITATING","4A439865-2B54-4AF3-9E3A-19E5A403EDF7","4 - DARK - LIGHTED ROADWAY","175019415","1 - NOT COLLISION BETWEEN TWO MOTOR VEHICLES IN TRANSPORT","01 - DRY","1 - STRAIGHT LEVEL","2 - BLACKTOP, BITUMINOUS, ASPHALT","N/A","P - PEDESTRIAN","1 - CLEAR","45229",4,0.141,0.0979494054299797,560041,39.1412417899667,-84.4940861149367,"Avondale",199345
"41XX HAMILTON AV",39.162149,-84.540481,"31-40","N/A","N/A","09/08/2016 05:43:00 PM +0000","01 - NOT AN INTERSECTION","1 - FATAL INJURY",1,"09/08/2016 05:43:00 PM +0000","THU","F - FEMALE","5 - FATAL","9DFB0DBC-7034-4DE6-9517-0C07FFEBC20D","1 - DAYLIGHT","165014639","1 - NOT COLLISION BETWEEN TWO MOTOR VEHICLES IN TRANSPORT","01 - DRY","1 - STRAIGHT LEVEL","2 - BLACKTOP, BITUMINOUS, ASPHALT","N/A","P - PEDESTRIAN","1 - CLEAR","45223",5,0.046,0.103328800688694,770050,39.1615009671236,-84.5415295885471,"Northside",274791
"26XX PARK AV",39.12729,-84.484853,"51-60","WALNUT HILLS","WALNUT HILLS","07/14/2014 07:40:00 PM +0000","12 - SHARED-USE PATHS OR TRAILS","2 - INJURY",2,"07/14/2014 07:44:00 PM +0000","MON","F - FEMALE","3 - NON-INCAPACITATING","6E6DFE9D-B16B-46CD-BADD-D56FE9F642EA","1 - DAYLIGHT","145006069","1 - NOT COLLISION BETWEEN TWO MOTOR VEHICLES IN TRANSPORT","01 - DRY","1 - STRAIGHT LEVEL","1 - CONCRETE","WALNUT HILLS","P - PEDESTRIAN","2 - CLOUDY","45206",3,0.304,0.122138324994126,520035,39.1277378537555,-84.4850492649372,"Walnut Hills",204112
"37XX GLENWAY AV",39.114831,-84.575026,"UNDER 18","EAST PRICE HILL","EAST PRICE HILL","10/12/2015 03:25:00 PM +0000","01 - NOT AN INTERSECTION","2 - INJURY",2,"10/12/2015 04:08:24 PM +0000","MON","M - MALE","3 - NON-INCAPACITATING","95917299-4E75-49E6-B471-AF0166BFBB81","1 - DAYLIGHT","155014807","1 - NOT COLLISION BETWEEN TWO MOTOR VEHICLES IN TRANSPORT","01 - DRY","2 - STRAIGHT GRADE","2 - BLACKTOP, BITUMINOUS, ASPHALT","EAST PRICE HILL","P - PEDESTRIAN","1 - CLEAR","45205",3,0.304,0.102120491797152,920029,39.1142456914777,-84.5754177851081,"East Price Hill",273561
"21XX FERGUSON RD",39.124111,-84.601411,"UNDER 18","WEST PRICE HILL","WEST PRICE HILL","09/02/2016 02:40:00 PM +0000","01 - NOT AN INTERSECTION","2 - INJURY",2,"09/02/2016 03:00:00 PM +0000","FRI","M - MALE","2 - POSSIBLE","5A173F3E-5B1C-4977-8F59-66355398068F","1 - DAYLIGHT","165014219","1 - NOT COLLISION BETWEEN TWO MOTOR VEHICLES IN TRANSPORT","01 - DRY","1 - STRAIGHT LEVEL","2 - BLACKTOP, BITUMINOUS, ASPHALT","WEST PRICE HILL","P - PEDESTRIAN","1 - CLEAR","45238",2,1.103,0.184005042253514,1040033,39.1232344486913,-84.6025283357861,"West Price HIll",275981
"X GALBRAITH RD",39.211848,-84.473363,"26-30","HARTWELL","HARTWELL","07/15/2018 01:05:00 PM +0000","02 - FOUR-WAY INTERSECTION","2 - INJURY",2,"07/15/2018 01:15:00 PM +0000","SUN","F - FEMALE","2 - POSSIBLE","2D789725-D718-4416-8E55-F3C1DB8A3E6B","1 - DAYLIGHT","185009825","1 - NOT COLLISION BETWEEN TWO MOTOR VEHICLES IN TRANSPORT","01 - DRY","1 - STRAIGHT LEVEL","2 - BLACKTOP, BITUMINOUS, ASPHALT","HARTWELL","P - PEDESTRIAN","2 - CLOUDY","45216",2,1.103,0.190920610668484,470072,39.210982030754,-84.4737532036584,"Hartwell",201193
"18XX W NORTH BEND RD",39.203228,-84.554218,"UNDER 18","N/A","N/A","10/13/2014 07:05:37 AM +0000","02 - FOUR-WAY INTERSECTION","2 - INJURY",2,"10/13/2014 07:07:55 AM +0000","MON","M - MALE","4 - INCAPACITATING","85003F9C-7F8C-4BB3-9914-1B27932EB4E7","2 - DAWN","145010048","1 - NOT COLLISION BETWEEN TWO MOTOR VEHICLES IN TRANSPORT","02 - WET","1 - STRAIGHT LEVEL","2 - BLACKTOP, BITUMINOUS, ASPHALT","N/A","P - PEDESTRIAN","4 - RAIN","45224",4,0.141,0.16709572980569,830069,39.2042500895435,-84.5550848677635,"College Hill",200100
"10XX WALNUT ST",39.107286,-84.512603,"31-40","N/A","N/A","04/25/2018 07:20:00 PM +0000","02 - FOUR-WAY INTERSECTION","2 - INJURY",2,"04/25/2018 07:21:00 PM +0000","WED","F - FEMALE","2 - POSSIBLE","6177830A-E26A-472D-BDEB-A2EF94727070","1 - DAYLIGHT","185005754","1 - NOT COLLISION BETWEEN TWO MOTOR VEHICLES IN TRANSPORT","01 - DRY","1 - STRAIGHT LEVEL","2 - BLACKTOP, BITUMINOUS, ASPHALT","N/A","P - PEDESTRIAN","1 - CLEAR","45202",2,1.103,0.12834321608616,640026,39.1074975168496,-84.512159817666,"Over-The-Rhine",202750
"21XX HARRISON AV",39.133541,-84.573861,"61-70","SOUTH FAIRMOUNT - WESTWOOD","WESTWOOD","01/07/2018 04:25:00 PM +0000","03 - T-INTERSECTION","2 - INJURY",2,"01/07/2018 04:25:00 PM +0000","SUN","M - MALE","3 - NON-INCAPACITATING","2F9C10DA-9D2D-46DD-B7B7-7AE68ED47D6D","1 - DAYLIGHT","185000312","1 - NOT COLLISION BETWEEN TWO MOTOR VEHICLES IN TRANSPORT","01 - DRY","1 - STRAIGHT LEVEL","1 - CONCRETE","WESTWOOD","P - PEDESTRIAN","1 - CLEAR","45211",3,0.304,0.152773518500876,910038,39.1344963633889,-84.5731585722245,"Westwood",204284
"2XX E CENTRAL PY",39.106936,-84.510645,"51-60","N/A","N/A","11/20/2017 10:00:00 AM +0000","02 - FOUR-WAY INTERSECTION","2 - INJURY",2,"11/20/2017 10:02:00 AM +0000","MON","F - FEMALE","2 - POSSIBLE","66CC6E8A-370C-48FC-884E-7137CEF23605","1 - DAYLIGHT","175017792","1 - NOT COLLISION BETWEEN TWO MOTOR VEHICLES IN TRANSPORT","01 - DRY","1 - STRAIGHT LEVEL","2 - BLACKTOP, BITUMINOUS, ASPHALT","N/A","P - PEDESTRIAN","1 - CLEAR","45202",2,1.103,0.125174399232344,630026,39.1074969500199,-84.5099006046852,"Over-The-Rhine",202750
"6XX SEDAM ST",39.090988,-84.570489,"51-60","N/A","N/A","07/26/2018 02:02:00 PM +0000","01 - NOT AN INTERSECTION","2 - INJURY",2,"07/26/2018 02:03:00 PM +0000","THU","M - MALE","2 - POSSIBLE","F17E9AA2-CCD9-4C2E-8E2B-0669ADF89DFB","1 - DAYLIGHT","185010389","1 - NOT COLLISION BETWEEN TWO MOTOR VEHICLES IN TRANSPORT","01 - DRY","1 - STRAIGHT LEVEL","1 - CONCRETE","N/A","P - PEDESTRIAN","1 - CLEAR","45204",2,1.103,0.111146283569282,900019,39.0917469360083,-84.5708993592416,"Sedamsville",203427
"34XX MADISON RD",39.157621,-84.423055,"26-30","OAKLEY","OAKLEY","01/28/2018 04:44:00 PM +0000","03 - T-INTERSECTION","2 - INJURY",2,"01/28/2018 04:44:00 PM +0000","SUN","M - MALE","3 - NON-INCAPACITATING","AB5967FF-DF8A-48A4-9D3A-F7429D8C6FD5","1 - DAYLIGHT","185001436","1 - NOT COLLISION BETWEEN TWO MOTOR VEHICLES IN TRANSPORT","01 - DRY","1 - STRAIGHT LEVEL","1 - CONCRETE","OAKLEY","P - PEDESTRIAN","1 - CLEAR","45209",3,0.304,0.113399535398861,250048,39.156943125669,-84.4240505647294,"Oakley",202657
"9XX WOODLAWN AV",39.107833,-84.566676,"18-25","N/A","N/A","03/19/2018 07:52:00 AM +0000","02 - FOUR-WAY INTERSECTION","2 - INJURY",2,"03/19/2018 08:07:00 AM +0000","MON","F - FEMALE","3 - NON-INCAPACITATING","9087CDE1-A1E8-4BA6-B135-6F79E7D3B26D","1 - DAYLIGHT","185003842","1 - NOT COLLISION BETWEEN TWO MOTOR VEHICLES IN TRANSPORT","01 - DRY","1 - STRAIGHT LEVEL","2 - BLACKTOP, BITUMINOUS, ASPHALT","N/A","P - PEDESTRIAN","1 - CLEAR","45205",3,0.304,0.139792338445034,880026,39.1074980400729,-84.5663809332587,"East Price Hill",273561
"31XX BURNET AV",39.136753,-84.500815,"51-60","AVONDALE","AVONDALE","03/26/2015 01:16:00 PM +0000","02 - FOUR-WAY INTERSECTION","2 - INJURY",2,"03/26/2015 01:16:00 PM +0000","THU","M - MALE","3 - NON-INCAPACITATING","759F0C80-B585-4673-A792-909AE776E870","1 - DAYLIGHT","155004143","1 - NOT COLLISION BETWEEN TWO MOTOR VEHICLES IN TRANSPORT","02 - WET","1 - STRAIGHT LEVEL","2 - BLACKTOP, BITUMINOUS, ASPHALT","AVONDALE","P - PEDESTRIAN","4 - RAIN","45229",3,0.304,0.0954384293094114,590039,39.1367442720186,-84.5008637530924,"Corryville",200172
"8XX WINDHAM AV",39.143371,-84.490146,"26-30","N/A","N/A","08/17/2018 04:46:00 PM +0000","01 - NOT AN INTERSECTION","2 - INJURY",2,"08/17/2018 04:51:00 PM +0000","FRI","M - MALE","2 - POSSIBLE","639251B7-36F0-406A-8593-0715DF2A885A","1 - DAYLIGHT","185011520","5 - BACKING","01 - DRY","2 - STRAIGHT GRADE","2 - BLACKTOP, BITUMINOUS, ASPHALT","N/A","P - PEDESTRIAN","2 - CLOUDY","45229",2,1.103,0.1191635052547,540042,39.1434899164806,-84.4895676897828,"Avondale",199345
"31XX ROBERTSON",39.155802,-84.430188,"51-60","N/A","N/A","10/25/2013 07:35:00 AM +0000","02 - FOUR-WAY INTERSECTION","2 - INJURY",2,"10/25/2013 11:00:00 AM +0000","FRI","F - FEMALE","2 - POSSIBLE","D62B8DF6-545D-49A2-8699-B2A0E1C5C497","1 - DAYLIGHT","135011426","1 - NOT COLLISION BETWEEN TWO MOTOR VEHICLES IN TRANSPORT","01 - DRY","1 - STRAIGHT LEVEL","2 - BLACKTOP, BITUMINOUS, ASPHALT","N/A","P - PEDESTRIAN","1 - CLEAR","45209",2,1.103,0.0993482583671825,280047,39.1546996671409,-84.4308281938996,"Oakley",202657
"78XX NEWBEDFORD AV",39.206421,-84.458335,"18-25","ROSELAWN","ROSELAWN","11/22/2017 12:07:00 AM +0000","10 - DRIVEWAY/ALLEY ACCESS","2 - INJURY",2,"11/22/2017 12:30:00 AM +0000","WED","F - FEMALE","4 - INCAPACITATING","65F7C9D6-0F99-4BFD-AB9F-EA935909607F","5 - DARK – ROADWAY NOT LIGHTED","175017887","1 - NOT COLLISION BETWEEN TWO MOTOR VEHICLES IN TRANSPORT","02 - WET","1 - STRAIGHT LEVEL","2 - BLACKTOP, BITUMINOUS, ASPHALT","ROSELAWN","P - PEDESTRIAN","4 - RAIN","45237",4,0.141,0.134103927176386,400070,39.2064719479812,-84.4579387218135,"Roselawn",203265
"5XX MAIN ST",39.100629,-84.509012,"31-40","N/A","N/A","02/27/2015 11:15:00 AM +0000","02 - FOUR-WAY INTERSECTION","2 - INJURY",2,"02/27/2015 11:16:00 AM +0000","FRI","M - MALE","3 - NON-INCAPACITATING","A32B3DB1-0AF7-4F7F-8765-7A5142FB6669","1 - DAYLIGHT","155002717","1 - NOT COLLISION BETWEEN TWO MOTOR VEHICLES IN TRANSPORT","01 - DRY","1 - STRAIGHT LEVEL","2 - BLACKTOP, BITUMINOUS, ASPHALT","N/A","P - PEDESTRIAN","1 - CLEAR","45202",3,0.304,0.218666160415596,630023,39.1007469440215,-84.5099006046997,"Central Business District",273189
"29XX MONTANA AV",39.148981,-84.597172,"18-25","N/A","N/A","01/23/2018 08:50:00 PM +0000","02 - FOUR-WAY INTERSECTION","2 - INJURY",2,"01/23/2018 08:52:00 PM +0000","TUE","F - FEMALE","3 - NON-INCAPACITATING","DCA1A222-58AB-485C-8DA5-149C1DAD4EE9","4 - DARK - LIGHTED ROADWAY","185001225","1 - NOT COLLISION BETWEEN TWO MOTOR VEHICLES IN TRANSPORT","02 - WET","1 - STRAIGHT LEVEL","2 - BLACKTOP, BITUMINOUS, ASPHALT","N/A","P - PEDESTRIAN","4 - RAIN","45211",3,0.304,0.154838064281399,1020044,39.1479867799255,-84.5980099113622,"Westwood",204284
"25XX JEFFERSON",39.129725,-84.510565,"18-25","N/A","N/A","03/06/2014 10:45:00 PM +0000","02 - FOUR-WAY INTERSECTION","2 - INJURY",2,"03/06/2014 10:55:00 PM +0000","THU","M - MALE","3 - NON-INCAPACITATING","4037B0B6-8BD3-420B-9631-31487D1E57F4","4 - DARK - LIGHTED ROADWAY","145001859","1 - NOT COLLISION BETWEEN TWO MOTOR VEHICLES IN TRANSPORT","01 - DRY","1 - STRAIGHT LEVEL","2 - BLACKTOP, BITUMINOUS, ASPHALT","N/A","P - PEDESTRIAN","1 - CLEAR","45221",3,0.304,0.105427657138623,630036,39.1299969699657,-84.5099006046367,"Corryville",200172
"76XX READING RD",39.199857,-84.458142,"18-25","ROSELAWN","ROSELAWN","08/28/2018 02:45:00 PM +0000","01 - NOT AN INTERSECTION","2 - INJURY",2,"08/28/2018 07:20:00 PM +0000","TUE","M - MALE","3 - NON-INCAPACITATING","CC0F829F-641B-4B79-81A4-463D67D34D1B","1 - DAYLIGHT","185012036","1 - NOT COLLISION BETWEEN TWO MOTOR VEHICLES IN TRANSPORT","01 - DRY","1 - STRAIGHT LEVEL","2 - BLACKTOP, BITUMINOUS, ASPHALT","ROSELAWN","P - PEDESTRIAN","1 - CLEAR","45237",3,0.304,0.126024424132378,400067,39.1997219432949,-84.4579387218398,"Roselawn",203265
"17XX FERNWOOD ST",39.13154,-84.474444,"31-40","N/A","N/A","02/15/2015 04:41:00 PM +0000","03 - T-INTERSECTION","2 - INJURY",2,"02/15/2015 04:41:00 PM +0000","SUN","M - MALE","1 - NO INJURY / NONE REPORTED","8026979A-CE8D-4CC2-B87F-443FD0AFEDA3","1 - DAYLIGHT","155002094","6 - ANGLE","01 - DRY","1 - STRAIGHT LEVEL","2 - BLACKTOP, BITUMINOUS, ASPHALT","N/A","P - PEDESTRIAN","1 - CLEAR","45206",1,10.082,0.121017919131647,470037,39.132231970073,-84.4737532039372,"Evanston",200632
"20XX AUBURN AV",39.115642,-84.509596,"31-40","N/A","N/A","01/15/2016 07:14:00 AM +0000","03 - T-INTERSECTION","2 - INJURY",2,"01/15/2016 07:14:00 AM +0000","FRI","F - FEMALE","4 - INCAPACITATING","0493255B-A007-490E-BDB7-96A1FFCB0031","2 - DAWN","165000749","1 - NOT COLLISION BETWEEN TWO MOTOR VEHICLES IN TRANSPORT","01 - DRY","2 - STRAIGHT GRADE","2 - BLACKTOP, BITUMINOUS, ASPHALT","N/A","P - PEDESTRIAN","1 - CLEAR","45219",4,0.141,0.117896185773898,630030,39.1164969580073,-84.5099006046658,"Mt. Auburn",274621
"11XX VINE ST",39.107456,-84.515619,"61-70","OTR","OVER-THE-RHINE","02/01/2018 10:35:00 AM +0000","03 - T-INTERSECTION","2 - INJURY",2,"02/01/2018 10:37:00 AM +0000","THU","F - FEMALE","2 - POSSIBLE","900541A2-464C-4D67-AA3D-C9AD674DF0E1","1 - DAYLIGHT","185001572","1 - NOT COLLISION BETWEEN TWO MOTOR VEHICLES IN TRANSPORT","01 - DRY","1 - STRAIGHT LEVEL","2 - BLACKTOP, BITUMINOUS, ASPHALT","OVER-THE-RHINE","P - PEDESTRIAN","1 - CLEAR","45202",2,1.103,0.1271592134791,660026,39.1074985197021,-84.5166782437297,"Over-The-Rhine",202750
"1XX W MCMILLAN ST",39.12819,-84.51793,"18-25","N/A","N/A","10/20/2013 02:43:00 AM +0000","01 - NOT AN INTERSECTION","2 - INJURY",2,"10/20/2013 02:43:00 AM +0000","SUN","M - MALE","3 - NON-INCAPACITATING","48903CEF-41CE-46D8-9B48-7057265EC560","4 - DARK - LIGHTED ROADWAY","135011271","1 - NOT COLLISION BETWEEN TWO MOTOR VEHICLES IN TRANSPORT","01 - DRY","1 - STRAIGHT LEVEL","2 - BLACKTOP, BITUMINOUS, ASPHALT","N/A","P - PEDESTRIAN","1 - CLEAR","45219",3,0.304,0.201246014799999,670035,39.1277489739748,-84.518937456772,"CUF",273417
"16XX QUEEN CITY AV",39.109747,-84.545852,"51-60","N/A","N/A","06/29/2016 01:05:00 PM +0000","02 - FOUR-WAY INTERSECTION","1 - FATAL INJURY",1,"06/29/2016 01:05:00 PM +0000","WED","M - MALE","5 - FATAL","488060CD-9FC6-4C7E-9783-06F63966BAF1","1 - DAYLIGHT","165010107","6 - ANGLE","01 - DRY","1 - STRAIGHT LEVEL","2 - BLACKTOP, BITUMINOUS, ASPHALT","N/A","P - PEDESTRIAN","1 - CLEAR","45214",5,0.046,0.166447235727521,790027,39.1097507890803,-84.546048015005,"Lower Price Hill",276431
"XX WILLIAM HOWARD TAFT",39.12742,-84.50889,"18-25","N/A","N/A","10/18/2013 07:16:00 PM +0000","02 - FOUR-WAY INTERSECTION","2 - INJURY",2,"10/18/2013 07:16:00 PM +0000","FRI","F - FEMALE","3 - NON-INCAPACITATING","3CEEA241-8A7A-4A21-916A-3FC1F74F400A","4 - DARK - LIGHTED ROADWAY","135011236","1 - NOT COLLISION BETWEEN TWO MOTOR VEHICLES IN TRANSPORT","02 - WET","2 - STRAIGHT GRADE","2 - BLACKTOP, BITUMINOUS, ASPHALT","N/A","P - PEDESTRIAN","4 - RAIN","45219",3,0.304,0.13432532964,630035,39.1277469679745,-84.5099006046416,"Corryville",200172
"29XX GILBERT AV",39.133993,-84.487229,"61-70","N/A","N/A","11/05/2015 06:45:00 PM +0000","01 - NOT AN INTERSECTION","2 - INJURY",2,"11/05/2015 06:47:00 PM +0000","THU","F - FEMALE","3 - NON-INCAPACITATING","97C197FD-3002-494A-BF78-E9581B9172C2","4 - DARK - LIGHTED ROADWAY","155016168","1 - NOT COLLISION BETWEEN TWO MOTOR VEHICLES IN TRANSPORT","01 - DRY","1 - STRAIGHT LEVEL","2 - BLACKTOP, BITUMINOUS, ASPHALT","N/A","P - PEDESTRIAN","1 - CLEAR","45206",3,0.304,0.153418283868973,530038,39.1344889059406,-84.48730847733,"Walnut Hills",204112
"10XX E MCMILLAN ST",39.124882,-84.486851,"UNDER 18","WALNUT HILLS","WALNUT HILLS","08/10/2018 05:24:00 PM +0000","01 - NOT AN INTERSECTION","2 - INJURY",2,"08/10/2018 05:27:00 PM +0000","FRI","F - FEMALE","2 - POSSIBLE","ED66CFFE-843F-4A7D-805A-A69271649E63","1 - DAYLIGHT","185011119","1 - NOT COLLISION BETWEEN TWO MOTOR VEHICLES IN TRANSPORT","01 - DRY","1 - STRAIGHT LEVEL","2 - BLACKTOP, BITUMINOUS, ASPHALT","EAST WALNUT HILLS","P - PEDESTRIAN","2 - CLOUDY","45206",2,1.103,0.141446958640806,530034,39.1254888985041,-84.4873084773579,"Walnut Hills",204112
"13XX WALNUT ST",39.110259,-84.512585,"26-30","OTR","OVER-THE-RHINE","07/29/2017 12:01:00 AM +0000","02 - FOUR-WAY INTERSECTION","2 - INJURY",2,"07/29/2017 12:08:00 AM +0000","SAT","M - MALE","3 - NON-INCAPACITATING","B58088D6-5338-478C-824B-63652F517064","4 - DARK - LIGHTED ROADWAY","175011270","1 - NOT COLLISION BETWEEN TWO MOTOR VEHICLES IN TRANSPORT","01 - DRY","1 - STRAIGHT LEVEL","1 - CONCRETE","OVER-THE-RHINE","P - PEDESTRIAN","1 - CLEAR","45202",3,0.304,0.100690357949897,640027,39.1097475188569,-84.5121598176614,"Over-The-Rhine",202750
"77XX READING",39.200503,-84.455616,"18-25","N/A","N/A","02/12/2014 03:21:00 PM +0000","03 - T-INTERSECTION","2 - INJURY",2,"02/12/2014 03:21:00 PM +0000","WED","F - FEMALE","3 - NON-INCAPACITATING","75C4DE54-BD30-4C0C-A7C1-BE582088709D","1 - DAYLIGHT","145001227","1 - NOT COLLISION BETWEEN TWO MOTOR VEHICLES IN TRANSPORT","01 - DRY","1 - STRAIGHT LEVEL","2 - BLACKTOP, BITUMINOUS, ASPHALT","N/A","P - PEDESTRIAN","1 - CLEAR","45237",3,0.304,0.166298199324321,390067,39.1997203289354,-84.455679510533,"Roselawn",203265
"27XX HILLVISTA LN",39.192811,-84.573556,"UNDER 18","N/A","N/A","04/07/2017 04:30:00 PM +0000","01 - NOT AN INTERSECTION","1 - FATAL INJURY",1,"04/07/2017 04:34:00 PM +0000","FRI","M - MALE","5 - FATAL","558A7EF2-DCED-4CB9-AC99-C62F998D7513","1 - DAYLIGHT","175005080","1 - NOT COLLISION BETWEEN TWO MOTOR VEHICLES IN TRANSPORT","01 - DRY","1 - STRAIGHT LEVEL","2 - BLACKTOP, BITUMINOUS, ASPHALT","N/A","P - PEDESTRIAN","1 - CLEAR","45224",5,0.046,0.166776728653308,910064,39.1929964145991,-84.5731585722813,"Mt. Airy",274620
"14XX CLAYERS LN",39.110241,-84.525638,"31-40","N/A","N/A","08/18/2016 07:40:00 AM +0000","01 - NOT AN INTERSECTION","2 - INJURY",2,"08/18/2016 07:55:00 AM +0000","THU","F - FEMALE","2 - POSSIBLE","4D7C4F9B-B854-4312-9FB2-6018EF0AA1AF","2 - DAWN","165013192","1 - NOT COLLISION BETWEEN TWO MOTOR VEHICLES IN TRANSPORT","01 - DRY","1 - STRAIGHT LEVEL","1 - CONCRETE","N/A","P - PEDESTRIAN","1 - CLEAR","45214",2,1.103,0.114276681297856,700027,39.1097500042276,-84.5257150961837,"West End",276647
"26XX HARRISON AV",39.141142,-84.587871,"41-50","N/A","N/A","09/10/2016 12:00:00 PM +0000","01 - NOT AN INTERSECTION","2 - INJURY",2,"09/10/2016 12:07:00 PM +0000","SAT","M - MALE","2 - POSSIBLE","09FD5A12-575A-45B1-A9FE-294683CED41F","1 - DAYLIGHT","165014748","1 - NOT COLLISION BETWEEN TWO MOTOR VEHICLES IN TRANSPORT","01 - DRY","1 - STRAIGHT LEVEL","2 - BLACKTOP, BITUMINOUS, ASPHALT","N/A","P - PEDESTRIAN","1 - CLEAR","45211",2,1.103,0.175557127672643,980041,39.1412408740867,-84.5889730615639,"Westwood",204284
"19XX SUNSET AV",39.125335,-84.577687,"UNDER 18","N/A","N/A","04/05/2018 09:18:00 PM +0000","01 - NOT AN INTERSECTION","2 - INJURY",2,"04/05/2018 09:19:00 PM +0000","THU","M - MALE","3 - NON-INCAPACITATING","C361713C-A173-4BAB-AFE4-46109D2460B3","4 - DARK - LIGHTED ROADWAY","185004727","1 - NOT COLLISION BETWEEN TWO MOTOR VEHICLES IN TRANSPORT","01 - DRY","4 - CURVE GRADE","2 - BLACKTOP, BITUMINOUS, ASPHALT","N/A","P - PEDESTRIAN","1 - CLEAR","45238",3,0.304,0.131747012364694,930034,39.125495003617,-84.5776769979812,"West Price HIll",275981
"28XX WERK RD",39.142791,-84.593091,"51-60","N/A","N/A","12/27/2017 12:38:00 AM +0000","02 - FOUR-WAY INTERSECTION","2 - INJURY",2,"12/27/2017 12:39:00 AM +0000","WED","M - MALE","3 - NON-INCAPACITATING","3FC69286-9597-4C3C-B84B-5B936B851242","4 - DARK - LIGHTED ROADWAY","175019623","1 - NOT COLLISION BETWEEN TWO MOTOR VEHICLES IN TRANSPORT","02 - WET","1 - STRAIGHT LEVEL","1 - CONCRETE","N/A","P - PEDESTRIAN","1 - CLEAR","45211",3,0.304,0.108449135730607,1000042,39.1434889133576,-84.593491486592,"Westwood",204284
"3XX ERKENBRECHER",39.141387,-84.499414,"61-70","AVONDALE","AVONDALE","12/29/2014 09:27:00 PM +0000","02 - FOUR-WAY INTERSECTION","2 - INJURY",2,"12/29/2014 09:28:00 PM +0000","MON","M - MALE","3 - NON-INCAPACITATING","7270734F-64C7-4CD3-AAEE-29F0595283A3","4 - DARK - LIGHTED ROADWAY","145013850","1 - NOT COLLISION BETWEEN TWO MOTOR VEHICLES IN TRANSPORT","01 - DRY","2 - STRAIGHT GRADE","2 - BLACKTOP, BITUMINOUS, ASPHALT","AVONDALE","P - PEDESTRIAN","1 - CLEAR","45229",3,0.304,0.181743199525271,580041,39.1412434908726,-84.4986045403135,"Avondale",199345
"19XX LINN ST",39.118249,-84.526121,"51-60","N/A","N/A","07/30/2013 11:21:00 AM +0000","01 - NOT AN INTERSECTION","2 - INJURY",2,"07/30/2013 11:23:00 AM +0000","TUE","M - MALE","3 - NON-INCAPACITATING","9DA399EA-C27B-4763-BD29-E9CCBD8C0E36","1 - DAYLIGHT","135008945","1 - NOT COLLISION BETWEEN TWO MOTOR VEHICLES IN TRANSPORT","01 - DRY","1 - STRAIGHT LEVEL","2 - BLACKTOP, BITUMINOUS, ASPHALT","N/A","P - PEDESTRIAN","1 - CLEAR","45214",3,0.304,0.152549770603445,700031,39.1187500124118,-84.5257150961712,"West End",276647