"address_x","lat","long","age","community_council_neighborhood","cpd_neighborhood","crashdate","crashlocation","crashseverity","crashseverityid","datecrashreported","dayofweek","gender","injuries","instanceid","lightconditionsprimary","localreportno","mannerofcrash","roadconditionsprimary","roadcontour","roadsurface","sna_neighborhood","typeofperson","weather","zip","injury_type_num","cost","dist","cell_id","lat_cell","long_cell","hood","hood_id"
"51XX WINNESTE AV",39.185019,-84.513305,"UNDER 18","N/A","N/A","02/12/2016 12:28:00 PM +0000","01 - NOT AN INTERSECTION","2 - INJURY",2,"02/12/2016 01:00:00 PM +0000","FRI","F - FEMALE","3 - NON-INCAPACITATING","F7F84162-5216-4F89-B1F6-462519E5C007","1 - DAYLIGHT","165002140","1 - NOT COLLISION BETWEEN TWO MOTOR VEHICLES IN TRANSPORT","01 - DRY","1 - STRAIGHT LEVEL","2 - BLACKTOP, BITUMINOUS, ASPHALT","N/A","P - PEDESTRIAN","6 - SNOW","45232",3,0.304,0.160712566843342,650060,39.1839981081891,-84.5144190305332,"Winton Hills",276110
"49XX WINNESTE",39.180338,-84.51169,"UNDER 18","N/A","N/A","10/08/2013 07:20:00 AM +0000","01 - NOT AN INTERSECTION","2 - INJURY",2,"10/08/2013 07:22:00 AM +0000","TUE","M - MALE","4 - INCAPACITATING","8B628C85-CD05-4484-B3F7-5A9BD34EAEE5","2 - DAWN","135010907","1 - NOT COLLISION BETWEEN TWO MOTOR VEHICLES IN TRANSPORT","01 - DRY","1 - STRAIGHT LEVEL","2 - BLACKTOP, BITUMINOUS, ASPHALT","N/A","P - PEDESTRIAN","1 - CLEAR","45232",4,0.141,0.207015677696379,640058,39.1794975807067,-84.5121598175185,"Winton Hills",276110
"32XX BURNET AV",39.138853,-84.501029,"UNDER 18","CORRYVILLE","CORRYVILLE","01/26/2015 09:33:00 PM +0000","02 - FOUR-WAY INTERSECTION","2 - INJURY",2,"01/27/2015 05:57:01 PM +0000","MON","F - FEMALE","3 - NON-INCAPACITATING","B36A2FC2-114C-4DE1-976B-029D3E06D793","4 - DARK - LIGHTED ROADWAY","155001154","1 - NOT COLLISION BETWEEN TWO MOTOR VEHICLES IN TRANSPORT","01 - DRY","1 - STRAIGHT LEVEL","2 - BLACKTOP, BITUMINOUS, ASPHALT","CORRYVILLE","P - PEDESTRIAN","1 - CLEAR","45229",3,0.304,0.11759001077826,590040,39.1389942739627,-84.5008637530866,"Corryville",200172
"24XX BALTIMORE AV",39.153533,-84.565272,"UNDER 18","EAST WESTWOOD","EAST  WESTWOOD","01/11/2017 09:40:00 AM +0000","01 - NOT AN INTERSECTION","3 - PROPERTY DAMAGE ONLY (PDO)",3,"01/11/2017 09:47:00 AM +0000","WED","M - MALE","1 - NO INJURY / NONE REPORTED","47573BFA-FD38-4CDD-A925-31F3FEDCB71F","1 - DAYLIGHT","175000995","1 - NOT COLLISION BETWEEN TWO MOTOR VEHICLES IN TRANSPORT","04 - ICE","1 - STRAIGHT LEVEL","2 - BLACKTOP, BITUMINOUS, ASPHALT","EAST WESTWOOD","P - PEDESTRIAN","1 - CLEAR","45225",1,10.082,0.117598169422951,880046,39.1524980802452,-84.5663809332881,"East Westwood",273574
"12XX HOPPLE ST",39.13753,-84.537962,"41-50","N/A","N/A","07/15/2014 06:22:00 AM +0000","02 - FOUR-WAY INTERSECTION","2 - INJURY",2,"07/15/2014 06:22:00 AM +0000","TUE","M - MALE","2 - POSSIBLE","3170E079-1A3E-417D-B716-C7AC562990E8","1 - DAYLIGHT","145006083","1 - NOT COLLISION BETWEEN TWO MOTOR VEHICLES IN TRANSPORT","01 - DRY","1 - STRAIGHT LEVEL","2 - BLACKTOP, BITUMINOUS, ASPHALT","N/A","P - PEDESTRIAN","1 - CLEAR","45225",2,1.103,0.113401919099209,750039,39.1367509009735,-84.5370111621222,"Camp Washington",199841
"5XX VINE ST",39.101204,-84.512112,"26-30","N/A","N/A","04/30/2016 08:50:00 PM +0000","02 - FOUR-WAY INTERSECTION","2 - INJURY",2,"04/30/2016 08:51:00 PM +0000","SAT","F - FEMALE","3 - NON-INCAPACITATING","278F87DC-F7A2-4CCF-A05D-D8630B068FB0","4 - DARK - LIGHTED ROADWAY","165006625","1 - NOT COLLISION BETWEEN TWO MOTOR VEHICLES IN TRANSPORT","02 - WET","1 - STRAIGHT LEVEL","2 - BLACKTOP, BITUMINOUS, ASPHALT","N/A","P - PEDESTRIAN","4 - RAIN","45202",3,0.304,0.129375284706794,640023,39.1007475108233,-84.5121598176799,"Central Business District",273189
"61XX GLENWAY",39.142256,-84.622395,"31-40","N/A","N/A","06/13/2013 05:30:00 PM +0000","10 - DRIVEWAY/ALLEY ACCESS","2 - INJURY",2,"06/13/2013 05:37:00 PM +0000","THU","F - FEMALE","3 - NON-INCAPACITATING","DA2B18B5-7097-4313-8E05-20CA919EEFB8","1 - DAYLIGHT","135007214","1 - NOT COLLISION BETWEEN TWO MOTOR VEHICLES IN TRANSPORT","01 - DRY","1 - STRAIGHT LEVEL","2 - BLACKTOP, BITUMINOUS, ASPHALT","N/A","P - PEDESTRIAN","1 - CLEAR","45211",3,0.304,0.0961796906561549,1130041,39.141221902442,-84.6228612418296,"Westwood",204284
"1XX E GALBRAITH RD",39.211988,-84.46726,"51-60","HARTWELL","HARTWELL","12/16/2014 06:09:11 PM +0000","01 - NOT AN INTERSECTION","2 - INJURY",2,"12/16/2014 06:09:15 PM +0000","TUE","M - MALE","2 - POSSIBLE","9CE1216D-8DAF-4124-BB6C-AB25BDF98EE9","4 - DARK - LIGHTED ROADWAY","145012435","1 - NOT COLLISION BETWEEN TWO MOTOR VEHICLES IN TRANSPORT","02 - WET","1 - STRAIGHT LEVEL","1 - CONCRETE","HARTWELL","P - PEDESTRIAN","4 - RAIN","45216",2,1.103,0.159289122173917,440072,39.2109779727122,-84.4669755680214,"Hartwell",201193
"24XX HARRISON AV",39.141374,-84.580803,"31-40","N/A","N/A","03/19/2016 03:00:00 PM +0000","03 - T-INTERSECTION","2 - INJURY",2,"03/19/2016 03:06:00 PM +0000","SAT","M - MALE","3 - NON-INCAPACITATING","CD8B925C-BB77-421B-B084-D83CF4719D1E","1 - DAYLIGHT","165004138","1 - NOT COLLISION BETWEEN TWO MOTOR VEHICLES IN TRANSPORT","02 - WET","1 - STRAIGHT LEVEL","2 - BLACKTOP, BITUMINOUS, ASPHALT","N/A","P - PEDESTRIAN","2 - CLOUDY","45211",3,0.304,0.16375710671912,940041,39.1412442758999,-84.5799362108161,"Westwood",204284
"47XX READING RD",39.171536,-84.468238,"51-60","BOND HILL","BONDHILL","10/23/2016 05:06:00 PM +0000","03 - T-INTERSECTION","2 - INJURY",2,"10/23/2016 05:42:50 PM +0000","SUN","F - FEMALE","2 - POSSIBLE","39728BAD-AF44-4793-8E27-DDD13A8B1AFB","1 - DAYLIGHT","165017560","1 - NOT COLLISION BETWEEN TWO MOTOR VEHICLES IN TRANSPORT","01 - DRY","1 - STRAIGHT LEVEL","2 - BLACKTOP, BITUMINOUS, ASPHALT","BOND HILL","P - PEDESTRIAN","1 - CLEAR","45237",2,1.103,0.148966714938302,450054,39.1704793386948,-84.4692347799612,"Bond Hill",199607
"39XX GLENWAY AV",39.113291,-84.577761,"UNDER 18","N/A","N/A","11/15/2017 08:00:00 AM +0000","03 - T-INTERSECTION","2 - INJURY",2,"11/15/2017 08:06:00 AM +0000","WED","F - FEMALE","2 - POSSIBLE","7EDCC149-514C-4EAC-A0A7-8239171630C6","1 - DAYLIGHT","175017506","1 - NOT COLLISION BETWEEN TWO MOTOR VEHICLES IN TRANSPORT","01 - DRY","1 - STRAIGHT LEVEL","2 - BLACKTOP, BITUMINOUS, ASPHALT","N/A","P - PEDESTRIAN","1 - CLEAR","45205",2,1.103,0.105555475259037,930029,39.1142449938065,-84.577676997968,"West Price HIll",275981
"60XX MADISON RD",39.160911,-84.390844,"41-50","N/A","N/A","06/09/2017 09:35:00 PM +0000","01 - NOT AN INTERSECTION","3 - PROPERTY DAMAGE ONLY (PDO)",3,"06/09/2017 09:41:00 PM +0000","FRI","M - MALE","1 - NO INJURY / NONE REPORTED","F5EB2694-1E9B-44B0-94C7-C6A52242947D","4 - DARK - LIGHTED ROADWAY","175008670","1 - NOT COLLISION BETWEEN TWO MOTOR VEHICLES IN TRANSPORT","01 - DRY","1 - STRAIGHT LEVEL","2 - BLACKTOP, BITUMINOUS, ASPHALT","N/A","P - PEDESTRIAN","1 - CLEAR","45227",1,10.082,0.19440787199567,100050,39.1614045248039,-84.3901624398995,"Madisonville",201948
"23XX READING RD",39.123097,-84.501449,"31-40","N/A","N/A","02/18/2015 04:35:00 PM +0000","01 - NOT AN INTERSECTION","3 - PROPERTY DAMAGE ONLY (PDO)",3,"02/18/2015 04:40:00 PM +0000","WED","F - FEMALE","1 - NO INJURY / NONE REPORTED","046C8B7A-F59D-4FFC-8C08-4A27B06299F6","1 - DAYLIGHT","155002235","1 - NOT COLLISION BETWEEN TWO MOTOR VEHICLES IN TRANSPORT","02 - WET","2 - STRAIGHT GRADE","2 - BLACKTOP, BITUMINOUS, ASPHALT","N/A","P - PEDESTRIAN","6 - SNOW","45206",1,10.082,0.0999124656149406,590033,39.1232442603385,-84.5008637531269,"Walnut Hills",204112
"32XX HARRISON AV",39.153529,-84.602338,"31-40","WESTWOOD","WESTWOOD","09/23/2017 12:42:38 AM +0000","01 - NOT AN INTERSECTION","2 - INJURY",2,"09/23/2017 02:22:54 AM +0000","SAT","F - FEMALE","4 - INCAPACITATING","C997C5A9-8573-455E-A90B-F293CDD16F73","4 - DARK - LIGHTED ROADWAY","175014371","1 - NOT COLLISION BETWEEN TWO MOTOR VEHICLES IN TRANSPORT","01 - DRY","1 - STRAIGHT LEVEL","1 - CONCRETE","WESTWOOD","P - PEDESTRIAN","1 - CLEAR","45211",4,0.141,0.0990660323423018,1040046,39.1524844718855,-84.602528335848,"Westwood",204284
"37XX EDWARDS RD",39.145281,-84.442544,"18-25","N/A","N/A","05/10/2015 04:20:00 PM +0000","02 - FOUR-WAY INTERSECTION","2 - INJURY",2,"05/10/2015 04:24:00 PM +0000","SUN","F - FEMALE","3 - NON-INCAPACITATING","66357BD9-FA92-4D70-8109-5EDAA9BEB674","1 - DAYLIGHT","155006421","1 - NOT COLLISION BETWEEN TWO MOTOR VEHICLES IN TRANSPORT","01 - DRY","1 - STRAIGHT LEVEL","2 - BLACKTOP, BITUMINOUS, ASPHALT","N/A","P - PEDESTRIAN","2 - CLOUDY","45209",3,0.304,0.11594930681222,330043,39.1457096935867,-84.4421242452177,"Oakley",202657
"28XX LINWOOD AV",39.136921,-84.438884,"18-25","N/A","N/A","02/28/2017 08:44:06 AM +0000","01 - NOT AN INTERSECTION","2 - INJURY",2,"02/28/2017 08:45:07 AM +0000","TUE","F - FEMALE","4 - INCAPACITATING","56A0DA20-7286-4BC8-800F-F3043C714AB3","1 - DAYLIGHT","175002890","1 - NOT COLLISION BETWEEN TWO MOTOR VEHICLES IN TRANSPORT","02 - WET","1 - STRAIGHT LEVEL","2 - BLACKTOP, BITUMINOUS, ASPHALT","N/A","P - PEDESTRIAN","4 - RAIN","45208",4,0.141,0.113739481142773,320039,39.1367077691612,-84.4398650347427,"Hyde Park",201414
"33XX BURNET AV",39.140539,-84.500381,"18-25","N/A","N/A","09/30/2017 11:00:00 PM +0000","01 - NOT AN INTERSECTION","2 - INJURY",2,"10/01/2017 02:30:00 PM +0000","SAT","F - FEMALE","2 - POSSIBLE","EEA9F7C1-3DA0-4436-A9FF-1D1303484AA6","4 - DARK - LIGHTED ROADWAY","175014850","1 - NOT COLLISION BETWEEN TWO MOTOR VEHICLES IN TRANSPORT","01 - DRY","1 - STRAIGHT LEVEL","2 - BLACKTOP, BITUMINOUS, ASPHALT","N/A","P - PEDESTRIAN","1 - CLEAR","45229",2,1.103,0.125824217348466,590041,39.1412442759061,-84.5008637530809,"Corryville",200172
"35XX SOUTHSIDE AV",39.080384,-84.585633,"51-60","RIVERSIDE","RIVERSIDE","09/02/2018 06:13:00 PM +0000","01 - NOT AN INTERSECTION","2 - INJURY",2,"09/02/2018 06:13:00 PM +0000","SUN","F - FEMALE","2 - POSSIBLE","44FAB590-0137-495B-B6C9-1CEFA0F3EDE0","1 - DAYLIGHT","185012315","1 - NOT COLLISION BETWEEN TWO MOTOR VEHICLES IN TRANSPORT","01 - DRY","1 - STRAIGHT LEVEL","2 - BLACKTOP, BITUMINOUS, ASPHALT","RIVERSIDE","P - PEDESTRIAN","1 - CLEAR","45204",2,1.103,0.100000227574455,970014,39.0804917383291,-84.5867138488659,"Riverside",203181
"13XX COVEDALE AV",39.121351,-84.606209,"31-40","N/A","N/A","11/11/2015 02:17:00 PM +0000","01 - NOT AN INTERSECTION","2 - INJURY",2,"11/11/2015 02:18:00 PM +0000","WED","M - MALE","2 - POSSIBLE","8EEA1D85-B5C3-4FE0-B9BE-17D89ADD8DB5","1 - DAYLIGHT","155016461","1 - NOT COLLISION BETWEEN TWO MOTOR VEHICLES IN TRANSPORT","01 - DRY","1 - STRAIGHT LEVEL","2 - BLACKTOP, BITUMINOUS, ASPHALT","N/A","P - PEDESTRIAN","2 - CLOUDY","45238",2,1.103,0.180393360809259,1060032,39.1209819613277,-84.6070467599461,"West Price HIll",275981
"1XX W COURT ST",39.106773,-84.515726,"31-40","DOWNTOWN","C. B. D. / RIVERFRONT","11/11/2014 06:12:00 PM +0000","01 - NOT AN INTERSECTION","2 - INJURY",2,"11/11/2014 06:12:00 PM +0000","TUE","M - MALE","3 - NON-INCAPACITATING","0F6E9E96-0F72-49D8-ABB0-E90606756F0C","5 - DARK – ROADWAY NOT LIGHTIED","145011539","1 - NOT COLLISION BETWEEN TWO MOTOR VEHICLES IN TRANSPORT","02 - WET","1 - STRAIGHT LEVEL","2 - BLACKTOP, BITUMINOUS, ASPHALT","DOWNTOWN","P - PEDESTRIAN","4 - RAIN","45202",3,0.304,0.1271592134791,660026,39.1074985197021,-84.5166782437297,"Over-The-Rhine",202750
"15XX ELM ST",39.112653,-84.521601,"61-70","N/A","N/A","09/15/2017 03:28:00 PM +0000","01 - NOT AN INTERSECTION","2 - INJURY",2,"09/15/2017 03:28:00 PM +0000","FRI","M - MALE","3 - NON-INCAPACITATING","FBF8CB06-5B6B-4728-9F93-8DB23C1C88A8","1 - DAYLIGHT","175014010","1 - NOT COLLISION BETWEEN TWO MOTOR VEHICLES IN TRANSPORT","01 - DRY","1 - STRAIGHT LEVEL","2 - BLACKTOP, BITUMINOUS, ASPHALT","N/A","P - PEDESTRIAN","1 - CLEAR","45202",3,0.304,0.0987181944408309,680028,39.1119993522192,-84.5211966699035,"West End",276647
"2XX W MCMILLAN",39.128107,-84.519225,"18-25","CUF - HEIGHTS","FAIRVIEW","08/03/2013 10:24:00 PM +0000","01 - NOT AN INTERSECTION","2 - INJURY",2,"08/03/2013 10:24:00 PM +0000","SAT","M - MALE","2 - POSSIBLE","F280FCF1-4C06-4E55-9948-7C721C62610D","4 - DARK - LIGHTED ROADWAY","135009073","1 - NOT COLLISION BETWEEN TWO MOTOR VEHICLES IN TRANSPORT","01 - DRY","1 - STRAIGHT LEVEL","2 - BLACKTOP, BITUMINOUS, ASPHALT","CUF","P - PEDESTRIAN","1 - CLEAR","45219",2,1.103,0.201246014799999,670035,39.1277489739748,-84.518937456772,"CUF",273417
"48XX MARBURG AV",39.163863,-84.424921,"18-25","OAKLEY","OAKLEY","05/28/2013 11:00:00 AM +0000","01 - NOT AN INTERSECTION","2 - INJURY",2,"05/28/2013 03:00:00 PM +0000","TUE","F - FEMALE","2 - POSSIBLE","C25EA9C7-2C0F-41FE-9763-0859C69D2F11","1 - DAYLIGHT","135006472","1 - NOT COLLISION BETWEEN TWO MOTOR VEHICLES IN TRANSPORT","01 - DRY","1 - STRAIGHT LEVEL","2 - BLACKTOP, BITUMINOUS, ASPHALT","OAKLEY","P - PEDESTRIAN","1 - CLEAR","45209",2,1.103,0.103469252362975,250051,39.1636931289872,-84.4240505647034,"Oakley",202657
"1XX E LIBERTY ST",39.11175,-84.515075,"51-60","OTR","OVER-THE-RHINE","12/19/2014 12:20:00 PM +0000","02 - FOUR-WAY INTERSECTION","2 - INJURY",2,"12/19/2014 12:30:00 PM +0000","FRI","M - MALE","3 - NON-INCAPACITATING","08902731-212F-456A-9A40-BFB418E70482","1 - DAYLIGHT","145013377","1 - NOT COLLISION BETWEEN TWO MOTOR VEHICLES IN TRANSPORT","01 - DRY","1 - STRAIGHT LEVEL","2 - BLACKTOP, BITUMINOUS, ASPHALT","OVER-THE-RHINE","P - PEDESTRIAN","2 - CLOUDY","45202",3,0.304,0.215255452044015,650028,39.1119980441079,-84.5144190306731,"Over-The-Rhine",202750
"9XX E MCMILLAN ST",39.126662,-84.487769,"51-60","N/A","N/A","11/15/2016 12:47:00 PM +0000","01 - NOT AN INTERSECTION","2 - INJURY",2,"11/15/2016 12:52:00 PM +0000","TUE","M - MALE","3 - NON-INCAPACITATING","247676FE-A785-4FF7-B7CF-3F1645F716B6","1 - DAYLIGHT","165018947","1 - NOT COLLISION BETWEEN TWO MOTOR VEHICLES IN TRANSPORT","01 - DRY","1 - STRAIGHT LEVEL","2 - BLACKTOP, BITUMINOUS, ASPHALT","N/A","P - PEDESTRIAN","1 - CLEAR","45206",3,0.304,0.0960502492615706,530035,39.1277389003643,-84.4873084773509,"Walnut Hills",204112
"37XX HIGH POINT",39.158705,-84.598145,"51-60","WESTWOOD","WESTWOOD","01/23/2016 04:30:00 PM +0000","01 - NOT AN INTERSECTION","2 - INJURY",2,"01/23/2016 04:30:00 PM +0000","SAT","M - MALE","2 - POSSIBLE","80E110DE-03AF-4BC1-A9EC-9613E77A6C41","1 - DAYLIGHT","165001145","1 - NOT COLLISION BETWEEN TWO MOTOR VEHICLES IN TRANSPORT","03 - SNOW","2 - STRAIGHT GRADE","1 - CONCRETE","WESTWOOD","P - PEDESTRIAN","1 - CLEAR","45211",2,1.103,0.169428511262485,1020049,39.1592367890105,-84.5980099113844,"Westwood",204284
"7XX WALNUT ST",39.103804,-84.511592,"18-25","N/A","N/A","05/17/2015 01:12:00 AM +0000","02 - FOUR-WAY INTERSECTION","2 - INJURY",2,"05/17/2015 01:12:00 AM +0000","SUN","M - MALE","4 - INCAPACITATING","CB7C3BF4-F550-4A67-B9E7-10C3226DB10D","4 - DARK - LIGHTED ROADWAY","155006776","1 - NOT COLLISION BETWEEN TWO MOTOR VEHICLES IN TRANSPORT","01 - DRY","1 - STRAIGHT LEVEL","2 - BLACKTOP, BITUMINOUS, ASPHALT","N/A","P - PEDESTRIAN","1 - CLEAR","45202",4,0.141,0.120445558999439,640024,39.1029975128329,-84.5121598176752,"Central Business District",273189
"35XX ESTES PL",39.148018,-84.49317,"UNDER 18","AVONDALE","AVONDALE","08/07/2018 12:58:00 PM +0000","01 - NOT AN INTERSECTION","2 - INJURY",2,"08/07/2018 12:59:00 PM +0000","TUE","F - FEMALE","3 - NON-INCAPACITATING","545C8B03-B028-4407-8538-035AE259A886","1 - DAYLIGHT","CPD18080700072","1 - NOT COLLISION BETWEEN TWO MOTOR VEHICLES IN TRANSPORT","01 - DRY","1 - STRAIGHT LEVEL","2 - BLACKTOP, BITUMINOUS, ASPHALT","AVONDALE","P - PEDESTRIAN","2 - CLOUDY","45229",3,0.304,0.185944648947239,560044,39.147991795671,-84.4940861149176,"Avondale",199345
"8XX EZZARD CHARLES DR",39.108403,-84.525746,"31-40","N/A","N/A","04/28/2017 12:10:00 AM +0000","01 - NOT AN INTERSECTION","3 - PROPERTY DAMAGE ONLY (PDO)",3,"04/28/2017 12:33:00 AM +0000","FRI","M - MALE","1 - NO INJURY / NONE REPORTED","D8864201-D9B5-4280-83DC-7ABDBC3EC59E","4 - DARK - LIGHTED ROADWAY","175006164","1 - NOT COLLISION BETWEEN TWO MOTOR VEHICLES IN TRANSPORT","01 - DRY","1 - STRAIGHT LEVEL","2 - BLACKTOP, BITUMINOUS, ASPHALT","N/A","P - PEDESTRIAN","1 - CLEAR","45203",1,10.082,0.153524512343179,700026,39.1075000021796,-84.5257150961868,"West End",276647
"24XX READING RD",39.125613,-84.501031,"41-50","WALNUT HILLS","WALNUT HILLS","08/25/2016 03:39:00 PM +0000","02 - FOUR-WAY INTERSECTION","2 - INJURY",2,"08/25/2016 04:02:01 PM +0000","THU","F - FEMALE","3 - NON-INCAPACITATING","1DB63DE0-ECC5-4B9E-8998-CA080F3FA842","1 - DAYLIGHT","165013657","1 - NOT COLLISION BETWEEN TWO MOTOR VEHICLES IN TRANSPORT","01 - DRY","2 - STRAIGHT GRADE","2 - BLACKTOP, BITUMINOUS, ASPHALT","WALNUT HILLS","P - PEDESTRIAN","1 - CLEAR","45206",3,0.304,0.1072023652301,590034,39.125494262287,-84.5008637531212,"Walnut Hills",204112
"26XX CLIFTON AV",39.130064,-84.520977,"18-25","N/A","N/A","08/20/2016 01:36:00 AM +0000","01 - NOT AN INTERSECTION","2 - INJURY",2,"08/20/2016 01:36:00 AM +0000","SAT","M - MALE","2 - POSSIBLE","D5D708E5-972D-4A3D-BB99-EF7606F04AF8","4 - DARK - LIGHTED ROADWAY","165013320","1 - NOT COLLISION BETWEEN TWO MOTOR VEHICLES IN TRANSPORT","01 - DRY","1 - STRAIGHT LEVEL","2 - BLACKTOP, BITUMINOUS, ASPHALT","N/A","P - PEDESTRIAN","1 - CLEAR","45221",2,1.103,0.194041347980605,680036,39.1299993684835,-84.5211966698744,"CUF",273417
"4XX LUDLOW AV",39.144931,-84.522029,"18-25","N/A","N/A","11/29/2013 11:10:00 AM +0000","03 - T-INTERSECTION","2 - INJURY",2,"11/29/2013 11:13:00 AM +0000","FRI","F - FEMALE","3 - NON-INCAPACITATING","74A00E64-7C5D-4C01-934B-C06E1C726F7B","1 - DAYLIGHT","135012413","1 - NOT COLLISION BETWEEN TWO MOTOR VEHICLES IN TRANSPORT","01 - DRY","1 - STRAIGHT LEVEL","2 - BLACKTOP, BITUMINOUS, ASPHALT","N/A","P - PEDESTRIAN","1 - CLEAR","45220",3,0.304,0.132081108754031,680043,39.1457493826744,-84.521196669849,"Clifton",200052
"30XX READING RD",39.133686,-84.497128,"UNDER 18","AVONDALE","AVONDALE","06/24/2014 10:37:00 AM +0000","01 - NOT AN INTERSECTION","2 - INJURY",2,"06/24/2014 10:37:00 AM +0000","TUE","M - MALE","2 - POSSIBLE","51834739-0BAA-4AFF-9E51-D5CFC0B71828","1 - DAYLIGHT","145005141","1 - NOT COLLISION BETWEEN TWO MOTOR VEHICLES IN TRANSPORT","01 - DRY","1 - STRAIGHT LEVEL","1 - CONCRETE","AVONDALE","P - PEDESTRIAN","1 - CLEAR","45206",2,1.103,0.155582463186011,570038,39.1344926564727,-84.4963453276164,"Avondale",199345
"7XX MITCHELL AV",39.159664,-84.4868,"31-40","NORTH AVONDALE","NORTH AVONDALE","01/15/2018 05:46:51 PM +0000","01 - NOT AN INTERSECTION","2 - INJURY",2,"01/15/2018 05:49:12 PM +0000","MON","F - FEMALE","2 - POSSIBLE","E6D74AC6-F6A0-4E76-B5F6-705C82897EA8","4 - DARK - LIGHTED ROADWAY","185000798","2 - REAR-END","03 - SNOW","4 - CURVE GRADE","2 - BLACKTOP, BITUMINOUS, ASPHALT","NORTH AVONDALE - PADDOCK HILLS","P - PEDESTRIAN","6 - SNOW","45229",2,1.103,0.104555430419737,530049,39.1592389263331,-84.4873084772532,"North Avondale",274686
"8XX STATE AV",39.105285,-84.552891,"18-25","N/A","N/A","06/03/2016 02:29:00 AM +0000","01 - NOT AN INTERSECTION","2 - INJURY",2,"06/03/2016 02:30:00 AM +0000","FRI","M - MALE","3 - NON-INCAPACITATING","A41A8484-C334-40BC-8556-0B1E39C2AE17","4 - DARK - LIGHTED ROADWAY","165008644","1 - NOT COLLISION BETWEEN TWO MOTOR VEHICLES IN TRANSPORT","01 - DRY","1 - STRAIGHT LEVEL","1 - CONCRETE","N/A","P - PEDESTRIAN","1 - CLEAR","45204",3,0.304,0.171523040282416,820025,39.1052502617382,-84.5528256545869,"Lower Price Hill",276431
"1XX GARFIELD PL",39.105064,-84.515184,"18-25","N/A","N/A","09/13/2017 11:59:00 PM +0000","01 - NOT AN INTERSECTION","2 - INJURY",2,"09/14/2017 12:22:00 AM +0000","WED","M - MALE","3 - NON-INCAPACITATING","6E1AC3BA-5D61-49D9-A8E9-7177D86C784B","5 - DARK – ROADWAY NOT LIGHTED","175013890","6 - ANGLE","02 - WET","1 - STRAIGHT LEVEL","3 - BRICK/BLOCK","N/A","P - PEDESTRIAN","4 - RAIN","45202",3,0.304,0.153365071667684,650025,39.1052480380605,-84.5144190306861,"Central Business District",273189
"8XX W LIBERTY ST",39.114054,-84.526947,"UNDER 18","N/A","N/A","03/14/2013 04:00:00 PM +0000","01 - NOT AN INTERSECTION","2 - INJURY",2,"03/14/2013 04:00:00 PM +0000","THU","M - MALE","2 - POSSIBLE","30619393-C45E-4A86-AA86-C946110BE0F1","1 - DAYLIGHT","135003239","1 - NOT COLLISION BETWEEN TWO MOTOR VEHICLES IN TRANSPORT","01 - DRY","1 - STRAIGHT LEVEL","2 - BLACKTOP, BITUMINOUS, ASPHALT","N/A","P - PEDESTRIAN","1 - CLEAR","45214",2,1.103,0.122985652588636,710029,39.1142502699477,-84.5279743093449,"West End",276647
"42XX GLENWAY AV",39.114461,-84.584801,"UNDER 18","WEST PRICE HILL","WEST PRICE HILL","02/04/2016 02:50:00 PM +0000","01 - NOT AN INTERSECTION","2 - INJURY",2,"02/04/2016 02:50:00 PM +0000","THU","F - FEMALE","4 - INCAPACITATING","7B86D200-E425-4772-B769-03BD2CE61C6D","1 - DAYLIGHT","165001765","1 - NOT COLLISION BETWEEN TWO MOTOR VEHICLES IN TRANSPORT","01 - DRY","1 - STRAIGHT LEVEL","2 - BLACKTOP, BITUMINOUS, ASPHALT","WEST PRICE HILL","P - PEDESTRIAN","2 - CLOUDY","45205",4,0.141,0.172205980786715,960029,39.1142426391663,-84.5844546362597,"West Price HIll",275981
"2XX SCHILLER ST",39.113673,-84.513092,"UNDER 18","N/A","N/A","06/14/2017 09:00:00 PM +0000","03 - T-INTERSECTION","2 - INJURY",2,"06/14/2017 09:50:00 PM +0000","WED","F - FEMALE","3 - NON-INCAPACITATING","F773AC52-6E7C-411B-BE89-D413CBBEED3A","4 - DARK - LIGHTED ROADWAY","175008956","1 - NOT COLLISION BETWEEN TWO MOTOR VEHICLES IN TRANSPORT","01 - DRY","3 - CURVE LEVEL","2 - BLACKTOP, BITUMINOUS, ASPHALT","N/A","P - PEDESTRIAN","1 - CLEAR","45202",3,0.304,0.050013654852428,640029,39.1142475228691,-84.5121598176522,"Over-The-Rhine",202750
"30XX BURNET AV",39.133867,-84.502071,"31-40","AVONDALE","AVONDALE","10/12/2017 07:42:00 PM +0000","01 - NOT AN INTERSECTION","2 - INJURY",2,"10/12/2017 07:44:00 PM +0000","THU","M - MALE","4 - INCAPACITATING","382DC295-A2AA-4D94-A2A2-52DC080FE6FE","4 - DARK - LIGHTED ROADWAY","175015505","1 - NOT COLLISION BETWEEN TWO MOTOR VEHICLES IN TRANSPORT","01 - DRY","2 - STRAIGHT GRADE","2 - BLACKTOP, BITUMINOUS, ASPHALT","AVONDALE","P - PEDESTRIAN","2 - CLOUDY","45219",4,0.141,0.0982199799945185,600038,39.1344950114581,-84.5031229659139,"Corryville",200172