"address_x","lat","long","age","community_council_neighborhood","cpd_neighborhood","crashdate","crashlocation","crashseverity","crashseverityid","datecrashreported","dayofweek","gender","injuries","instanceid","lightconditionsprimary","localreportno","mannerofcrash","roadconditionsprimary","roadcontour","roadsurface","sna_neighborhood","typeofperson","weather","zip","injury_type_num","cost","dist","cell_id","lat_cell","long_cell","hood","hood_id"
"23XX READING RD",39.123923,-84.500858,"31-40","MOUNT AUBURN","MOUNT  AUBURN","10/12/2015 08:15:00 PM +0000","01 - NOT AN INTERSECTION","2 - INJURY",2,"10/12/2015 08:20:00 PM +0000","MON","F - FEMALE","4 - INCAPACITATING","A14E64A5-1CEE-4F1E-AACE-E618B2C6A818","4 - DARK - LIGHTED ROADWAY","155014826","1 - NOT COLLISION BETWEEN TWO MOTOR VEHICLES IN TRANSPORT","02 - WET","2 - STRAIGHT GRADE","2 - BLACKTOP, BITUMINOUS, ASPHALT","MT. AUBURN","P - PEDESTRIAN","4 - RAIN","45206",4,0.141,0.0999124656149406,590033,39.1232442603385,-84.5008637531269,"Walnut Hills",204112
"12XX STATE AV",39.110892,-84.551949,"UNDER 18","LOWER PRICE HILL","LOWER PRICE  HILL","07/11/2016 09:24:00 AM +0000","01 - NOT AN INTERSECTION","2 - INJURY",2,"07/11/2016 09:27:00 AM +0000","MON","F - FEMALE","2 - POSSIBLE","40534805-0866-40DF-BE3F-E065E3424411","1 - DAYLIGHT","165010855","1 - NOT COLLISION BETWEEN TWO MOTOR VEHICLES IN TRANSPORT","01 - DRY","1 - STRAIGHT LEVEL","2 - BLACKTOP, BITUMINOUS, ASPHALT","LOWER PRICE HILL","P - PEDESTRIAN","1 - CLEAR","45204",2,1.103,0.114397833138304,820028,39.112000267895,-84.5528256545869,"East Price Hill",273561
"9XX MAIN ST",39.106804,-84.509859,"31-40","N/A","N/A","12/29/2012 02:20:59 AM +0000","02 - FOUR-WAY INTERSECTION","2 - INJURY",2,"12/29/2012 03:05:30 AM +0000","SAT","M - MALE","3 - NON-INCAPACITATING","5F1EB5E1-9DAB-4DF0-81CD-C2F78EF217C1","4 - DARK - LIGHTED ROADWAY","125000947","1 - NOT COLLISION BETWEEN TWO MOTOR VEHICLES IN TRANSPORT","02 - WET","1 - STRAIGHT LEVEL","2 - BLACKTOP, BITUMINOUS, ASPHALT","N/A","P - PEDESTRIAN","6 - SNOW","45202",3,0.304,0.125174399232344,630026,39.1074969500199,-84.5099006046852,"Over-The-Rhine",202750
"36XX WEST 8TH ST",39.106694,-84.571266,"51-60","N/A","N/A","05/14/2018 10:45:00 PM +0000","02 - FOUR-WAY INTERSECTION","3 - PROPERTY DAMAGE ONLY (PDO)",3,"05/14/2018 10:47:00 PM +0000","MON","M - MALE","1 - NO INJURY / NONE REPORTED","4E1511E7-6E6D-4065-9B86-4C3D1D3FC998","4 - DARK - LIGHTED ROADWAY","185006732","1 - NOT COLLISION BETWEEN TWO MOTOR VEHICLES IN TRANSPORT","01 - DRY","1 - STRAIGHT LEVEL","1 - CONCRETE","N/A","P - PEDESTRIAN","1 - CLEAR","45205",1,10.082,0.0972670281085931,900026,39.1074969500151,-84.5708993592553,"East Price Hill",273561
"3XX LUDLOW AV",39.14419,-84.51852,"41-50","N/A","N/A","03/04/2013 11:03:00 PM +0000","02 - FOUR-WAY INTERSECTION","2 - INJURY",2,"03/04/2013 11:03:00 PM +0000","MON","M - MALE","2 - POSSIBLE","888296EC-5F0E-44F2-AAA2-3FA33A1B3111","4 - DARK - LIGHTED ROADWAY","135004094","1 - NOT COLLISION BETWEEN TWO MOTOR VEHICLES IN TRANSPORT","01 - DRY","1 - STRAIGHT LEVEL","2 - BLACKTOP, BITUMINOUS, ASPHALT","N/A","P - PEDESTRIAN","1 - CLEAR","45220",2,1.103,0.108990433484349,670042,39.1434989881264,-84.5189374567449,"Clifton",200052
"W NORTH BEND RD",39.202416,-84.53869,"UNDER 18","N/A","N/A","12/13/2012 06:52:22 PM +0000","01 - NOT AN INTERSECTION","2 - INJURY",2,"12/13/2012 07:14:00 PM +0000","THU","M - MALE","3 - NON-INCAPACITATING","19CDC004-D7E6-4508-8DF4-ECD0E371FD48","3 - DUSK","125000442","1 - NOT COLLISION BETWEEN TWO MOTOR VEHICLES IN TRANSPORT","01 - DRY","1 - STRAIGHT LEVEL","2 - BLACKTOP, BITUMINOUS, ASPHALT","N/A","P - PEDESTRIAN","1 - CLEAR","45224",3,0.304,0.101178865399347,760068,39.2020010038027,-84.5392703752954,"College Hill",200100
"24XX READING RD",39.125603,-84.502239,"41-50","N/A","N/A","03/29/2018 04:40:00 PM +0000","02 - FOUR-WAY INTERSECTION","2 - INJURY",2,"03/29/2018 04:41:00 PM +0000","THU","F - FEMALE","2 - POSSIBLE","4FF0C7A3-973E-42B4-98D2-FF6690E152AF","1 - DAYLIGHT","185004340","1 - NOT COLLISION BETWEEN TWO MOTOR VEHICLES IN TRANSPORT","02 - WET","2 - STRAIGHT GRADE","2 - BLACKTOP, BITUMINOUS, ASPHALT","N/A","P - PEDESTRIAN","4 - RAIN","45206",2,1.103,0.136859449556949,600034,39.1254950036229,-84.503122965936,"Mt. Auburn",274621
"3XX W NORTH BEND",39.197958,-84.485805,"OVER 70","CARTHAGE","CARTHAGE","06/11/2015 06:40:27 AM +0000","03 - T-INTERSECTION","2 - INJURY",2,"06/11/2015 07:15:35 AM +0000","THU","M - MALE","3 - NON-INCAPACITATING","B9F86C5B-F733-4D5E-A692-82CCFD8D1A32","1 - DAYLIGHT","155007947","1 - NOT COLLISION BETWEEN TWO MOTOR VEHICLES IN TRANSPORT","01 - DRY","1 - STRAIGHT LEVEL","1 - CONCRETE","CARTHAGE","P - PEDESTRIAN","1 - CLEAR","45216",3,0.304,0.116272526509104,520066,39.197487910546,-84.4850492647153,"Carthage",199885
"17XX FRINTZ ST",39.117326,-84.516215,"26-30","N/A","N/A","12/26/2016 04:00:00 AM +0000","01 - NOT AN INTERSECTION","2 - INJURY",2,"12/26/2016 04:00:00 AM +0000","MON","F - FEMALE","2 - POSSIBLE","9FA6B14E-0C95-4EB0-AA1F-6DC79A812CAE","4 - DARK - LIGHTED ROADWAY","165021596","1 - NOT COLLISION BETWEEN TWO MOTOR VEHICLES IN TRANSPORT","02 - WET","2 - STRAIGHT GRADE","2 - BLACKTOP, BITUMINOUS, ASPHALT","N/A","P - PEDESTRIAN","2 - CLOUDY","45202",2,1.103,0.168576370115149,660030,39.1164985277923,-84.5166782437132,"Over-The-Rhine",202750
"46XX SPRING GROVE AV",39.165776,-84.51843,"18-25","N/A","N/A","02/26/2013 06:19:00 AM +0000","03 - T-INTERSECTION","2 - INJURY",2,"02/26/2013 06:19:00 AM +0000","TUE","F - FEMALE","3 - NON-INCAPACITATING","E25EF615-5385-40D1-A9A4-52D1BCF2CCED","4 - DARK - LIGHTED ROADWAY","135002454","1 - NOT COLLISION BETWEEN TWO MOTOR VEHICLES IN TRANSPORT","02 - WET","1 - STRAIGHT LEVEL","2 - BLACKTOP, BITUMINOUS, ASPHALT","N/A","P - PEDESTRIAN","4 - RAIN","45232",3,0.304,0.0952395046541185,670052,39.1659990082778,-84.5189374567061,"Winton Place",204406
"7XX WALNUT ST",39.103494,-84.512512,"18-25","N/A","N/A","05/17/2015 01:12:00 AM +0000","02 - FOUR-WAY INTERSECTION","2 - INJURY",2,"05/17/2015 01:12:00 AM +0000","SUN","M - MALE","3 - NON-INCAPACITATING","CB7C3BF4-F550-4A67-B9E7-10C3226DB10D","4 - DARK - LIGHTED ROADWAY","155006776","1 - NOT COLLISION BETWEEN TWO MOTOR VEHICLES IN TRANSPORT","01 - DRY","1 - STRAIGHT LEVEL","2 - BLACKTOP, BITUMINOUS, ASPHALT","N/A","P - PEDESTRIAN","1 - CLEAR","45202",3,0.304,0.120445558999439,640024,39.1029975128329,-84.5121598176752,"Central Business District",273189
"50XX HAWAIIAN TE",39.184355,-84.563551,"UNDER 18","MOUNT AIRY","MOUNT AIRY","06/06/2018 10:00:00 PM +0000","01 - NOT AN INTERSECTION","2 - INJURY",2,"06/07/2018 12:00:00 PM +0000","WED","M - MALE","3 - NON-INCAPACITATING","37FEFEDC-4491-48BF-9A17-D408B0E54D63","4 - DARK - LIGHTED ROADWAY","185008003","1 - NOT COLLISION BETWEEN TWO MOTOR VEHICLES IN TRANSPORT","01 - DRY","1 - STRAIGHT LEVEL","2 - BLACKTOP, BITUMINOUS, ASPHALT","MT. AIRY","P - PEDESTRIAN","1 - CLEAR","45223",3,0.304,0.111424406985118,870060,39.183998588076,-84.5641217202526,"Mt. Airy",274620
"25XX CLIFTON AV",39.129421,-84.520196,"UNDER 18","N/A","N/A","04/23/2015 05:55:21 PM +0000","03 - T-INTERSECTION","2 - INJURY",2,"04/23/2015 05:55:28 PM +0000","THU","F - FEMALE","3 - NON-INCAPACITATING","2EB81907-4DD7-4DF1-A827-6CC3841B53F7","1 - DAYLIGHT","155005569","1 - NOT COLLISION BETWEEN TWO MOTOR VEHICLES IN TRANSPORT","01 - DRY","1 - STRAIGHT LEVEL","2 - BLACKTOP, BITUMINOUS, ASPHALT","N/A","P - PEDESTRIAN","1 - CLEAR","45221",3,0.304,0.194041347980605,680036,39.1299993684835,-84.5211966698744,"CUF",273417
"5XX E MARTIN LUTHER KING DR",39.134605,-84.498423,"26-30","N/A","N/A","03/26/2013 11:20:00 PM +0000","02 - FOUR-WAY INTERSECTION","2 - INJURY",2,"03/26/2013 11:27:00 PM +0000","TUE","F - FEMALE","1 - NO INJURY / NONE REPORTED","93B817C3-726C-4259-8654-1EE9CEBC406B","4 - DARK - LIGHTED ROADWAY","135003762","1 - NOT COLLISION BETWEEN TWO MOTOR VEHICLES IN TRANSPORT","01 - DRY","2 - STRAIGHT GRADE","1 - CONCRETE","N/A","P - PEDESTRIAN","1 - CLEAR","45219",1,10.082,0.179594807596472,580038,39.1344934850787,-84.4986045403314,"Avondale",199345
"8XX POPLAR ST",39.115521,-84.52697,"41-50","WEST END","WEST  END","05/15/2014 01:00:00 PM +0000","02 - FOUR-WAY INTERSECTION","3 - PROPERTY DAMAGE ONLY (PDO)",3,"05/15/2014 02:50:00 PM +0000","THU","F - FEMALE","1 - NO INJURY / NONE REPORTED","B6D73166-BB13-457D-B29D-DDA050D9818E","1 - DAYLIGHT","145003726","1 - NOT COLLISION BETWEEN TWO MOTOR VEHICLES IN TRANSPORT","01 - DRY","1 - STRAIGHT LEVEL","1 - CONCRETE","WEST END","P - PEDESTRIAN","2 - CLOUDY","45214",1,10.082,0.0944231532555501,710030,39.1165002719976,-84.5279743093421,"West End",276647
"43XX GLENWAY AV",39.11387,-84.58515,"61-70","N/A","N/A","02/24/2015 07:44:00 AM +0000","01 - NOT AN INTERSECTION","2 - INJURY",2,"02/24/2015 08:30:00 AM +0000","TUE","F - FEMALE","2 - POSSIBLE","30628458-4FA4-4ED5-B548-AFF756E26DC7","1 - DAYLIGHT","155002552","1 - NOT COLLISION BETWEEN TWO MOTOR VEHICLES IN TRANSPORT","03 - SNOW","1 - STRAIGHT LEVEL","2 - BLACKTOP, BITUMINOUS, ASPHALT","N/A","P - PEDESTRIAN","1 - CLEAR","45205",2,1.103,0.172205980786715,960029,39.1142426391663,-84.5844546362597,"West Price HIll",275981
"41XX PAXTON AV",39.151373,-84.420408,"18-25","N/A","N/A","07/29/2017 08:37:00 AM +0000","01 - NOT AN INTERSECTION","2 - INJURY",2,"07/29/2017 08:40:00 AM +0000","SAT","F - FEMALE","3 - NON-INCAPACITATING","1CAB5A37-D254-4405-8030-7D1E331FFC74","1 - DAYLIGHT","175011277","1 - NOT COLLISION BETWEEN TWO MOTOR VEHICLES IN TRANSPORT","01 - DRY","1 - STRAIGHT LEVEL","2 - BLACKTOP, BITUMINOUS, ASPHALT","N/A","P - PEDESTRIAN","1 - CLEAR","45209",3,0.304,0.112740827851418,230046,39.1524385437246,-84.4195321460221,"Oakley",202657
"27XX EAST TOWER DR",39.130825,-84.593487,"UNDER 18","WESTWOOD","WESTWOOD","12/28/2016 09:41:00 AM +0000","01 - NOT AN INTERSECTION","2 - INJURY",2,"12/28/2016 11:10:20 AM +0000","WED","M - MALE","3 - NON-INCAPACITATING","FFF2A00B-D4D0-4845-81C5-679729878A5C","1 - DAYLIGHT","165021663","1 - NOT COLLISION BETWEEN TWO MOTOR VEHICLES IN TRANSPORT","01 - DRY","1 - STRAIGHT LEVEL","2 - BLACKTOP, BITUMINOUS, ASPHALT","WESTWOOD","P - PEDESTRIAN","1 - CLEAR","45238",3,0.304,0.133675859687098,1000036,39.1299889022154,-84.5934914865676,"Westwood",204284
"42XX KESSLER AV",39.161661,-84.505521,"26-30","N/A","N/A","10/31/2015 11:00:00 PM +0000","01 - NOT AN INTERSECTION","2 - INJURY",2,"11/06/2015 09:06:56 AM +0000","SAT","F - FEMALE","3 - NON-INCAPACITATING","ECFB4F50-B91D-4FA1-A4A6-BA1C2667933B","6 - DARK – UNKNOWN ROADWAY LIGHTING","155016193","1 - NOT COLLISION BETWEEN TWO MOTOR VEHICLES IN TRANSPORT","99 - UNKNOWN","1 - STRAIGHT LEVEL","2 - BLACKTOP, BITUMINOUS, ASPHALT","N/A","P - PEDESTRIAN","9 - OTHER/UNKNOWN","45217",3,0.304,0.121919608105975,610050,39.1614957328021,-84.5053821787121,"Clifton",200052
"10XX EGGLESTON",39.106686,-84.507515,"26-30","DOWNTOWN","C. B. D. / RIVERFRONT","11/26/2013 03:40:00 PM +0000","04 - Y-INTERSECTION","2 - INJURY",2,"11/26/2013 03:40:00 PM +0000","TUE","M - MALE","3 - NON-INCAPACITATING","E5F1D15D-90E9-478C-8949-043DA6ED7953","1 - DAYLIGHT","135012400","1 - NOT COLLISION BETWEEN TWO MOTOR VEHICLES IN TRANSPORT","01 - DRY","2 - STRAIGHT GRADE","2 - BLACKTOP, BITUMINOUS, ASPHALT","DOWNTOWN","P - PEDESTRIAN","2 - CLOUDY","45202",3,0.304,0.119267762967107,620026,39.1074963395879,-84.5076413917421,"Central Business District",273189
"61XX CONOVER",39.158269,-84.390136,"31-40","N/A","N/A","10/18/2013 09:50:00 PM +0000","01 - NOT AN INTERSECTION","2 - INJURY",2,"10/18/2013 10:26:00 PM +0000","FRI","F - FEMALE","3 - NON-INCAPACITATING","DFF37C0F-33A8-483F-B9AA-BF05D624575F","4 - DARK - LIGHTED ROADWAY","135011223","1 - NOT COLLISION BETWEEN TWO MOTOR VEHICLES IN TRANSPORT","01 - DRY","1 - STRAIGHT LEVEL","2 - BLACKTOP, BITUMINOUS, ASPHALT","N/A","P - PEDESTRIAN","1 - CLEAR","45227",3,0.304,0.131676210367311,100049,39.1591545243245,-84.390162439905,"Madisonville",201948
"29XX BOUDINOT AV",39.137203,-84.605063,"26-30","N/A","N/A","04/02/2018 08:56:00 PM +0000","02 - FOUR-WAY INTERSECTION","2 - INJURY",2,"04/02/2018 08:57:00 PM +0000","MON","M - MALE","4 - INCAPACITATING","DF389F7F-7B4C-44F8-9636-9E6CC0EF25E3","4 - DARK - LIGHTED ROADWAY","185004547","1 - NOT COLLISION BETWEEN TWO MOTOR VEHICLES IN TRANSPORT","01 - DRY","1 - STRAIGHT LEVEL","1 - CONCRETE","N/A","P - PEDESTRIAN","1 - CLEAR","45238",4,0.141,0.157284382936953,1050039,39.1367332382869,-84.604787547938,"Westwood",204284
"XX W 12TH ST",39.108478,-84.520678,"51-60","N/A","N/A","02/09/2018 11:41:00 AM +0000","02 - FOUR-WAY INTERSECTION","2 - INJURY",2,"02/09/2018 11:41:00 AM +0000","FRI","M - MALE","2 - POSSIBLE","3D26C872-E322-4C1C-8921-2892E0B9CA3F","1 - DAYLIGHT","185002050","1 - NOT COLLISION BETWEEN TWO MOTOR VEHICLES IN TRANSPORT","01 - DRY","1 - STRAIGHT LEVEL","2 - BLACKTOP, BITUMINOUS, ASPHALT","N/A","P - PEDESTRIAN","1 - CLEAR","45202",2,1.103,0.0978360797681212,680026,39.1074993481455,-84.5211966699107,"West End",276647
"24XX MAY ST",39.125206,-84.494455,"26-30","WALNUT HILLS","WALNUT HILLS","11/24/2015 10:50:00 PM +0000","01 - NOT AN INTERSECTION","2 - INJURY",2,"11/24/2015 10:53:00 PM +0000","TUE","M - MALE","3 - NON-INCAPACITATING","9C74E656-7493-491D-A9AF-6DE942810BEB","4 - DARK - LIGHTED ROADWAY","155017193","1 - NOT COLLISION BETWEEN TWO MOTOR VEHICLES IN TRANSPORT","01 - DRY","1 - STRAIGHT LEVEL","2 - BLACKTOP, BITUMINOUS, ASPHALT","WALNUT HILLS","P - PEDESTRIAN","1 - CLEAR","45206",3,0.304,0.097717025643222,560034,39.1254917766315,-84.4940861149815,"Walnut Hills",204112
"64XX WILDHAVEN",39.097868,-84.379096,"OVER 70","MOUNT WASHINGTON","MT.  WASHINGTON","11/05/2013 04:50:00 PM +0000","10 - DRIVEWAY/ALLEY ACCESS","2 - INJURY",2,"11/05/2013 04:50:00 PM +0000","TUE","M - MALE","3 - NON-INCAPACITATING","1881C31E-9371-49D4-A293-5F45FD03B559","1 - DAYLIGHT","135011725","1 - NOT COLLISION BETWEEN TWO MOTOR VEHICLES IN TRANSPORT","01 - DRY","1 - STRAIGHT LEVEL","1 - CONCRETE","MT. WASHINGTON","P - PEDESTRIAN","1 - CLEAR","45230",3,0.304,0.10758635938831,50022,39.0983894695407,-84.3788664072441,"Mt. Washington",274624
"82XX VINE ST",39.210361,-84.474325,"OVER 70","HARTWELL","HARTWELL","11/11/2016 01:40:00 PM +0000","01 - NOT AN INTERSECTION","2 - INJURY",2,"11/11/2016 01:43:00 PM +0000","FRI","F - FEMALE","2 - POSSIBLE","F6DA5746-400D-47D7-8625-541B18393EF8","1 - DAYLIGHT","165018697","1 - NOT COLLISION BETWEEN TWO MOTOR VEHICLES IN TRANSPORT","01 - DRY","1 - STRAIGHT LEVEL","2 - BLACKTOP, BITUMINOUS, ASPHALT","HARTWELL","P - PEDESTRIAN","1 - CLEAR","45216",2,1.103,0.190920610668484,470072,39.210982030754,-84.4737532036584,"Hartwell",201193
"7XX MILLSDALE ST",39.21753,-84.46318,"UNDER 18","N/A","N/A","10/02/2015 04:15:00 PM +0000","01 - NOT AN INTERSECTION","2 - INJURY",2,"10/02/2015 04:33:00 PM +0000","FRI","F - FEMALE","4 - INCAPACITATING","70C56071-E0E8-4EDD-AF5D-DBF83F5C714F","1 - DAYLIGHT","155014281","1 - NOT COLLISION BETWEEN TWO MOTOR VEHICLES IN TRANSPORT","01 - DRY","1 - STRAIGHT LEVEL","2 - BLACKTOP, BITUMINOUS, ASPHALT","N/A","P - PEDESTRIAN","2 - CLOUDY","45215",4,0.141,0.16432756531339,420075,39.2177250540037,-84.4624571446893,"Hartwell",201193
"31XX READING RD",39.135779,-84.497598,"61-70","N/A","N/A","10/05/2013 10:40:00 PM +0000","03 - T-INTERSECTION","2 - INJURY",2,"10/05/2013 10:56:00 PM +0000","SAT","F - FEMALE","2 - POSSIBLE","BDDFE6E6-A598-41DD-A02F-A9E5B5E88F6B","4 - DARK - LIGHTED ROADWAY","135010841","1 - NOT COLLISION BETWEEN TWO MOTOR VEHICLES IN TRANSPORT","02 - WET","1 - STRAIGHT LEVEL","2 - BLACKTOP, BITUMINOUS, ASPHALT","N/A","P - PEDESTRIAN","4 - RAIN","45229",2,1.103,0.109953328257555,580039,39.1367434870107,-84.4986045403254,"Avondale",199345
"22XX GEST ST",39.109292,-84.552181,"UNDER 18","N/A","N/A","06/06/2018 05:52:00 PM +0000","02 - FOUR-WAY INTERSECTION","2 - INJURY",2,"06/06/2018 05:52:00 PM +0000","WED","M - MALE","2 - POSSIBLE","0FB6C5CC-05BB-4C89-924B-BAC28C6CA5E6","1 - DAYLIGHT","185007946","1 - NOT COLLISION BETWEEN TWO MOTOR VEHICLES IN TRANSPORT","01 - DRY","1 - STRAIGHT LEVEL","2 - BLACKTOP, BITUMINOUS, ASPHALT","N/A","P - PEDESTRIAN","1 - CLEAR","45204",2,1.103,0.207170043602225,820027,39.1097502658435,-84.5528256545869,"East Price Hill",273561
"X E NORTH BEND RD",39.196481,-84.476125,"51-60","N/A","N/A","10/16/2014 05:33:00 PM +0000","01 - NOT AN INTERSECTION","2 - INJURY",2,"10/16/2014 05:33:00 PM +0000","THU","M - MALE","2 - POSSIBLE","1F08A8DF-8941-4230-82BC-23393D289398","1 - DAYLIGHT","145010275","1 - NOT COLLISION BETWEEN TWO MOTOR VEHICLES IN TRANSPORT","01 - DRY","1 - STRAIGHT LEVEL","2 - BLACKTOP, BITUMINOUS, ASPHALT","N/A","P - PEDESTRIAN","2 - CLOUDY","45216",2,1.103,0.144777214257091,480066,39.1974832856976,-84.4760124157537,"Carthage",199885
"16XX FIRST AV",39.118201,-84.579221,"UNDER 18","WEST PRICE HILL","WEST PRICE HILL","10/12/2016 06:23:00 PM +0000","01 - NOT AN INTERSECTION","2 - INJURY",2,"10/12/2016 06:28:00 PM +0000","WED","M - MALE","3 - NON-INCAPACITATING","6E2CE393-EEE1-47FE-9BAF-A8D7D4A43EA9","3 - DUSK","165016800","1 - NOT COLLISION BETWEEN TWO MOTOR VEHICLES IN TRANSPORT","01 - DRY","1 - STRAIGHT LEVEL","2 - BLACKTOP, BITUMINOUS, ASPHALT","WEST PRICE HILL","P - PEDESTRIAN","2 - CLOUDY","45205",3,0.304,0.168226498786624,940031,39.118744256433,-84.5799362107875,"West Price HIll",275981
"2XX PIEDMONT AV",39.135171,-84.505273,"41-50","N/A","N/A","03/21/2016 10:01:00 AM +0000","10 - DRIVEWAY/ALLEY ACCESS","2 - INJURY",2,"03/21/2016 10:01:00 AM +0000","MON","F - FEMALE","3 - NON-INCAPACITATING","B6EF1966-619A-444F-8953-AAC6CE447228","1 - DAYLIGHT","165004203","1 - NOT COLLISION BETWEEN TWO MOTOR VEHICLES IN TRANSPORT","01 - DRY","1 - STRAIGHT LEVEL","2 - BLACKTOP, BITUMINOUS, ASPHALT","N/A","P - PEDESTRIAN","1 - CLEAR","45219",3,0.304,0.188271610583182,610038,39.1344957092315,-84.5053821787758,"Corryville",200172
"5XX STRAIGHT ST",39.129007,-84.522788,"18-25","N/A","N/A","09/13/2016 05:50:00 PM +0000","02 - FOUR-WAY INTERSECTION","2 - INJURY",2,"09/19/2016 02:15:00 PM +0000","TUE","F - FEMALE","3 - NON-INCAPACITATING","C4916ECB-4757-43CE-B87D-2DE7065F737D","1 - DAYLIGHT","165014927","1 - NOT COLLISION BETWEEN TWO MOTOR VEHICLES IN TRANSPORT","01 - DRY","1 - STRAIGHT LEVEL","2 - BLACKTOP, BITUMINOUS, ASPHALT","N/A","P - PEDESTRIAN","1 - CLEAR","45219",3,0.304,0.128204519492498,690036,39.1299997173588,-84.5234558830045,"CUF",273417
"13XX W NORTH BEND RD",39.203587,-84.540333,"UNDER 18","N/A","N/A","09/01/2015 07:20:00 AM +0000","01 - NOT AN INTERSECTION","2 - INJURY",2,"09/14/2015 10:30:00 AM +0000","TUE","M - MALE","2 - POSSIBLE","AE51DD0F-9183-4303-BD2B-70A0DBFE2665","1 - DAYLIGHT","155012404","1 - NOT COLLISION BETWEEN TWO MOTOR VEHICLES IN TRANSPORT","01 - DRY","1 - STRAIGHT LEVEL","2 - BLACKTOP, BITUMINOUS, ASPHALT","N/A","P - PEDESTRIAN","1 - CLEAR","45224",2,1.103,0.10412837155274,760069,39.204251005833,-84.5392703752938,"College Hill",200100
"32XX HARRISON AV",39.153759,-84.602988,"31-40","WESTWOOD","WESTWOOD","09/23/2017 12:42:38 AM +0000","01 - NOT AN INTERSECTION","2 - INJURY",2,"09/23/2017 02:22:54 AM +0000","SAT","F - FEMALE","4 - INCAPACITATING","FB9A9645-CBD2-4771-A2E7-544C993F0EF5","4 - DARK - LIGHTED ROADWAY","175014371","1 - NOT COLLISION BETWEEN TWO MOTOR VEHICLES IN TRANSPORT","01 - DRY","1 - STRAIGHT LEVEL","1 - CONCRETE","WESTWOOD","P - PEDESTRIAN","1 - CLEAR","45211",4,0.141,0.127181482983904,1040047,39.1547344736649,-84.6025283358528,"Westwood",204284
"29XX FERGUSON RD",39.137869,-84.601063,"26-30","N/A","N/A","05/03/2013 11:40:00 AM +0000","10 - DRIVEWAY/ALLEY ACCESS","2 - INJURY",2,"05/03/2013 11:50:00 AM +0000","FRI","F - FEMALE","3 - NON-INCAPACITATING","5554DA2B-8E2F-423A-9DC0-2CA872F94C86","1 - DAYLIGHT","135005347","1 - NOT COLLISION BETWEEN TWO MOTOR VEHICLES IN TRANSPORT","01 - DRY","2 - STRAIGHT GRADE","2 - BLACKTOP, BITUMINOUS, ASPHALT","N/A","P - PEDESTRIAN","1 - CLEAR","45238",3,0.304,0.126137114091471,1030040,39.1389856387259,-84.600269123619,"Westwood",204284
"49XX GLENWAY AV",39.120275,-84.598721,"UNDER 18","N/A","N/A","08/28/2018 04:10:00 PM +0000","10 - DRIVEWAY/ALLEY ACCESS","2 - INJURY",2,"08/28/2018 04:36:00 PM +0000","TUE","F - FEMALE","2 - POSSIBLE","827C2066-D6C8-4B8F-8C04-6F277656603E","1 - DAYLIGHT","185012018","1 - NOT COLLISION BETWEEN TWO MOTOR VEHICLES IN TRANSPORT","01 - DRY","1 - STRAIGHT LEVEL","2 - BLACKTOP, BITUMINOUS, ASPHALT","N/A","P - PEDESTRIAN","2 - CLOUDY","45238",2,1.103,0.106367951269177,1020032,39.1209867580509,-84.5980099113089,"West Price HIll",275981
"18XX VINE ST",39.115488,-84.517571,"18-25","N/A","N/A","08/27/2017 02:39:00 PM +0000","06 - FIVE-POINT, OR MORE","2 - INJURY",2,"08/27/2017 02:39:00 PM +0000","SUN","F - FEMALE","2 - POSSIBLE","82293330-D377-4B72-910E-F820E5AD93FD","1 - DAYLIGHT","175012812","1 - NOT COLLISION BETWEEN TWO MOTOR VEHICLES IN TRANSPORT","01 - DRY","2 - STRAIGHT GRADE","2 - BLACKTOP, BITUMINOUS, ASPHALT","N/A","P - PEDESTRIAN","1 - CLEAR","45202",2,1.103,0.168576370115149,660030,39.1164985277923,-84.5166782437132,"Over-The-Rhine",202750
"6XX VINE ST",39.101883,-84.514183,"51-60","N/A","N/A","10/22/2015 10:10:00 AM +0000","02 - FOUR-WAY INTERSECTION","2 - INJURY",2,"10/22/2015 10:10:00 AM +0000","THU","M - MALE","4 - INCAPACITATING","5ECF8448-6665-4696-B83B-1674F67A0F53","1 - DAYLIGHT","155015283","1 - NOT COLLISION BETWEEN TWO MOTOR VEHICLES IN TRANSPORT","01 - DRY","1 - STRAIGHT LEVEL","2 - BLACKTOP, BITUMINOUS, ASPHALT","N/A","P - PEDESTRIAN","1 - CLEAR","45202",4,0.141,0.11974297910776,650024,39.1029980360431,-84.5144190306905,"Central Business District",273189
"10XX BROADWAY ST",39.107748,-84.507488,"51-60","N/A","N/A","06/27/2013 04:12:00 PM +0000","01 - NOT AN INTERSECTION","2 - INJURY",2,"06/27/2013 04:29:00 PM +0000","THU","M - MALE","3 - NON-INCAPACITATING","306D5DD2-6EEE-452D-937F-086FB814E9DF","1 - DAYLIGHT","135007803","1 - NOT COLLISION BETWEEN TWO MOTOR VEHICLES IN TRANSPORT","01 - DRY","1 - STRAIGHT LEVEL","1 - CONCRETE","N/A","P - PEDESTRIAN","1 - CLEAR","45202",3,0.304,0.119267762967107,620026,39.1074963395879,-84.5076413917421,"Central Business District",273189