"address_x","lat","long","age","community_council_neighborhood","cpd_neighborhood","crashdate","crashlocation","crashseverity","crashseverityid","datecrashreported","dayofweek","gender","injuries","instanceid","lightconditionsprimary","localreportno","mannerofcrash","roadconditionsprimary","roadcontour","roadsurface","sna_neighborhood","typeofperson","weather","zip","injury_type_num","cost","dist","cell_id","lat_cell","long_cell","hood","hood_id"
"3XX MCGREGOR AV",39.123062,-84.503571,"18-25","N/A","N/A","01/20/2016 06:43:00 PM +0000","02 - FOUR-WAY INTERSECTION","2 - INJURY",2,"01/20/2016 06:43:00 PM +0000","WED","F - FEMALE","3 - NON-INCAPACITATING","F0435C11-F035-4B27-94E4-4FB373A099AA","4 - DARK - LIGHTED ROADWAY","165000998","1 - NOT COLLISION BETWEEN TWO MOTOR VEHICLES IN TRANSPORT","02 - WET","1 - STRAIGHT LEVEL","1 - CONCRETE","N/A","P - PEDESTRIAN","1 - CLEAR","45219",3,0.304,0.0997933372543249,600033,39.1232450016623,-84.5031229659416,"Mt. Auburn",274621
"1XX E. 12TH ST",39.108561,-84.5138,"18-25","N/A","N/A","06/21/2015 01:00:00 AM +0000","02 - FOUR-WAY INTERSECTION","2 - INJURY",2,"06/21/2015 01:00:00 AM +0000","SUN","M - MALE","4 - INCAPACITATING","8A4FA4FC-9335-417C-AE75-7936EED13456","4 - DARK - LIGHTED ROADWAY","155011035","1 - NOT COLLISION BETWEEN TWO MOTOR VEHICLES IN TRANSPORT","01 - DRY","1 - STRAIGHT LEVEL","2 - BLACKTOP, BITUMINOUS, ASPHALT","N/A","P - PEDESTRIAN","1 - CLEAR","45202",4,0.141,0.213835869601452,650026,39.107498040077,-84.5144190306818,"Over-The-Rhine",202750
"31XX GLOSS AV",39.178032,-84.427451,"UNDER 18","N/A","N/A","12/11/2015 07:45:00 AM +0000","03 - T-INTERSECTION","2 - INJURY",2,"12/11/2015 09:42:43 AM +0000","FRI","M - MALE","2 - POSSIBLE","CA391335-771E-4164-BB8D-5CC6DA1BBBAD","1 - DAYLIGHT","155018089","1 - NOT COLLISION BETWEEN TWO MOTOR VEHICLES IN TRANSPORT","01 - DRY","2 - STRAIGHT GRADE","2 - BLACKTOP, BITUMINOUS, ASPHALT","N/A","P - PEDESTRIAN","2 - CLOUDY","45213",2,1.103,0.170883373812785,270057,39.1771975416631,-84.4285689839509,"Pleasant Ridge",202946
"29XX READING RD",39.133961,-84.496691,"31-40","AVONDALE","AVONDALE","10/27/2017 07:12:00 PM +0000","02 - FOUR-WAY INTERSECTION","2 - INJURY",2,"10/27/2017 07:13:00 PM +0000","FRI","F - FEMALE","4 - INCAPACITATING","7AAA4934-B726-4F16-8D3A-F4F0BF36D218","4 - DARK - LIGHTED ROADWAY","175016438","1 - NOT COLLISION BETWEEN TWO MOTOR VEHICLES IN TRANSPORT","02 - WET","1 - STRAIGHT LEVEL","2 - BLACKTOP, BITUMINOUS, ASPHALT","AVONDALE","P - PEDESTRIAN","4 - RAIN","45206",4,0.141,0.155582463186011,570038,39.1344926564727,-84.4963453276164,"Avondale",199345
"X CHARLTON ST",39.129851,-84.508762,"UNKNOWN","CORRYVILLE","CORRYVILLE","08/25/2018 06:45:00 PM +0000","01 - NOT AN INTERSECTION","3 - PROPERTY DAMAGE ONLY (PDO)",3,"08/25/2018 06:50:00 PM +0000","SAT","","1 - NO INJURY / NONE REPORTED","3BEA4505-9787-4E40-BD5D-2B2F91AD886C","3 - DUSK","185011892","1 - NOT COLLISION BETWEEN TWO MOTOR VEHICLES IN TRANSPORT","01 - DRY","2 - STRAIGHT GRADE","2 - BLACKTOP, BITUMINOUS, ASPHALT","CORRYVILLE","P - PEDESTRIAN","1 - CLEAR","45219",1,10.082,0.132566724654861,620036,39.1299963594339,-84.5076413916913,"Corryville",200172
"2XX W MCMILLAN ST",39.127721,-84.521065,"UNDER 18","CUF - HEIGHTS","FAIRVIEW","01/04/2018 03:25:00 PM +0000","01 - NOT AN INTERSECTION","2 - INJURY",2,"01/04/2018 03:32:00 PM +0000","THU","F - FEMALE","3 - NON-INCAPACITATING","C069811B-F514-40B6-AD5B-B57DA0558ABC","1 - DAYLIGHT","185000184","1 - NOT COLLISION BETWEEN TWO MOTOR VEHICLES IN TRANSPORT","01 - DRY","2 - STRAIGHT GRADE","1 - CONCRETE","CUF","P - PEDESTRIAN","1 - CLEAR","45219",3,0.304,0.110321248608516,680035,39.1277493664531,-84.5211966698781,"CUF",273417
"1XX E 7TH ST",39.104706,-84.509908,"OVER 70","N/A","N/A","04/27/2013 10:41:00 PM +0000","01 - NOT AN INTERSECTION","2 - INJURY",2,"04/27/2013 10:41:00 PM +0000","SAT","F - FEMALE","2 - POSSIBLE","6F4CCF19-2830-4AEB-9424-E60907CD0967","4 - DARK - LIGHTED ROADWAY","135005098","1 - NOT COLLISION BETWEEN TWO MOTOR VEHICLES IN TRANSPORT","01 - DRY","1 - STRAIGHT LEVEL","2 - BLACKTOP, BITUMINOUS, ASPHALT","N/A","P - PEDESTRIAN","1 - CLEAR","45202",2,1.103,0.212349218642573,630025,39.1052469480212,-84.50990060469,"Central Business District",273189
"37XX PRESIDENT DR",39.153536,-84.560466,"26-30","N/A","N/A","01/10/2014 10:40:00 PM +0000","03 - T-INTERSECTION","2 - INJURY",2,"01/10/2014 10:48:00 PM +0000","FRI","F - FEMALE","3 - NON-INCAPACITATING","0D0EDAD1-57C9-4FF7-B922-2C46263BDEB1","4 - DARK - LIGHTED ROADWAY","145000272","1 - NOT COLLISION BETWEEN TWO MOTOR VEHICLES IN TRANSPORT","02 - WET","1 - STRAIGHT LEVEL","1 - CONCRETE","N/A","P - PEDESTRIAN","1 - CLEAR","45225",3,0.304,0.106565601375884,850046,39.1524993887418,-84.5596032940444,"South Cumminsville",275423
"19XX HARRISON AV",39.130021,-84.561038,"61-70","SOUTH FAIRMOUNT","SOUTH  FAIRMOUNT","02/01/2018 08:05:00 PM +0000","02 - FOUR-WAY INTERSECTION","2 - INJURY",2,"02/01/2018 08:07:00 PM +0000","THU","M - MALE","4 - INCAPACITATING","D4A736D3-1C09-437E-926C-637CB65B2882","4 - DARK - LIGHTED ROADWAY","185001607","1 - NOT COLLISION BETWEEN TWO MOTOR VEHICLES IN TRANSPORT","01 - DRY","4 - CURVE GRADE","2 - BLACKTOP, BITUMINOUS, ASPHALT","SOUTH FAIRMOUNT","P - PEDESTRIAN","2 - CLOUDY","45214",4,0.141,0.110554607730332,860036,39.1299989759954,-84.5618625071434,"South Fairmount",203599
"36XX VINE ST",39.149106,-84.510905,"26-30","N/A","N/A","07/08/2013 03:40:00 PM +0000","01 - NOT AN INTERSECTION","2 - INJURY",2,"07/08/2013 03:45:00 PM +0000","MON","M - MALE","3 - NON-INCAPACITATING","16B30127-3D03-4686-8658-93FC3A5DEF6A","1 - DAYLIGHT","135008321","1 - NOT COLLISION BETWEEN TWO MOTOR VEHICLES IN TRANSPORT","01 - DRY","1 - STRAIGHT LEVEL","2 - BLACKTOP, BITUMINOUS, ASPHALT","N/A","P - PEDESTRIAN","1 - CLEAR","45220",3,0.304,0.140525703737796,630044,39.1479969858682,-84.509900604598,"Avondale",199345
"22XX VINE ST",39.122956,-84.515575,"UNDER 18","N/A","N/A","06/02/2017 02:20:00 PM +0000","01 - NOT AN INTERSECTION","2 - INJURY",2,"06/02/2017 02:20:00 PM +0000","FRI","M - MALE","4 - INCAPACITATING","FE053B7A-9CDB-493E-BB81-6D0F09B2944F","1 - DAYLIGHT","175008279","1 - NOT COLLISION BETWEEN TWO MOTOR VEHICLES IN TRANSPORT","01 - DRY","2 - STRAIGHT GRADE","2 - BLACKTOP, BITUMINOUS, ASPHALT","N/A","P - PEDESTRIAN","1 - CLEAR","45219",4,0.141,0.199733445535351,660033,39.1232485338519,-84.5166782437008,"CUF",273417
"6XX VINE ST",39.102874,-84.513201,"51-60","N/A","N/A","06/25/2017 11:25:00 AM +0000","01 - NOT AN INTERSECTION","2 - INJURY",2,"06/25/2017 11:29:00 AM +0000","SUN","F - FEMALE","3 - NON-INCAPACITATING","3F213E2E-3A7E-4B79-90E8-25A0A529C063","1 - DAYLIGHT","175009501","5 - BACKING","01 - DRY","1 - STRAIGHT LEVEL","2 - BLACKTOP, BITUMINOUS, ASPHALT","N/A","P - PEDESTRIAN","1 - CLEAR","45202",3,0.304,0.120445558999439,640024,39.1029975128329,-84.5121598176752,"Central Business District",273189
"17XX FAIRFAX AV",39.135103,-84.473149,"UNDER 18","EVANSTON","EVANSTON","05/04/2013 03:42:00 PM +0000","01 - NOT AN INTERSECTION","2 - INJURY",2,"05/04/2013 03:42:00 PM +0000","SAT","M - MALE","3 - NON-INCAPACITATING","367623F6-7242-4F74-A107-6E01C6C73FE4","1 - DAYLIGHT","135005410","1 - NOT COLLISION BETWEEN TWO MOTOR VEHICLES IN TRANSPORT","01 - DRY","1 - STRAIGHT LEVEL","2 - BLACKTOP, BITUMINOUS, ASPHALT","EVANSTON","P - PEDESTRIAN","1 - CLEAR","45207",3,0.304,0.11330901818328,470038,39.1344819718179,-84.4737532039292,"Evanston",200632
"15XX LINN ST",39.113801,-84.526594,"OVER 70","N/A","N/A","03/18/2018 09:12:00 AM +0000","02 - FOUR-WAY INTERSECTION","2 - INJURY",2,"03/18/2018 09:30:27 AM +0000","SUN","M - MALE","4 - INCAPACITATING","9A42857D-B7FF-43D4-8649-4CBF1FB5BE6D","1 - DAYLIGHT","185003810","1 - NOT COLLISION BETWEEN TWO MOTOR VEHICLES IN TRANSPORT","01 - DRY","1 - STRAIGHT LEVEL","2 - BLACKTOP, BITUMINOUS, ASPHALT","N/A","P - PEDESTRIAN","1 - CLEAR","45214",4,0.141,0.190618802044028,700029,39.1142500083212,-84.5257150961775,"West End",276647
"16XX DALTON AV",39.115061,-84.536451,"41-50","N/A","N/A","07/13/2017 03:48:13 PM +0000","03 - T-INTERSECTION","2 - INJURY",2,"07/13/2017 05:40:33 PM +0000","THU","F - FEMALE","2 - POSSIBLE","B78C59A8-C4B8-447E-9E5E-DF1F81343957","1 - DAYLIGHT","175010428","1 - NOT COLLISION BETWEEN TWO MOTOR VEHICLES IN TRANSPORT","02 - WET","1 - STRAIGHT LEVEL","1 - CONCRETE","N/A","P - PEDESTRIAN","4 - RAIN","45214",2,1.103,0.196615595844914,750029,39.1142508804092,-84.5370111621406,"West End",276647
"10XX VINE ST",39.107095,-84.513914,"OVER 70","N/A","N/A","12/29/2015 06:59:00 AM +0000","03 - T-INTERSECTION","2 - INJURY",2,"12/29/2015 07:05:00 AM +0000","TUE","M - MALE","2 - POSSIBLE","58622FBD-55CD-4933-AA6B-0B8A5CF1354B","4 - DARK - LIGHTED ROADWAY","155019059","1 - NOT COLLISION BETWEEN TWO MOTOR VEHICLES IN TRANSPORT","01 - DRY","1 - STRAIGHT LEVEL","1 - CONCRETE","N/A","P - PEDESTRIAN","1 - CLEAR","45202",2,1.103,0.213835869601452,650026,39.107498040077,-84.5144190306818,"Over-The-Rhine",202750
"16XX QUEEN CITY AV",39.125971,-84.550911,"UNDER 18","N/A","N/A","07/26/2017 05:16:00 PM +0000","01 - NOT AN INTERSECTION","2 - INJURY",2,"07/26/2017 05:18:00 PM +0000","WED","M - MALE","3 - NON-INCAPACITATING","489E275D-1044-428D-9CBC-8AC4F3A1F2FE","1 - DAYLIGHT","175011110","1 - NOT COLLISION BETWEEN TWO MOTOR VEHICLES IN TRANSPORT","01 - DRY","1 - STRAIGHT LEVEL","3 - BRICK/BLOCK","N/A","P - PEDESTRIAN","1 - CLEAR","45214",3,0.304,0.14681239018927,810034,39.1255004982279,-84.5505664414026,"South Fairmount",203599
"26XX VICTORY PY",39.128476,-84.485188,"61-70","N/A","N/A","08/25/2017 02:55:00 PM +0000","01 - NOT AN INTERSECTION","2 - INJURY",2,"08/25/2017 02:57:00 PM +0000","FRI","M - MALE","3 - NON-INCAPACITATING","970B7F91-E319-4536-A0DC-3C6FC6E01B94","1 - DAYLIGHT","175012715","1 - NOT COLLISION BETWEEN TWO MOTOR VEHICLES IN TRANSPORT","01 - DRY","1 - STRAIGHT LEVEL","2 - BLACKTOP, BITUMINOUS, ASPHALT","N/A","P - PEDESTRIAN","1 - CLEAR","45206",3,0.304,0.122138324994126,520035,39.1277378537555,-84.4850492649372,"Walnut Hills",204112
"34XX MILLRICH AV",39.151145,-84.586101,"51-60","WESTWOOD","WESTWOOD","12/06/2017 10:45:00 AM +0000","03 - T-INTERSECTION","2 - INJURY",2,"12/06/2017 10:48:00 AM +0000","WED","F - FEMALE","2 - POSSIBLE","29335F4A-7993-4666-A9A8-9512CC40B519","1 - DAYLIGHT","175018604","1 - NOT COLLISION BETWEEN TWO MOTOR VEHICLES IN TRANSPORT","01 - DRY","1 - STRAIGHT LEVEL","2 - BLACKTOP, BITUMINOUS, ASPHALT","WESTWOOD","P - PEDESTRIAN","1 - CLEAR","45211",2,1.103,0.11601246984561,970045,39.1502417975637,-84.5867138489743,"Westwood",204284
"50XX GLENWAY AV",39.122806,-84.601308,"18-25","N/A","N/A","08/30/2015 06:55:00 PM +0000","02 - FOUR-WAY INTERSECTION","2 - INJURY",2,"08/30/2015 06:59:00 PM +0000","SUN","M - MALE","2 - POSSIBLE","050A089C-FB54-41A9-B6C4-A78AE402FA2C","1 - DAYLIGHT","155012229","1 - NOT COLLISION BETWEEN TWO MOTOR VEHICLES IN TRANSPORT","01 - DRY","1 - STRAIGHT LEVEL","2 - BLACKTOP, BITUMINOUS, ASPHALT","N/A","P - PEDESTRIAN","2 - CLOUDY","45238",2,1.103,0.112246244027341,1030033,39.1232356260881,-84.6002691235868,"West Price HIll",275981
"66XX BRITTON AV",39.152399,-84.384094,"UNDER 18","N/A","N/A","11/12/2016 02:32:00 PM +0000","01 - NOT AN INTERSECTION","2 - INJURY",2,"11/12/2016 02:32:00 PM +0000","SAT","F - FEMALE","3 - NON-INCAPACITATING","FB05CC42-FFC1-4813-BB7E-60F2DBED733A","1 - DAYLIGHT","165018773","1 - NOT COLLISION BETWEEN TWO MOTOR VEHICLES IN TRANSPORT","01 - DRY","1 - STRAIGHT LEVEL","1 - CONCRETE","N/A","P - PEDESTRIAN","1 - CLEAR","45227",3,0.304,0.137779003201474,70046,39.1523956251315,-84.3833848196823,"Madisonville",201948
"12XX VINE ST",39.114888,-84.527047,"18-25","N/A","N/A","03/08/2017 09:00:00 AM +0000","02 - FOUR-WAY INTERSECTION","2 - INJURY",2,"03/08/2017 09:01:00 AM +0000","WED","M - MALE","2 - POSSIBLE","ACCE4D48-5335-44C3-A660-A2881E7D037B","1 - DAYLIGHT","175003397","1 - NOT COLLISION BETWEEN TWO MOTOR VEHICLES IN TRANSPORT","01 - DRY","1 - STRAIGHT LEVEL","2 - BLACKTOP, BITUMINOUS, ASPHALT","N/A","P - PEDESTRIAN","1 - CLEAR","45202",2,1.103,0.122985652588636,710029,39.1142502699477,-84.5279743093449,"West End",276647
"22XX HARRISON",39.136213,-84.576135,"UNDER 18","N/A","N/A","05/30/2014 05:29:00 PM +0000","03 - T-INTERSECTION","2 - INJURY",2,"05/30/2014 05:30:00 PM +0000","FRI","M - MALE","2 - POSSIBLE","FE7CD506-B18F-4FC4-8B08-50A59AF12045","1 - DAYLIGHT","145004120","1 - NOT COLLISION BETWEEN TWO MOTOR VEHICLES IN TRANSPORT","01 - DRY","2 - STRAIGHT GRADE","2 - BLACKTOP, BITUMINOUS, ASPHALT","N/A","P - PEDESTRIAN","1 - CLEAR","45211",2,1.103,0.165074564678681,920039,39.1367457111943,-84.5754177851323,"Westwood",204284
"6XX E MEHRING WY",39.098418,-84.503384,"31-40","N/A","N/A","06/13/2017 03:23:18 PM +0000","03 - T-INTERSECTION","2 - INJURY",2,"06/14/2017 03:23:29 PM +0000","TUE","M - MALE","2 - POSSIBLE","59B710D9-4A8A-4B82-A4C9-2124DF420770","1 - DAYLIGHT","175008934","1 - NOT COLLISION BETWEEN TWO MOTOR VEHICLES IN TRANSPORT","01 - DRY","3 - CURVE LEVEL","2 - BLACKTOP, BITUMINOUS, ASPHALT","N/A","P - PEDESTRIAN","1 - CLEAR","45202",2,1.103,0.102134033387887,600022,39.0984949800464,-84.5031229660025,"Central Business District",273189
"58XX GLENWAY AV",39.138782,-84.614978,"31-40","WESTWOOD","WESTWOOD","08/09/2015 05:41:10 PM +0000","10 - DRIVEWAY/ALLEY ACCESS","2 - INJURY",2,"08/09/2015 06:03:26 PM +0000","SUN","F - FEMALE","2 - POSSIBLE","1DD6C88D-E31B-4061-95E9-5537A8729A04","1 - DAYLIGHT","155011079","1 - NOT COLLISION BETWEEN TWO MOTOR VEHICLES IN TRANSPORT","01 - DRY","1 - STRAIGHT LEVEL","2 - BLACKTOP, BITUMINOUS, ASPHALT","WESTWOOD","P - PEDESTRIAN","1 - CLEAR","45238",2,1.103,0.10145533973379,1100040,39.1389764801502,-84.6160836073077,"Westwood",204284
"33XX READING RD",39.140553,-84.494562,"31-40","AVONDALE","AVONDALE","11/06/2015 10:31:00 AM +0000","03 - T-INTERSECTION","2 - INJURY",2,"11/06/2015 10:31:00 AM +0000","FRI","F - FEMALE","3 - NON-INCAPACITATING","91D8447A-2A7C-4DD1-8909-186153593636","1 - DAYLIGHT","155016216","1 - NOT COLLISION BETWEEN TWO MOTOR VEHICLES IN TRANSPORT","02 - WET","4 - CURVE GRADE","2 - BLACKTOP, BITUMINOUS, ASPHALT","AVONDALE","P - PEDESTRIAN","2 - CLOUDY","45229",3,0.304,0.0979494054299797,560041,39.1412417899667,-84.4940861149367,"Avondale",199345
"1XX ESCALON",39.20076,-84.47868,"UNDER 18","N/A","N/A","05/20/2014 04:04:00 PM +0000","01 - NOT AN INTERSECTION","2 - INJURY",2,"05/20/2014 04:04:00 PM +0000","TUE","F - FEMALE","4 - INCAPACITATING","CC4AA4FA-0A0E-40D4-BCB9-7929D38574ED","1 - DAYLIGHT","145003870","1 - NOT COLLISION BETWEEN TWO MOTOR VEHICLES IN TRANSPORT","01 - DRY","1 - STRAIGHT LEVEL","2 - BLACKTOP, BITUMINOUS, ASPHALT","N/A","P - PEDESTRIAN","2 - CLOUDY","45216",4,0.141,0.0981483290710787,490067,39.1997345091216,-84.4782716278735,"Carthage",199885
"47XX KENARD",39.163646,-84.513338,"61-70","N/A","N/A","08/12/2013 11:30:00 AM +0000","01 - NOT AN INTERSECTION","2 - INJURY",2,"08/12/2013 11:35:00 AM +0000","MON","F - FEMALE","2 - POSSIBLE","BB0AF2FF-2C8D-412F-9CF2-215362F54ED6","1 - DAYLIGHT","135009284","1 - NOT COLLISION BETWEEN TWO MOTOR VEHICLES IN TRANSPORT","01 - DRY","1 - STRAIGHT LEVEL","2 - BLACKTOP, BITUMINOUS, ASPHALT","N/A","P - PEDESTRIAN","1 - CLEAR","45232",2,1.103,0.166872939753995,650051,39.1637480902448,-84.5144190305725,"Winton Place",204406
"33XX MCHENRY AV",39.145731,-84.571805,"18-25","N/A","N/A","05/16/2018 06:43:49 AM +0000","02 - FOUR-WAY INTERSECTION","2 - INJURY",2,"05/16/2018 06:44:50 AM +0000","WED","F - FEMALE","3 - NON-INCAPACITATING","A107B474-FA6F-4D1F-9829-E8D301E4487C","2 - DAWN","185006798","1 - NOT COLLISION BETWEEN TWO MOTOR VEHICLES IN TRANSPORT","01 - DRY","1 - STRAIGHT LEVEL","2 - BLACKTOP, BITUMINOUS, ASPHALT","N/A","P - PEDESTRIAN","2 - CLOUDY","45211",3,0.304,0.171140311580154,900043,39.1457469838782,-84.5708993592884,"East Westwood",273574
"14XX BANK ST",39.116588,-84.539216,"51-60","N/A","N/A","05/01/2014 09:00:00 AM +0000","01 - NOT AN INTERSECTION","2 - INJURY",2,"05/01/2014 09:02:00 AM +0000","THU","F - FEMALE","3 - NON-INCAPACITATING","E387628D-A723-41E5-AA70-22321CC9FCB3","1 - DAYLIGHT","145003290","1 - NOT COLLISION BETWEEN TWO MOTOR VEHICLES IN TRANSPORT","01 - DRY","1 - STRAIGHT LEVEL","2 - BLACKTOP, BITUMINOUS, ASPHALT","N/A","P - PEDESTRIAN","1 - CLEAR","45214",3,0.304,0.116106218283797,760030,39.1165009260741,-84.5392703753554,"West End",276647
"18XX VINE ST",39.115136,-84.515876,"51-60","N/A","N/A","10/10/2016 10:33:00 PM +0000","02 - FOUR-WAY INTERSECTION","2 - INJURY",2,"10/10/2016 10:33:00 PM +0000","MON","M - MALE","4 - INCAPACITATING","EC844E8C-5273-420E-92B4-6A265B18C065","4 - DARK - LIGHTED ROADWAY","165016689","6 - ANGLE","01 - DRY","1 - STRAIGHT LEVEL","2 - BLACKTOP, BITUMINOUS, ASPHALT","N/A","P - PEDESTRIAN","1 - CLEAR","45202",4,0.141,0.164119758695227,660029,39.1142485257709,-84.5166782437173,"Over-The-Rhine",202750
"28XX JEFFERSON AV",39.131228,-84.511033,"18-25","CORRYVILLE","CORRYVILLE","09/05/2015 12:10:00 PM +0000","02 - FOUR-WAY INTERSECTION","2 - INJURY",2,"09/05/2015 12:10:00 PM +0000","SAT","M - MALE","3 - NON-INCAPACITATING","64A7BD7B-33D9-46E2-8734-4DBBEA62F719","1 - DAYLIGHT","155012613","1 - NOT COLLISION BETWEEN TWO MOTOR VEHICLES IN TRANSPORT","01 - DRY","2 - STRAIGHT GRADE","2 - BLACKTOP, BITUMINOUS, ASPHALT","CORRYVILLE","P - PEDESTRIAN","1 - CLEAR","45221",3,0.304,0.184745731900249,640037,39.1322475388878,-84.5121598176153,"CUF",273417
"58XX COLERAIN AV",39.201528,-84.578625,"UNDER 18","MOUNT AIRY","MOUNT AIRY","05/08/2017 10:39:00 PM +0000","02 - FOUR-WAY INTERSECTION","2 - INJURY",2,"05/08/2017 10:39:00 PM +0000","MON","M - MALE","3 - NON-INCAPACITATING","7FD303C1-396D-4875-936B-005789C4ADD1","4 - DARK - LIGHTED ROADWAY","175006852","1 - NOT COLLISION BETWEEN TWO MOTOR VEHICLES IN TRANSPORT","01 - DRY","1 - STRAIGHT LEVEL","2 - BLACKTOP, BITUMINOUS, ASPHALT","MT. AIRY","P - PEDESTRIAN","2 - CLOUDY","45239",3,0.304,0.151041090577895,930068,39.2019950698382,-84.577676998071,"Mt. Airy",274620
"9XX MAIN ST",39.106826,-84.510105,"31-40","N/A","N/A","09/25/2016 11:18:31 PM +0000","02 - FOUR-WAY INTERSECTION","2 - INJURY",2,"09/25/2016 11:19:32 PM +0000","SUN","F - FEMALE","2 - POSSIBLE","F85CAAF7-8C28-4554-8035-DC5813F92B12","4 - DARK - LIGHTED ROADWAY","165015680","1 - NOT COLLISION BETWEEN TWO MOTOR VEHICLES IN TRANSPORT","01 - DRY","1 - STRAIGHT LEVEL","1 - CONCRETE","N/A","P - PEDESTRIAN","1 - CLEAR","45202",2,1.103,0.125174399232344,630026,39.1074969500199,-84.5099006046852,"Over-The-Rhine",202750
"19XX MADISON RD",39.131939,-84.46351,"51-60","EVANSTON","O'BRYONVILLE","03/07/2014 03:50:00 PM +0000","03 - T-INTERSECTION","2 - INJURY",2,"03/07/2014 03:50:00 PM +0000","FRI","F - FEMALE","3 - NON-INCAPACITATING","B8306746-7840-494D-A9A0-5596E6E02008","1 - DAYLIGHT","145001879","1 - NOT COLLISION BETWEEN TWO MOTOR VEHICLES IN TRANSPORT","01 - DRY","1 - STRAIGHT LEVEL","2 - BLACKTOP, BITUMINOUS, ASPHALT","EAST WALNUT HILLS","P - PEDESTRIAN","1 - CLEAR","45208",3,0.304,0.152243490755282,420037,39.1322249924541,-84.4624571450151,"Evanston",200632
"25XX VINE ST",39.128147,-84.510375,"18-25","N/A","N/A","03/06/2015 03:40:00 PM +0000","02 - FOUR-WAY INTERSECTION","2 - INJURY",2,"03/06/2015 03:41:00 PM +0000","FRI","M - MALE","2 - POSSIBLE","6AD26204-8046-467C-B541-0310F858F5E7","1 - DAYLIGHT","155003218","1 - NOT COLLISION BETWEEN TWO MOTOR VEHICLES IN TRANSPORT","01 - DRY","1 - STRAIGHT LEVEL","2 - BLACKTOP, BITUMINOUS, ASPHALT","N/A","P - PEDESTRIAN","1 - CLEAR","45219",2,1.103,0.13432532964,630035,39.1277469679745,-84.5099006046416,"Corryville",200172
"2XX CALHOUN ST",39.128581,-84.516081,"18-25","CUF - HEIGHTS","FAIRVIEW","01/13/2017 11:34:00 PM +0000","01 - NOT AN INTERSECTION","2 - INJURY",2,"01/13/2017 11:34:00 PM +0000","FRI","M - MALE","4 - INCAPACITATING","AB414AB8-9D75-4CC4-84FC-43F45E1844DD","4 - DARK - LIGHTED ROADWAY","175000707","1 - NOT COLLISION BETWEEN TWO MOTOR VEHICLES IN TRANSPORT","02 - WET","1 - STRAIGHT LEVEL","2 - BLACKTOP, BITUMINOUS, ASPHALT","CUF","P - PEDESTRIAN","4 - RAIN","45221",4,0.141,0.183945045028763,660035,39.1277485378878,-84.5166782436926,"CUF",273417
"23XX FERGUSON RD",39.127203,-84.601181,"18-25","N/A","N/A","01/03/2018 12:30:00 PM +0000","10 - DRIVEWAY/ALLEY ACCESS","2 - INJURY",2,"01/03/2018 01:30:00 PM +0000","WED","F - FEMALE","3 - NON-INCAPACITATING","2AF66764-44A8-4986-8866-142BC42551AC","1 - DAYLIGHT","185000156","1 - NOT COLLISION BETWEEN TWO MOTOR VEHICLES IN TRANSPORT","01 - DRY","1 - STRAIGHT LEVEL","2 - BLACKTOP, BITUMINOUS, ASPHALT","N/A","P - PEDESTRIAN","1 - CLEAR","45238",3,0.304,0.176019508893292,1030035,39.1277356297023,-84.600269123596,"Westwood",204284
"21XX QUEEN CITY AV",39.127146,-84.572179,"41-50","SOUTH FAIRMOUNT","SOUTH  FAIRMOUNT","05/05/2017 09:15:00 PM +0000","02 - FOUR-WAY INTERSECTION","2 - INJURY",2,"05/05/2017 09:22:00 PM +0000","FRI","M - MALE","2 - POSSIBLE","667542B4-2C8F-4C44-A838-C077FD9B1152","4 - DARK - LIGHTED ROADWAY","175006698","1 - NOT COLLISION BETWEEN TWO MOTOR VEHICLES IN TRANSPORT","02 - WET","1 - STRAIGHT LEVEL","2 - BLACKTOP, BITUMINOUS, ASPHALT","EAST PRICE HILL","P - PEDESTRIAN","4 - RAIN","45214",2,1.103,0.171689048078817,910035,39.1277463574475,-84.573158572218,"South Fairmount",203599
"36XX VINE ST",39.149956,-84.510526,"61-70","AVONDALE","AVONDALE","05/19/2017 06:17:00 PM +0000","01 - NOT AN INTERSECTION","2 - INJURY",2,"05/19/2017 06:17:00 PM +0000","FRI","M - MALE","4 - INCAPACITATING","A57FFFA0-8A76-4FD2-912E-F8493391748C","1 - DAYLIGHT","175007473","1 - NOT COLLISION BETWEEN TWO MOTOR VEHICLES IN TRANSPORT","02 - WET","1 - STRAIGHT LEVEL","1 - CONCRETE","AVONDALE","P - PEDESTRIAN","4 - RAIN","45220",4,0.141,0.11598764068869,630045,39.1502469878526,-84.5099006045931,"Avondale",199345
"1XX WALNUT ST",39.097187,-84.509429,"51-60","N/A","N/A","08/13/2016 09:26:28 PM +0000","02 - FOUR-WAY INTERSECTION","2 - INJURY",2,"08/13/2016 09:27:44 PM +0000","SAT","F - FEMALE","2 - POSSIBLE","93828568-D048-4C6B-BDE3-1757B2E46624","4 - DARK - LIGHTED ROADWAY","165012959","1 - NOT COLLISION BETWEEN TWO MOTOR VEHICLES IN TRANSPORT","01 - DRY","1 - STRAIGHT LEVEL","1 - CONCRETE","N/A","P - PEDESTRIAN","1 - CLEAR","45202",2,1.103,0.150154909578713,630021,39.0962469400188,-84.5099006047094,"Central Business District",273189