"address_x","lat","long","age","community_council_neighborhood","cpd_neighborhood","crashdate","crashlocation","crashseverity","crashseverityid","datecrashreported","dayofweek","gender","injuries","instanceid","lightconditionsprimary","localreportno","mannerofcrash","roadconditionsprimary","roadcontour","roadsurface","sna_neighborhood","typeofperson","weather","zip","injury_type_num","cost","dist","cell_id","lat_cell","long_cell","hood","hood_id"
"13XX W NORTH BEND RD",39.203401,-84.538799,"UNDER 18","COLLEGE HILL","COLLEGE  HILL","09/29/2017 07:40:56 AM +0000","02 - FOUR-WAY INTERSECTION","2 - INJURY",2,"09/29/2017 07:50:30 AM +0000","FRI","M - MALE","3 - NON-INCAPACITATING","0E2BB6BE-4873-4E03-92E3-B21EFB63826A","1 - DAYLIGHT","175014698","1 - NOT COLLISION BETWEEN TWO MOTOR VEHICLES IN TRANSPORT","01 - DRY","1 - STRAIGHT LEVEL","2 - BLACKTOP, BITUMINOUS, ASPHALT","COLLEGE HILL","P - PEDESTRIAN","1 - CLEAR","45224",3,0.304,0.10412837155274,760069,39.204251005833,-84.5392703752938,"College Hill",200100
"24XX HARRISON",39.141713,-84.580658,"41-50","N/A","N/A","02/13/2014 04:55:00 PM +0000","01 - NOT AN INTERSECTION","2 - INJURY",2,"02/13/2014 04:55:00 PM +0000","THU","F - FEMALE","4 - INCAPACITATING","594FB8C8-72E8-4B16-B5EE-D83429910495","1 - DAYLIGHT","145001270","1 - NOT COLLISION BETWEEN TWO MOTOR VEHICLES IN TRANSPORT","01 - DRY","1 - STRAIGHT LEVEL","2 - BLACKTOP, BITUMINOUS, ASPHALT","N/A","P - PEDESTRIAN","2 - CLOUDY","45211",4,0.141,0.16375710671912,940041,39.1412442758999,-84.5799362108161,"Westwood",204284
"34XX VINE ST",39.142618,-84.510556,"UNDER 18","CORRYVILLE","CLIFTON","11/26/2016 09:13:00 PM +0000","03 - T-INTERSECTION","2 - INJURY",2,"11/26/2016 09:30:00 PM +0000","SAT","F - FEMALE","4 - INCAPACITATING","7F4C42A6-41B2-4816-BEF5-29FAF10414CC","4 - DARK - LIGHTED ROADWAY","165019675","1 - NOT COLLISION BETWEEN TWO MOTOR VEHICLES IN TRANSPORT","01 - DRY","3 - CURVE LEVEL","2 - BLACKTOP, BITUMINOUS, ASPHALT","CUF","P - PEDESTRIAN","2 - CLOUDY","45220",4,0.141,0.153646947918991,630042,39.1434969818971,-84.5099006046077,"Avondale",199345
"21XX FERGUSON",39.125289,-84.602375,"UNDER 18","N/A","N/A","04/18/2013 02:12:00 PM +0000","01 - NOT AN INTERSECTION","2 - INJURY",2,"04/18/2013 02:12:00 PM +0000","THU","M - MALE","3 - NON-INCAPACITATING","A520CD1D-AF0B-4BFE-9F2A-4532EEA42CA3","1 - DAYLIGHT","135004705","1 - NOT COLLISION BETWEEN TWO MOTOR VEHICLES IN TRANSPORT","01 - DRY","1 - STRAIGHT LEVEL","2 - BLACKTOP, BITUMINOUS, ASPHALT","N/A","P - PEDESTRIAN","1 - CLEAR","45238",3,0.304,0.169618547444283,1040034,39.1254844504795,-84.6025283357909,"West Price HIll",275981
"10XX TAFT RD",39.126526,-84.485585,"61-70","WALNUT HILLS","WALNUT HILLS","09/30/2016 07:50:00 AM +0000","02 - FOUR-WAY INTERSECTION","2 - INJURY",2,"09/30/2016 07:50:00 AM +0000","FRI","M - MALE","2 - POSSIBLE","F8E3157F-6B83-4165-BA6D-95F52C120334","1 - DAYLIGHT","165015977","1 - NOT COLLISION BETWEEN TWO MOTOR VEHICLES IN TRANSPORT","02 - WET","1 - STRAIGHT LEVEL","1 - CONCRETE","WALNUT HILLS","P - PEDESTRIAN","4 - RAIN","45206",2,1.103,0.119355331731805,520034,39.1254878519124,-84.4850492649444,"Walnut Hills",204112
"20XX SEYMOUR AV",39.18634,-84.4744,"UNDER 18","BOND HILL","BONDHILL","09/25/2014 01:00:00 PM +0000","02 - FOUR-WAY INTERSECTION","2 - INJURY",2,"09/25/2014 01:20:00 PM +0000","THU","F - FEMALE","2 - POSSIBLE","05004550-7B85-4F6C-9E11-21611B506D30","1 - DAYLIGHT","145009149","1 - NOT COLLISION BETWEEN TWO MOTOR VEHICLES IN TRANSPORT","01 - DRY","1 - STRAIGHT LEVEL","2 - BLACKTOP, BITUMINOUS, ASPHALT","ROSELAWN","P - PEDESTRIAN","1 - CLEAR","45237",2,1.103,0.115774505389809,470061,39.18623201177,-84.473753203746,"Bond Hill",199607
"45XX HAMILTON AV",39.171212,-84.542606,"31-40","NORTHSIDE","NORTHSIDE","11/25/2017 02:15:00 AM +0000","01 - NOT AN INTERSECTION","2 - INJURY",2,"11/25/2017 02:21:00 AM +0000","SAT","M - MALE","3 - NON-INCAPACITATING","89F26B9C-AD83-488A-881B-906B6883E6A7","4 - DARK - LIGHTED ROADWAY","175018029","1 - NOT COLLISION BETWEEN TWO MOTOR VEHICLES IN TRANSPORT","01 - DRY","1 - STRAIGHT LEVEL","2 - BLACKTOP, BITUMINOUS, ASPHALT","NORTHSIDE","P - PEDESTRIAN","1 - CLEAR","45223",3,0.304,0.0858341930320587,770054,39.1705009752962,-84.5415295885418,"Northside",274791
"19XX WESTWOOD NORTHERN",39.142234,-84.556376,"41-50","MILLVALE","MILLVALE","04/01/2015 09:52:00 PM +0000","01 - NOT AN INTERSECTION","2 - INJURY",2,"04/01/2015 09:54:00 PM +0000","WED","M - MALE","3 - NON-INCAPACITATING","AC41D436-DBDA-4F34-85F6-A50DB4BC2441","4 - DARK - LIGHTED ROADWAY","155004467","1 - NOT COLLISION BETWEEN TWO MOTOR VEHICLES IN TRANSPORT","01 - DRY","1 - STRAIGHT LEVEL","2 - BLACKTOP, BITUMINOUS, ASPHALT","MILLVALE","P - PEDESTRIAN","1 - CLEAR","45225",3,0.304,0.121576802247093,840041,39.1412497275248,-84.5573440809094,"North Fairmount",274707
"5XX E KING DR",39.134897,-84.497718,"41-50","AVONDALE","AVONDALE","06/02/2016 05:30:00 PM +0000","01 - NOT AN INTERSECTION","2 - INJURY",2,"06/02/2016 05:36:00 PM +0000","THU","F - FEMALE","3 - NON-INCAPACITATING","F3DCBB18-C4E2-4DFC-8F76-34D011C04B96","1 - DAYLIGHT","165008614","1 - NOT COLLISION BETWEEN TWO MOTOR VEHICLES IN TRANSPORT","02 - WET","2 - STRAIGHT GRADE","2 - BLACKTOP, BITUMINOUS, ASPHALT","AVONDALE","P - PEDESTRIAN","4 - RAIN","45229",3,0.304,0.179594807596472,580038,39.1344934850787,-84.4986045403314,"Avondale",199345
"41XX W 8TH ST",39.107011,-84.589321,"41-50","WEST PRICE HILL","WEST PRICE HILL","12/15/2016 01:50:00 PM +0000","01 - NOT AN INTERSECTION","2 - INJURY",2,"12/15/2016 01:55:00 PM +0000","THU","M - MALE","2 - POSSIBLE","063DB1F7-70E7-43B5-8EA5-9233149735F5","1 - DAYLIGHT","165020911","1 - NOT COLLISION BETWEEN TWO MOTOR VEHICLES IN TRANSPORT","01 - DRY","1 - STRAIGHT LEVEL","2 - BLACKTOP, BITUMINOUS, ASPHALT","WEST PRICE HILL","P - PEDESTRIAN","1 - CLEAR","45205",2,1.103,0.118737355299214,980026,39.1074908456924,-84.5889730615085,"West Price HIll",275981
"2XX E 8TH ST",39.105512,-84.510497,"51-60","DOWNTOWN","C. B. D. / RIVERFRONT","05/12/2014 10:27:00 AM +0000","02 - FOUR-WAY INTERSECTION","2 - INJURY",2,"05/12/2014 10:27:00 AM +0000","MON","F - FEMALE","2 - POSSIBLE","6F535ACC-07E7-4A49-A49D-F494B65BD1AC","1 - DAYLIGHT","145003617","1 - NOT COLLISION BETWEEN TWO MOTOR VEHICLES IN TRANSPORT","01 - DRY","1 - STRAIGHT LEVEL","1 - CONCRETE","DOWNTOWN","P - PEDESTRIAN","1 - CLEAR","45202",2,1.103,0.212349218642573,630025,39.1052469480212,-84.50990060469,"Central Business District",273189
"38XX BOUDINOT AV",39.161332,-84.601776,"61-70","WESTWOOD","WESTWOOD","07/30/2016 12:45:00 PM +0000","01 - NOT AN INTERSECTION","2 - INJURY",2,"07/30/2016 12:45:00 PM +0000","SAT","M - MALE","3 - NON-INCAPACITATING","28CB346B-E5D0-4EE6-9564-15B21F9DDE0D","1 - DAYLIGHT","165012034","1 - NOT COLLISION BETWEEN TWO MOTOR VEHICLES IN TRANSPORT","01 - DRY","1 - STRAIGHT LEVEL","2 - BLACKTOP, BITUMINOUS, ASPHALT","WESTWOOD","P - PEDESTRIAN","1 - CLEAR","45211",3,0.304,0.144095953470399,1040050,39.1614844789992,-84.6025283358671,"Westwood",204284
"2XX CALHOUN ST",39.127441,-84.517771,"18-25","CUF - HEIGHTS","FAIRVIEW","01/13/2017 11:34:00 PM +0000","01 - NOT AN INTERSECTION","2 - INJURY",2,"01/13/2017 11:34:00 PM +0000","FRI","M - MALE","4 - INCAPACITATING","821EEA79-7B13-424D-B6CE-B8D5E8A7B7AF","4 - DARK - LIGHTED ROADWAY","175000707","1 - NOT COLLISION BETWEEN TWO MOTOR VEHICLES IN TRANSPORT","02 - WET","1 - STRAIGHT LEVEL","2 - BLACKTOP, BITUMINOUS, ASPHALT","CUF","P - PEDESTRIAN","4 - RAIN","45221",4,0.141,0.183945045028763,660035,39.1277485378878,-84.5166782436926,"CUF",273417
"46XX NORTH EDGEWOOD AV",39.173061,-84.516041,"26-30","N/A","N/A","09/22/2016 06:50:00 AM +0000","02 - FOUR-WAY INTERSECTION","2 - INJURY",2,"09/22/2016 07:55:43 AM +0000","THU","F - FEMALE","1 - NO INJURY / NONE REPORTED","BA1EEC08-390A-435D-BF6E-0659DD6819A8","2 - DAWN","165015447","1 - NOT COLLISION BETWEEN TWO MOTOR VEHICLES IN TRANSPORT","01 - DRY","1 - STRAIGHT LEVEL","2 - BLACKTOP, BITUMINOUS, ASPHALT","N/A","P - PEDESTRIAN","1 - CLEAR","45232",1,10.082,0.155608219480072,660055,39.1727485780795,-84.51667824361,"Winton Place",204406
"20XX BEECHMONT AV",39.090237,-84.386852,"41-50","N/A","N/A","07/28/2014 02:05:14 PM +0000","10 - DRIVEWAY/ALLEY ACCESS","2 - INJURY",2,"08/01/2014 11:05:15 AM +0000","MON","M - MALE","2 - POSSIBLE","A9C57BB2-48C5-4507-A0E2-359ADF0C94E6","1 - DAYLIGHT","145006762","1 - NOT COLLISION BETWEEN TWO MOTOR VEHICLES IN TRANSPORT","01 - DRY","2 - STRAIGHT GRADE","1 - CONCRETE","N/A","P - PEDESTRIAN","1 - CLEAR","45230",2,1.103,0.126062631841409,90018,39.0894015884105,-84.3879032331294,"Mt. Washington",274624
"1XX E 5TH ST",39.101219,-84.510998,"UNDER 18","N/A","N/A","09/22/2016 03:10:00 PM +0000","01 - NOT AN INTERSECTION","2 - INJURY",2,"09/22/2016 03:10:00 PM +0000","THU","F - FEMALE","2 - POSSIBLE","845E5700-04A4-43A5-A097-0877B4EC855B","1 - DAYLIGHT","165015494","1 - NOT COLLISION BETWEEN TWO MOTOR VEHICLES IN TRANSPORT","01 - DRY","1 - STRAIGHT LEVEL","1 - CONCRETE","N/A","P - PEDESTRIAN","1 - CLEAR","45202",2,1.103,0.218666160415596,630023,39.1007469440215,-84.5099006046997,"Central Business District",273189
"3XX DIXMYTH AV",39.140938,-84.522281,"UNDER 18","CUF","CLIFTON/UNIVERSITY HEIGHTS","11/12/2015 03:40:00 PM +0000","12 - SHARED-USE PATHS OR TRAILS","2 - INJURY",2,"11/12/2015 05:17:00 PM +0000","THU","M - MALE","2 - POSSIBLE","F767DBCD-1798-42DA-9F14-23DA247B6C07","1 - DAYLIGHT","155016527","1 - NOT COLLISION BETWEEN TWO MOTOR VEHICLES IN TRANSPORT","01 - DRY","1 - STRAIGHT LEVEL","1 - CONCRETE","CUF","P - PEDESTRIAN","1 - CLEAR","45220",2,1.103,0.209845136997768,680041,39.1412493786237,-84.5211966698563,"Clifton",200052
"21XX FERGUSON RD",39.123672,-84.600623,"18-25","WEST PRICE HILL","WEST PRICE HILL","12/22/2017 05:08:00 PM +0000","02 - FOUR-WAY INTERSECTION","2 - INJURY",2,"12/22/2017 05:10:00 PM +0000","FRI","M - MALE","4 - INCAPACITATING","A7492544-1C3C-4EF9-96E1-55FDA6C167EF","4 - DARK - LIGHTED ROADWAY","175019481","1 - NOT COLLISION BETWEEN TWO MOTOR VEHICLES IN TRANSPORT","02 - WET","1 - STRAIGHT LEVEL","2 - BLACKTOP, BITUMINOUS, ASPHALT","WEST PRICE HILL","P - PEDESTRIAN","4 - RAIN","45238",4,0.141,0.112246244027341,1030033,39.1232356260881,-84.6002691235868,"West Price HIll",275981
"8XX CLARK ST",39.107516,-84.528524,"18-25","WEST END","WEST  END","12/22/2017 09:40:00 PM +0000","01 - NOT AN INTERSECTION","2 - INJURY",2,"12/22/2017 09:49:00 PM +0000","FRI","F - FEMALE","3 - NON-INCAPACITATING","93CD46A0-130D-40CC-9673-C275284103FE","5 - DARK – ROADWAY NOT LIGHTED","175019490","1 - NOT COLLISION BETWEEN TWO MOTOR VEHICLES IN TRANSPORT","02 - WET","1 - STRAIGHT LEVEL","2 - BLACKTOP, BITUMINOUS, ASPHALT","WEST END","P - PEDESTRIAN","4 - RAIN","45203",3,0.304,0.117782205634713,710026,39.1075002637932,-84.5279743093535,"West End",276647
"3XX RACE",39.099123,-84.513541,"18-25","N/A","N/A","05/24/2014 11:00:00 PM +0000","02 - FOUR-WAY INTERSECTION","2 - INJURY",2,"05/24/2014 11:01:00 PM +0000","SAT","F - FEMALE","3 - NON-INCAPACITATING","9947E053-0981-4060-8FC9-94D0C676A259","4 - DARK - LIGHTED ROADWAY","145003962","1 - NOT COLLISION BETWEEN TWO MOTOR VEHICLES IN TRANSPORT","01 - DRY","1 - STRAIGHT LEVEL","1 - CONCRETE","N/A","P - PEDESTRIAN","1 - CLEAR","45202",3,0.304,0.190398872345146,650022,39.0984980320062,-84.5144190306992,"Central Business District",273189
"67XX MADISON RD",39.159611,-84.381993,"51-60","N/A","N/A","02/25/2017 03:35:33 AM +0000","02 - FOUR-WAY INTERSECTION","2 - INJURY",2,"02/25/2017 03:41:50 AM +0000","SAT","M - MALE","3 - NON-INCAPACITATING","E4D0A95A-D4EB-46EC-B800-BF6405099789","4 - DARK - LIGHTED ROADWAY","175002752","9 - UNKNOWN","01 - DRY","1 - STRAIGHT LEVEL","2 - BLACKTOP, BITUMINOUS, ASPHALT","N/A","P - PEDESTRIAN","1 - CLEAR","45227",3,0.304,0.100293764298224,60049,39.1591425728376,-84.3811256133095,"Madisonville",201948
"11XX MAIN ST",39.108755,-84.511748,"26-30","OTR","OVER-THE-RHINE","08/27/2018 11:15:00 AM +0000","02 - FOUR-WAY INTERSECTION","2 - INJURY",2,"08/27/2018 11:20:00 AM +0000","MON","M - MALE","2 - POSSIBLE","7862C9DC-CE42-4C4D-A463-B1D13C23C158","1 - DAYLIGHT","185011949","1 - NOT COLLISION BETWEEN TWO MOTOR VEHICLES IN TRANSPORT","01 - DRY","1 - STRAIGHT LEVEL","2 - BLACKTOP, BITUMINOUS, ASPHALT","OVER-THE-RHINE","P - PEDESTRIAN","1 - CLEAR","45202",2,1.103,0.100690357949897,640027,39.1097475188569,-84.5121598176614,"Over-The-Rhine",202750
"21XX SEYMOUR AV",39.181946,-84.456273,"31-40","ROSELAWN","BONDHILL","12/19/2016 06:52:00 AM +0000","01 - NOT AN INTERSECTION","2 - INJURY",2,"12/19/2016 06:53:00 AM +0000","MON","M - MALE","3 - NON-INCAPACITATING","B4A2805C-82C9-4A11-8BBC-D3B674CF1F76","6 - DARK – UNKNOWN ROADWAY LIGHTING","165021160","1 - NOT COLLISION BETWEEN TWO MOTOR VEHICLES IN TRANSPORT","01 - DRY","1 - STRAIGHT LEVEL","2 - BLACKTOP, BITUMINOUS, ASPHALT","ROSELAWN","P - PEDESTRIAN","1 - CLEAR","45237",3,0.304,0.118155277499543,390059,39.1817203166209,-84.4556795106036,"Bond Hill",199607
"4XX LUDLOW AV",39.14324,-84.52421,"31-40","CLIFTON","CLIFTON","03/20/2014 08:54:00 AM +0000","03 - T-INTERSECTION","2 - INJURY",2,"03/20/2014 08:54:00 AM +0000","THU","F - FEMALE","3 - NON-INCAPACITATING","A38E84C6-D508-4453-85D7-74089ED66A82","1 - DAYLIGHT","145002210","1 - NOT COLLISION BETWEEN TWO MOTOR VEHICLES IN TRANSPORT","01 - DRY","1 - STRAIGHT LEVEL","2 - BLACKTOP, BITUMINOUS, ASPHALT","CLIFTON","P - PEDESTRIAN","1 - CLEAR","45220",3,0.304,0.0970959547151761,690042,39.1434997295589,-84.5234558829843,"Clifton",200052
"XX E MCMILLAN",39.127,-84.50829,"18-25","N/A","N/A","02/05/2013 01:30:00 AM +0000","01 - NOT AN INTERSECTION","3 - PROPERTY DAMAGE ONLY (PDO)",3,"02/05/2013 09:43:00 PM +0000","TUE","F - FEMALE","1 - NO INJURY / NONE REPORTED","0DAF3A51-ADE0-41C4-8BEE-6594FA9F5901","5 - DARK – ROADWAY NOT LIGHTED","135001798","1 - NOT COLLISION BETWEEN TWO MOTOR VEHICLES IN TRANSPORT","01 - DRY","3 - CURVE LEVEL","1 - CONCRETE","N/A","P - PEDESTRIAN","1 - CLEAR","45219",1,10.082,0.216213906420367,620035,39.1277463574527,-84.5076413916964,"Corryville",200172
"31XX READING RD",39.136903,-84.497287,"26-30","AVONDALE","AVONDALE","06/17/2014 12:21:00 PM +0000","01 - NOT AN INTERSECTION","2 - INJURY",2,"06/17/2014 12:21:00 PM +0000","TUE","M - MALE","2 - POSSIBLE","A9565925-8C23-428C-93D5-1FB3632D3B95","1 - DAYLIGHT","145004860","7 - SIDESWIPE, SAME DIRECTION","01 - DRY","4 - CURVE GRADE","2 - BLACKTOP, BITUMINOUS, ASPHALT","AVONDALE","P - PEDESTRIAN","1 - CLEAR","45229",2,1.103,0.103160318257744,570039,39.1367426583912,-84.4963453276102,"Avondale",199345
"31XX BURNET AV",39.136216,-84.500266,"51-60","N/A","N/A","09/02/2018 09:17:00 AM +0000","01 - NOT AN INTERSECTION","2 - INJURY",2,"09/02/2018 09:17:00 AM +0000","SUN","M - MALE","3 - NON-INCAPACITATING","CFC3C047-7588-4353-93F5-BE452A929572","1 - DAYLIGHT","185012290","2 - REAR-END","01 - DRY","1 - STRAIGHT LEVEL","2 - BLACKTOP, BITUMINOUS, ASPHALT","N/A","P - PEDESTRIAN","1 - CLEAR","45229",3,0.304,0.0954384293094114,590039,39.1367442720186,-84.5008637530924,"Corryville",200172
"6XX GHOLSON",39.150461,-84.495058,"51-60","AVONDALE - NORTH AVONDALE","NORTH AVONDALE","01/24/2015 09:41:00 AM +0000","02 - FOUR-WAY INTERSECTION","2 - INJURY",2,"01/24/2015 09:46:00 AM +0000","SAT","F - FEMALE","3 - NON-INCAPACITATING","CD2AE82D-A49A-4EF3-8C3E-051567469695","1 - DAYLIGHT","155000964","1 - NOT COLLISION BETWEEN TWO MOTOR VEHICLES IN TRANSPORT","01 - DRY","1 - STRAIGHT LEVEL","2 - BLACKTOP, BITUMINOUS, ASPHALT","AVONDALE","P - PEDESTRIAN","1 - CLEAR","45229",3,0.304,0.114063215194492,560045,39.150241797571,-84.4940861149112,"North Avondale",274686
"71XX DILLWARD AV",39.197715,-84.484231,"18-25","CARTHAGE","CARTHAGE","05/02/2015 04:58:00 AM +0000","01 - NOT AN INTERSECTION","2 - INJURY",2,"05/02/2015 05:00:00 AM +0000","SAT","M - MALE","4 - INCAPACITATING","BE8AADB6-C8C3-44CD-8F56-A8EE6A4CB397","4 - DARK - LIGHTED ROADWAY","155006028","1 - NOT COLLISION BETWEEN TWO MOTOR VEHICLES IN TRANSPORT","01 - DRY","1 - STRAIGHT LEVEL","2 - BLACKTOP, BITUMINOUS, ASPHALT","CARTHAGE","P - PEDESTRIAN","1 - CLEAR","45216",4,0.141,0.116272526509104,520066,39.197487910546,-84.4850492647153,"Carthage",199885
"17XX WYOMING AV",39.120936,-84.573827,"UNDER 18","N/A","N/A","03/23/2014 04:40:00 PM +0000","01 - NOT AN INTERSECTION","2 - INJURY",2,"03/23/2014 04:46:00 PM +0000","SUN","M - MALE","3 - NON-INCAPACITATING","80FC616F-F616-41B8-BEB3-FEF00ECF6C27","1 - DAYLIGHT","145002297","1 - NOT COLLISION BETWEEN TWO MOTOR VEHICLES IN TRANSPORT","01 - DRY","2 - STRAIGHT GRADE","2 - BLACKTOP, BITUMINOUS, ASPHALT","N/A","P - PEDESTRIAN","1 - CLEAR","45205",3,0.304,0.138937774010079,910032,39.1209963514993,-84.5731585722115,"West Price HIll",275981
"21XX CENTRAL PY",39.119953,-84.525489,"51-60","N/A","N/A","12/10/2013 05:58:00 PM +0000","01 - NOT AN INTERSECTION","1 - FATAL INJURY",1,"12/10/2013 05:58:00 PM +0000","TUE","F - FEMALE","5 - FATAL","052CC2EF-0F3F-4522-9DD9-BD288A48CB59","4 - DARK - LIGHTED ROADWAY","135012742","1 - NOT COLLISION BETWEEN TWO MOTOR VEHICLES IN TRANSPORT","01 - DRY","1 - STRAIGHT LEVEL","2 - BLACKTOP, BITUMINOUS, ASPHALT","N/A","P - PEDESTRIAN","1 - CLEAR","45214",5,0.046,0.159168848320911,700032,39.1210000144559,-84.5257150961681,"Over-The-Rhine",202750
"30XX GLENMORE AV",39.140195,-84.614579,"61-70","N/A","N/A","05/16/2018 06:46:00 PM +0000","02 - FOUR-WAY INTERSECTION","2 - INJURY",2,"05/16/2018 06:51:00 PM +0000","WED","F - FEMALE","3 - NON-INCAPACITATING","83A0BF4D-2C0D-4BE1-9F26-525B6D09CF94","1 - DAYLIGHT","185006850","1 - NOT COLLISION BETWEEN TWO MOTOR VEHICLES IN TRANSPORT","02 - WET","1 - STRAIGHT LEVEL","2 - BLACKTOP, BITUMINOUS, ASPHALT","N/A","P - PEDESTRIAN","1 - CLEAR","45211",3,0.304,0.0883069931771373,1090041,39.1412279210317,-84.6138243956165,"Westwood",204284
"19XX LINN ST",39.116831,-84.526267,"UNKNOWN","WEST END","WEST  END","04/22/2016 05:50:00 PM +0000","01 - NOT AN INTERSECTION","3 - PROPERTY DAMAGE ONLY (PDO)",3,"04/22/2016 06:10:00 PM +0000","FRI","","1 - NO INJURY / NONE REPORTED","1A417973-428B-412E-8643-0436288C6632","1 - DAYLIGHT","165006154","1 - NOT COLLISION BETWEEN TWO MOTOR VEHICLES IN TRANSPORT","01 - DRY","1 - STRAIGHT LEVEL","1 - CONCRETE","WEST END","P - PEDESTRIAN","1 - CLEAR","45214",1,10.082,0.13625716508119,700030,39.1165000103669,-84.5257150961743,"West End",276647
"64XX BEECHMONT AV",39.089114,-84.378574,"OVER 70","N/A","N/A","03/29/2014 12:30:00 PM +0000","01 - NOT AN INTERSECTION","2 - INJURY",2,"03/29/2014 01:51:00 PM +0000","SAT","M - MALE","3 - NON-INCAPACITATING","3D6C13CC-0E9C-4498-A1D3-4AA5163B5023","1 - DAYLIGHT","145002445","1 - NOT COLLISION BETWEEN TWO MOTOR VEHICLES IN TRANSPORT","02 - WET","1 - STRAIGHT LEVEL","2 - BLACKTOP, BITUMINOUS, ASPHALT","N/A","P - PEDESTRIAN","4 - RAIN","45230",3,0.304,0.195631318319047,50018,39.0893894685901,-84.3788664072585,"Mt. Washington",274624
"33XX READING RD",39.13836,-84.495021,"18-25","AVONDALE","AVONDALE","10/16/2013 02:30:00 PM +0000","03 - T-INTERSECTION","2 - INJURY",2,"10/16/2013 02:31:00 PM +0000","WED","F - FEMALE","3 - NON-INCAPACITATING","0F3E00B4-821F-4A9A-A385-93DB9CDF7894","1 - DAYLIGHT","135011140","6 - ANGLE","01 - DRY","1 - STRAIGHT LEVEL","1 - CONCRETE","AVONDALE","P - PEDESTRIAN","2 - CLOUDY","45229",3,0.304,0.205380520014206,560040,39.1389917880638,-84.4940861149431,"Avondale",199345
"44XX MARBURG AV",39.153957,-84.425763,"41-50","N/A","N/A","05/14/2015 07:36:00 AM +0000","01 - NOT AN INTERSECTION","2 - INJURY",2,"05/14/2015 07:40:00 AM +0000","THU","M - MALE","2 - POSSIBLE","14B6CA11-91EE-41EE-BEB1-71C44C576375","1 - DAYLIGHT","155006602","1 - NOT COLLISION BETWEEN TWO MOTOR VEHICLES IN TRANSPORT","01 - DRY","1 - STRAIGHT LEVEL","2 - BLACKTOP, BITUMINOUS, ASPHALT","N/A","P - PEDESTRIAN","1 - CLEAR","45209",2,1.103,0.105124130919411,260047,39.1546953490388,-84.4263097743181,"Oakley",202657
"12XX MAIN ST",39.110409,-84.510911,"26-30","N/A","N/A","10/02/2015 11:40:00 PM +0000","01 - NOT AN INTERSECTION","3 - PROPERTY DAMAGE ONLY (PDO)",3,"10/02/2015 11:45:00 PM +0000","FRI","F - FEMALE","1 - NO INJURY / NONE REPORTED","3CBDCF79-F9EF-4C13-AC71-3EA81CDC158D","4 - DARK - LIGHTED ROADWAY","155014317","1 - NOT COLLISION BETWEEN TWO MOTOR VEHICLES IN TRANSPORT","02 - WET","1 - STRAIGHT LEVEL","2 - BLACKTOP, BITUMINOUS, ASPHALT","N/A","P - PEDESTRIAN","4 - RAIN","45202",1,10.082,0.111039151232734,630027,39.1097469520179,-84.5099006046804,"Pendleton",202841
"54XX WINNESTE AV",39.188701,-84.514101,"41-50","WINTON HILLS","WINTON HILLS","08/30/2017 04:45:00 PM +0000","01 - NOT AN INTERSECTION","2 - INJURY",2,"08/30/2017 07:58:00 PM +0000","WED","F - FEMALE","2 - POSSIBLE","103420F7-5CD6-4F6A-B220-0AB671B22058","1 - DAYLIGHT","175013040","1 - NOT COLLISION BETWEEN TWO MOTOR VEHICLES IN TRANSPORT","01 - DRY","1 - STRAIGHT LEVEL","2 - BLACKTOP, BITUMINOUS, ASPHALT","WINTON HILLS","P - PEDESTRIAN","1 - CLEAR","45232",2,1.103,0.15033936374547,650062,39.1884981121684,-84.5144190305245,"Winton Hills",276110
"19XX W 8TH ST",39.10442,-84.548781,"41-50","N/A","N/A","12/23/2014 11:53:00 PM +0000","01 - NOT AN INTERSECTION","1 - FATAL INJURY",1,"12/23/2014 11:53:00 PM +0000","TUE","F - FEMALE","5 - FATAL","E1D8D8DD-7708-4CAD-9B30-379C2319FE1F","4 - DARK - LIGHTED ROADWAY","145013515","2 - REAR-END","02 - WET","1 - STRAIGHT LEVEL","1 - CONCRETE","N/A","P - PEDESTRIAN","4 - RAIN","45204",5,0.046,0.0990365555910191,800025,39.1052506541529,-84.5483072282107,"Lower Price Hill",276431
"9XX ENRIGHT AV",39.109006,-84.573261,"61-70","EAST PRICE HILL","EAST PRICE HILL","08/17/2018 01:30:00 PM +0000","10 - DRIVEWAY/ALLEY ACCESS","2 - INJURY",2,"08/17/2018 01:30:00 PM +0000","FRI","M - MALE","2 - POSSIBLE","2F6C4DDD-EB79-4775-A1E4-B824BAB7AA5A","1 - DAYLIGHT","185011487","1 - NOT COLLISION BETWEEN TWO MOTOR VEHICLES IN TRANSPORT","01 - DRY","1 - STRAIGHT LEVEL","2 - BLACKTOP, BITUMINOUS, ASPHALT","EAST PRICE HILL","P - PEDESTRIAN","2 - CLOUDY","45205",2,1.103,0.168661136649588,910027,39.1097463415707,-84.5731585722005,"East Price Hill",273561